Date,Category,Net worth,Assets,Real estate,Consumer durables,Corporate equities and mutual fund shares,DB pension entitlements,DC pension entitlements,Private businesses,Other assets,Liabilities,Home mortgages,Consumer credit,Other liabilities
1989:Q3,College,10004594,11425459,2960788,796812,1376247,1528416,559407,1627062,2576726,1420865,1044504,274668,101693
1989:Q3,SomeCollege,3956153,4716235,1490569,423493,331093,681527,178636,535845,1075072,760082,543547,192194,24341
1989:Q3,HS,4177727,4892872,1527888,482828,261617,833173,180541,528396,1078429,715145,462512,228657,23976
1989:Q3,NoHS,2285278,2539622,913454,193218,86731,434850,89222,278323,543825,254344,160127,88689,5528
1989:Q4,College,10448072,11939980,3104588,826639,1428532,1602364,598232,1675610,2704014,1491907,1094075,294688,103144
1989:Q4,SomeCollege,3960359,4727765,1475490,424459,338102,699778,182098,536249,1071589,767406,548397,195156,23853
1989:Q4,HS,4167632,4882822,1531940,474647,265235,839871,185316,517542,1068271,715190,461376,230330,23484
1989:Q4,NoHS,2228553,2479129,882298,200030,86171,422119,84342,267430,536739,250577,156267,89111,5199
1990:Q1,College,10665195,12226486,3200972,866386,1351976,1663257,616692,1721584,2805619,1561291,1152048,301678,107565
1990:Q1,SomeCollege,3962755,4734405,1480798,427916,321968,716401,180666,539723,1066934,771651,558387,188669,24595
1990:Q1,HS,4117997,4828889,1513502,475471,245448,843457,184891,509946,1056174,710892,468994,218861,23037
1990:Q1,NoHS,2160339,2404425,854775,197356,79511,409365,78470,258028,526920,244085,155482,83112,5491
1990:Q2,College,10964003,12586619,3297399,888178,1402170,1721377,643914,1755352,2878229,1622616,1200353,313516,108747
1990:Q2,SomeCollege,3978125,4757286,1466276,430648,333738,736701,184207,544108,1061609,779161,566574,188077,24510
1990:Q2,HS,4115676,4828738,1516445,469321,253013,851748,189247,503422,1045542,713062,474600,215981,22481
1990:Q2,NoHS,2107627,2347973,824649,204365,80132,398457,74181,249281,516908,240346,153883,81138,5325
1990:Q3,College,10958042,12630106,3366575,918276,1159310,1770613,643806,1784526,2987001,1672064,1240539,326867,104658
1990:Q3,SomeCollege,3971261,4760019,1484292,432565,288507,757305,178830,550663,1067857,788758,576223,189489,23046
1990:Q3,HS,4052186,4768191,1504036,468535,206728,859849,185129,499115,1044799,716005,478404,215666,21935
1990:Q3,NoHS,2037777,2274003,803280,196871,66694,388039,67890,241515,509715,236226,151571,80279,4376
1990:Q4,College,11343580,13063852,3403562,941486,1302723,1816673,679863,1808702,3110842,1720271,1272501,339438,108332
1990:Q4,SomeCollege,4053352,4856241,1487834,435774,323753,780942,185020,559110,1083808,802889,588025,190848,24016
1990:Q4,HS,4089500,4806548,1491616,467336,235307,871645,192711,496683,1051250,717048,480246,214963,21839
1990:Q4,NoHS,1996522,2228846,777410,194524,72988,378973,64229,234550,506172,232324,148483,79143,4698
1991:Q1,College,11726343,13476971,3456181,957971,1512191,1856033,723327,1812062,3159205,1750628,1300182,339953,110493
1991:Q1,SomeCollege,4143437,4952925,1485425,441935,373622,805664,193060,566510,1086709,809489,600271,184546,24672
1991:Q1,HS,4161511,4870934,1500419,466884,277794,884378,202449,493391,1045619,709423,483068,204351,22004
1991:Q1,NoHS,1976915,2200699,753502,201038,82333,370490,60658,227495,505182,223784,145630,73356,4798
1991:Q2,College,11767530,13559013,3493640,971726,1491123,1892952,743820,1807018,3158733,1791483,1336261,345516,109706
1991:Q2,SomeCollege,4184928,5007937,1495448,445849,379532,833436,196366,574969,1082337,823009,614797,183509,24703
1991:Q2,HS,4173311,4889835,1506313,465361,278377,900759,207295,491166,1040564,716524,493700,201273,21551
1991:Q2,NoHS,1932328,2153252,733379,200771,81145,363156,56447,220933,497421,220924,145355,71008,4561
1991:Q3,College,11946792,13765036,3520755,991137,1587981,1925401,777799,1789625,3172338,1818244,1352336,349531,116377
1991:Q3,SomeCollege,4289261,5120120,1525360,450179,411042,863093,203691,583665,1083090,830859,620568,183246,27045
1991:Q3,HS,4226335,4946078,1508512,468164,302934,919165,216402,489241,1041660,719743,498208,200228,21307
1991:Q3,NoHS,1897283,2115114,719026,193963,85634,356505,52735,214605,492646,217831,142856,69495,5480
1991:Q4,College,12317925,14179472,3563870,1000093,1871291,1954411,817276,1766268,3206263,1861547,1379909,357515,124123
1991:Q4,SomeCollege,4429590,5279878,1547463,455081,481582,895003,213323,593578,1093848,850288,634520,185951,29817
1991:Q4,HS,4335607,5069674,1529982,468167,365253,940090,227922,488454,1049805,734067,510160,202639,21268
1991:Q4,NoHS,1878895,2097710,705285,194048,98402,350586,49227,208726,491437,218815,142767,69476,6572
1992:Q1,College,12279363,14153315,3616607,1002920,1811783,1990599,822837,1751091,3157478,1873952,1400294,351741,121917
1992:Q1,SomeCollege,4502116,5354523,1564699,461525,486931,934452,214136,607043,1085737,852407,642226,180492,29689
1992:Q1,HS,4391717,5131704,1565724,467801,363701,970513,230947,490769,1042248,739987,522509,195848,21630
1992:Q1,NoHS,1851165,2065286,692238,199849,96555,346884,44644,203778,481339,214121,142693,65272,6156
1992:Q2,College,12236434,14129796,3628602,1008294,1791834,2019055,841204,1726323,3114483,1893361,1414127,352772,126462
1992:Q2,SomeCollege,4586897,5450029,1579023,469412,501777,974059,219681,620860,1085217,863132,651273,180120,31739
1992:Q2,HS,4460773,5211442,1589089,470760,371308,1002995,238733,493343,1045213,750669,533325,195540,21804
1992:Q2,NoHS,1837397,2050087,676496,204612,96729,352388,40719,198937,480206,212690,141970,63900,6820
1992:Q3,College,12353275,14272525,3650304,1022916,1853891,2043913,870144,1709674,3121683,1919250,1434704,358405,126141
1992:Q3,SomeCollege,4731787,5617115,1632038,475158,535556,1015433,228492,638029,1092409,885328,670416,182418,32494
1992:Q3,HS,4560707,5328097,1610040,477629,396954,1037367,250054,498694,1057359,767390,547908,197559,21923
1992:Q3,NoHS,1824212,2036827,671605,195840,100711,358241,36931,194811,478688,212616,142299,63551,6766
1992:Q4,College,12660562,14595726,3665132,1018992,2102860,2083693,890237,1701543,3133268,1935164,1447334,360273,127557
1992:Q4,SomeCollege,4861271,5767139,1662133,487722,598817,1039684,241995,637859,1098929,905868,681756,192555,31557
1992:Q4,HS,4700780,5495451,1646387,491046,448889,1073819,265098,498734,1071477,794670,566121,205432,23117
1992:Q4,NoHS,1860804,2078944,682985,195494,109200,370377,41331,198118,481439,218140,145143,66508,6489
1993:Q1,College,12780689,14706565,3663540,993077,2177867,2102369,921331,1729805,3118577,1925876,1443432,348159,134285
1993:Q1,SomeCollege,4917395,5829437,1636339,502366,628156,1055010,258268,644733,1104565,912042,686637,193007,32398
1993:Q1,HS,4825566,5629789,1699713,496404,467282,1099208,283138,505176,1078868,804223,578232,201671,24320
1993:Q1,NoHS,1898551,2115915,681332,214553,110612,380044,45565,203135,480673,217364,145887,64424,7053
1993:Q2,College,12829721,14767389,3674443,992727,2211308,2119444,932637,1744417,3092413,1937667,1456827,345946,134894
1993:Q2,SomeCollege,5009337,5943258,1676265,516832,650253,1071258,269435,649575,1109639,933920,701847,200703,31370
1993:Q2,HS,4923202,5754555,1740327,513808,478438,1126399,296226,510383,1088974,831354,599725,206176,25453
1993:Q2,NoHS,1928833,2150797,696056,212885,110558,390015,49334,207971,483977,221964,149429,65838,6697
1993:Q3,College,12963279,14920522,3680878,993830,2311996,2136251,948759,1764576,3084232,1957243,1466477,347991,142775
1993:Q3,SomeCollege,5123970,6087679,1723515,531039,688170,1088694,282905,655580,1117776,963709,719168,211726,32815
1993:Q3,HS,5043471,5904216,1779587,532084,504609,1155789,311501,517043,1103603,860745,619981,214263,26501
1993:Q3,NoHS,1960441,2188985,712320,208926,113406,400357,53336,213279,487361,228544,152390,68688,7466
1993:Q4,College,13136811,15111788,3697459,990243,2418227,2150050,953615,1789093,3113101,1974977,1471968,354622,148387
1993:Q4,SomeCollege,5232754,6226652,1754723,548070,728783,1105236,292085,662318,1135437,993897,732296,228047,33554
1993:Q4,HS,5175392,6072008,1832862,550233,533103,1184787,323007,524798,1123218,896616,639808,229229,27579
1993:Q4,NoHS,1994997,2232272,726213,213532,116587,410514,56599,218960,489866,237275,155106,74271,7898
1994:Q1,College,13121894,15091432,3708337,974203,2290403,2162938,949594,1829250,3176707,1969538,1471233,347867,150438
1994:Q1,SomeCollege,5271198,6281866,1755267,564193,717151,1121480,298210,671656,1153910,1010668,745014,232539,33115
1994:Q1,HS,5284177,6199588,1895822,562052,512312,1214196,331727,535195,1148284,915410,656492,229659,29259
1994:Q1,NoHS,2026434,2264784,733717,225590,110480,420634,59446,225347,489571,238350,156730,73812,7808
1994:Q2,College,13119548,15102280,3718478,970211,2222491,2175395,957955,1866946,3190804,1982732,1478690,351114,152928
1994:Q2,SomeCollege,5330841,6368186,1783221,580533,717651,1137082,307591,680014,1162094,1037344,757586,246892,32866
1994:Q2,HS,5380552,6332384,1949025,579479,503805,1243609,343829,545258,1167379,951832,678467,242299,31066
1994:Q2,NoHS,2049940,2295878,746842,229324,106786,430608,62317,231714,488286,245938,159879,78276,7783
1994:Q3,College,13225747,15222206,3716246,974020,2254357,2190762,978386,1889216,3219219,1996458,1486840,356347,153271
1994:Q3,SomeCollege,5434455,6500157,1827512,596121,741336,1153417,321724,684633,1175415,1065702,770807,263146,31749
1994:Q3,HS,5492988,6483064,1988402,599833,516759,1274760,360347,552709,1190254,990076,700477,256982,32617
1994:Q3,NoHS,2077431,2331249,761940,226525,107101,440747,65767,237527,491643,253818,162925,83478,7415
1994:Q4,College,13280850,15304520,3710312,971461,2215660,2205100,961415,1923499,3317074,2023670,1495506,366486,161678
1994:Q4,SomeCollege,5489696,6590502,1853409,610137,746676,1167396,321471,690364,1201048,1100806,782118,284977,33711
1994:Q4,HS,5576015,6611169,2029867,615734,513544,1303769,363392,561549,1223314,1035154,722436,278414,34304
1994:Q4,NoHS,2092235,2357674,772776,226831,104490,450236,67482,243657,492202,265438,165880,91290,8268
1995:Q1,College,13505600,15523937,3704260,970999,2352965,2226663,995744,1951994,3321312,2018338,1496070,361518,160750
1995:Q1,SomeCollege,5604587,6718010,1868347,626089,795580,1183442,340004,693515,1211033,1113423,790499,290856,32068
1995:Q1,HS,5725898,6781182,2071331,633112,549233,1336134,384115,568713,1238544,1055284,738345,280765,36174
1995:Q1,NoHS,2133105,2399195,781000,230499,108809,460110,71259,249379,498140,266090,167012,91408,7670
1995:Q2,College,13766712,15805048,3702618,977454,2506272,2260957,1034394,1976050,3347303,2038336,1506994,367597,163745
1995:Q2,SomeCollege,5739101,6881515,1919309,636311,847630,1203434,360891,693999,1219941,1142414,804292,306162,31960
1995:Q2,HS,5841011,6930907,2096883,649388,587938,1360155,406777,574107,1255659,1089896,757888,293714,38294
1995:Q2,NoHS,2161398,2433816,795202,221166,113464,470456,75527,254634,503367,272418,169128,95653,7637
1995:Q3,College,13996782,16068943,3618825,980747,2700135,2297496,1081995,2014114,3375631,2072161,1523575,375268,173318
1995:Q3,SomeCollege,5823934,6997232,1917467,645894,908335,1220855,383438,695051,1226192,1173298,815335,323640,34323
1995:Q3,HS,5915839,7044723,2084731,662603,634767,1381482,431155,580355,1269630,1128884,779133,309677,40074
1995:Q3,NoHS,2169018,2450310,792114,215745,119286,479935,79556,259921,503752,281292,171728,101015,8549
1995:Q4,College,14478947,16582804,3656091,992686,2945820,2355223,1127479,2048408,3457097,2103857,1536167,394577,173113
1995:Q4,SomeCollege,5980018,7202038,1957072,652953,955897,1248720,406653,712704,1268039,1222020,840603,345839,35578
1995:Q4,HS,6000097,7141643,2095066,666256,679662,1388060,440579,591286,1280735,1141546,775006,322354,44186
1995:Q4,NoHS,2130888,2412203,784949,217360,119803,468097,78812,250212,492970,281314,168148,105389,7777
1996:Q1,College,14876974,17023096,3714562,1007593,3101667,2414805,1173301,2071946,3539222,2146122,1563804,398526,183792
1996:Q1,SomeCollege,6102643,7363246,1992117,661656,978453,1273194,428999,726463,1302363,1260602,871438,349149,40015
1996:Q1,HS,6078564,7211056,2112557,671125,702179,1390545,448601,599107,1286942,1132491,776770,313214,42507
1996:Q1,NoHS,2096721,2373107,777871,222048,116672,455359,77897,239859,483401,276386,166294,101318,8774
1996:Q2,College,15205103,17396857,3767099,1024404,3250583,2478220,1206017,2081288,3589245,2191754,1592903,412142,186709
1996:Q2,SomeCollege,6202357,7504630,2043056,664267,997040,1295811,445079,735726,1323652,1302273,896184,363838,42251
1996:Q2,HS,6103597,7245653,2114036,672258,721406,1391024,450490,603402,1293037,1142056,778108,317968,45980
1996:Q2,NoHS,2043857,2319386,772386,217902,113165,442222,76347,228899,468465,275529,164466,102632,8431
1996:Q3,College,15470075,17710053,3829085,1044142,3293917,2545052,1246917,2100768,3650172,2239978,1625905,426081,187992
1996:Q3,SomeCollege,6266938,7608386,2085422,668855,988250,1316607,462923,745401,1340929,1341448,920210,377864,43374
1996:Q3,HS,6107109,7257342,2118562,675122,715786,1389710,453792,608234,1296136,1150233,779875,322172,48186
1996:Q3,NoHS,1991904,2266328,765804,217101,106213,428827,74859,218223,455301,274424,162849,103729,7846
1996:Q4,College,16042130,18333513,3902078,1056582,3480156,2608585,1354726,2179502,3751884,2291383,1656440,444057,190886
1996:Q4,SomeCollege,6363742,7745992,2097255,673720,1011946,1331578,500969,765244,1365280,1382250,943004,394552,44694
1996:Q4,HS,6172898,7328033,2135570,673848,740434,1381855,475913,621557,1298855,1155135,778264,329364,47507
1996:Q4,NoHS,1948313,2222201,754810,223843,103911,414440,73738,209376,442083,273888,160424,105905,7559
1997:Q1,College,16297888,18627065,3968245,1075952,3539509,2680938,1375262,2266338,3720821,2329176,1685817,444670,198689
1997:Q1,SomeCollege,6396491,7798978,2118114,678501,1004197,1349003,509387,785290,1354486,1402487,961749,392346,48392
1997:Q1,HS,6173124,7315744,2141099,675377,736505,1377747,470347,635318,1279350,1142619,775159,316440,51020
1997:Q1,NoHS,1907391,2173687,744945,227271,97838,400951,71721,200823,430138,266296,157749,100719,7828
1997:Q2,College,17242301,19628061,4047025,1095464,4128303,2762597,1517791,2304526,3772356,2385761,1720457,457708,207596
1997:Q2,SomeCollege,6617710,8054073,2163809,676725,1115064,1369536,565643,794727,1368570,1436363,981808,402442,52113
1997:Q2,HS,6318671,7462962,2142260,672845,843925,1378292,506444,640821,1278375,1144291,773970,317251,53070
1997:Q2,NoHS,1876936,2141501,740466,222007,106798,388548,73617,191044,419022,264566,155688,100638,8240
1997:Q3,College,17982983,20440392,4123807,1119959,4494443,2844290,1636516,2366588,3854789,2457410,1771699,472635,213076
1997:Q3,SomeCollege,6774893,8250465,2205786,677440,1171037,1387622,610663,807772,1390145,1475572,1008254,413204,54114
1997:Q3,HS,6407196,7557412,2141282,674019,901701,1376807,532595,649643,1281365,1150216,781182,319042,49992
1997:Q3,NoHS,1840272,2105360,735761,218642,108910,376141,74336,182189,409381,265087,155872,100924,8291
1997:Q4,College,18495417,21007752,4228601,1135327,4632075,2920136,1649674,2483024,3958916,2512336,1802802,488766,220768
1997:Q4,SomeCollege,6815070,8319607,2211049,681821,1175554,1400060,612127,830232,1408764,1504537,1019602,427399,57536
1997:Q4,HS,6434404,7591873,2167888,672834,910824,1369469,521390,666546,1282922,1157469,778203,325090,54176
1997:Q4,NoHS,1804128,2069180,727687,228045,104848,363163,71646,175057,398734,265052,153631,102910,8511
1998:Q1,College,19666207,22226074,4342952,1158277,5316362,3016213,1804275,2539856,4048140,2559868,1842447,488884,228537
1998:Q1,SomeCollege,7075052,8594155,2256056,681916,1292565,1423652,669176,840698,1430093,1519103,1034675,423879,60549
1998:Q1,HS,6629571,7778061,2185496,673099,1031079,1376933,558077,674247,1279130,1148490,779725,312863,55902
1998:Q1,NoHS,1793105,2052906,727695,226844,114683,353060,73215,166670,390739,259801,152643,98417,8741
1998:Q2,College,20199566,22835097,4488132,1181183,5467619,3097546,1835877,2591863,4172876,2635530,1891546,509124,234860
1998:Q2,SomeCollege,7152403,8712429,2303894,683442,1297053,1439082,679215,849824,1459918,1560026,1058638,438360,63028
1998:Q2,HS,6699898,7860806,2219776,674521,1041874,1401513,554063,681425,1287634,1160908,785235,319622,56051
1998:Q2,NoHS,1761972,2024164,731262,228608,110991,342853,71879,158552,380019,262192,152719,100638,8835
1998:Q3,College,19880627,22580978,4608225,1217434,4887080,3168583,1727990,2633130,4338536,2700351,1940121,525726,234504
1998:Q3,SomeCollege,7065370,8658148,2393079,681353,1154784,1447876,634830,856750,1489477,1592778,1080207,449595,62976
1998:Q3,HS,6543874,7716964,2226647,680916,908604,1419292,504102,687428,1289975,1173091,791414,323464,58213
1998:Q3,NoHS,1705022,1968098,741307,217066,90672,332121,66786,150593,369554,263077,153098,101933,8046
1998:Q4,College,21381165,24171975,4818578,1237367,5821714,3235326,1952772,2681816,4424403,2790811,2005021,546844,238946
1998:Q4,SomeCollege,7277227,8884367,2375352,684458,1308635,1472874,705783,850066,1487200,1607141,1086284,454519,66338
1998:Q4,HS,6796564,7998805,2274950,685702,1050717,1439483,564848,688072,1295033,1202241,807803,336819,57619
1998:Q4,NoHS,1759807,2028516,744035,226272,119574,346301,73405,153226,365703,268709,158335,103091,7283
1999:Q1,College,21685286,24547580,4990016,1266563,5842973,3289014,2015887,2683156,4459971,2862294,2063131,556370,242793
1999:Q1,SomeCollege,7274420,8881368,2394025,681622,1281534,1490182,715217,835206,1483582,1606948,1089726,447639,69583
1999:Q1,HS,6780587,7994844,2289454,692221,1015029,1451263,573394,682298,1291186,1214257,820909,338246,55102
1999:Q1,NoHS,1780728,2050307,751440,220901,126928,359517,76030,154878,360612,269578,162910,100144,6524
1999:Q2,College,22505792,25470684,5195975,1293626,6368503,3347033,2119537,2741764,4404246,2964892,2129331,574563,260998
1999:Q2,SomeCollege,7342790,8966225,2394163,684430,1350895,1510181,740406,831190,1454959,1623435,1096952,448617,77866
1999:Q2,HS,6895931,8135424,2328756,701233,1076016,1467135,595740,685592,1280953,1239493,838258,348232,53003
1999:Q2,NoHS,1819137,2095478,758759,225580,146501,373754,80034,158082,352767,276341,168657,100169,7515
1999:Q3,College,22551549,25615644,5401222,1330489,6104073,3393948,2074026,2865206,4446681,3064095,2206985,595516,261594
1999:Q3,SomeCollege,7274849,8913544,2430965,685165,1272580,1523686,709457,839193,1452498,1638695,1105733,452755,80207
1999:Q3,HS,6811202,8084888,2354897,713939,990877,1475253,570279,698941,1280703,1273686,862327,362092,49267
1999:Q3,NoHS,1835740,2119997,772756,221140,146276,387101,79832,163022,349869,284257,176179,101532,6546
1999:Q4,College,24391767,27568668,5614569,1356199,7349668,3466340,2273220,2933892,4574780,3176901,2270152,614395,292354
1999:Q4,SomeCollege,7572730,9224508,2431371,687193,1471113,1552016,772000,837631,1473184,1651779,1101136,457764,92879
1999:Q4,HS,7126331,8430546,2395779,722044,1182026,1502057,624640,704268,1299732,1304214,880731,377888,45595
1999:Q4,NoHS,1907375,2202580,781493,225685,184370,403713,87421,166673,353225,295205,182455,103575,9175
2000:Q1,College,25196311,28460603,5886982,1393315,7782025,3524162,2366470,2919903,4587745,3264291,2323883,620080,320328
2000:Q1,SomeCollege,7697195,9343384,2474482,691449,1518738,1571691,793180,821715,1472129,1646189,1090642,451146,104401
2000:Q1,HS,7250829,8569204,2452324,736543,1222837,1517614,643968,697225,1298692,1318375,894502,381184,42689
2000:Q1,NoHS,1961074,2261500,800995,226621,201885,418781,91568,168238,353413,300426,187704,101355,11367
2000:Q2,College,25160122,28509962,6182718,1428867,7403221,3573623,2351795,3030748,4538990,3349840,2400491,643065,306284
2000:Q2,SomeCollege,7629827,9284168,2516505,696274,1424258,1586409,774968,828309,1457445,1654341,1096016,456980,101345
2000:Q2,HS,7194842,8550801,2518551,750152,1118883,1526060,629069,708729,1299358,1355960,917360,398136,40464
2000:Q2,NoHS,1990719,2298102,821448,229419,197842,432892,92584,172945,350972,307383,195238,103591,8554
2000:Q3,College,25655989,29115043,6450219,1467138,7418258,3629996,2389691,3172871,4586870,3459054,2478157,671317,309580
2000:Q3,SomeCollege,7689740,9362498,2578784,696344,1400448,1604891,776767,840542,1464722,1672758,1100944,467389,104425
2000:Q3,HS,7207375,8604576,2560330,761700,1086525,1538057,630943,724525,1302497,1397201,939937,420741,36523
2000:Q3,NoHS,2023162,2341559,843176,223002,203693,447646,95302,178375,350365,318397,202773,107627,7997
2000:Q4,College,25406953,28940718,6758789,1497087,6557584,3677653,2307240,3263438,4878927,3533765,2546846,703714,283205
2000:Q4,SomeCollege,7562575,9245062,2598782,702256,1227264,1618226,735540,843932,1519062,1682487,1105787,479764,96936
2000:Q4,HS,7071036,8509690,2632014,771680,908890,1541756,595298,732089,1327963,1438654,955480,445490,37684
2000:Q4,NoHS,2038736,2363031,859133,230734,185245,461064,94155,182332,350368,324295,208670,112300,3325
2001:Q1,College,25325681,28908469,7228535,1528152,5885727,3735232,2156371,3326019,5048433,3582788,2611830,716430,254528
2001:Q1,SomeCollege,7527348,9198983,2686947,705561,1089547,1636895,674531,842745,1562757,1671636,1107732,474456,89448
2001:Q1,HS,7042778,8493035,2759579,779595,771603,1550153,541791,734812,1355502,1450257,967956,448975,33326
2001:Q1,NoHS,2087927,2413118,894698,233424,170802,475087,91632,185343,362132,325190,213842,109863,1485
2001:Q2,College,26243335,29954727,7503697,1558795,6407784,3798535,2248952,3390992,5045972,3711392,2713489,741362,256541
2001:Q2,SomeCollege,7651021,9350828,2724115,705406,1158031,1658748,694933,842269,1567326,1699807,1132134,475629,92044
2001:Q2,HS,7164190,8645813,2797353,784047,824585,1581964,558127,737034,1362703,1481623,994187,457935,29501
2001:Q2,NoHS,2128544,2461503,908665,230531,188800,486146,95189,188118,364054,332959,222391,109323,1245
2001:Q3,College,25595537,29479443,7779103,1594010,5413651,3853874,2087776,3453174,5297855,3883906,2815184,760065,308657
2001:Q3,SomeCollege,7491278,9220329,2776599,704810,970821,1675830,633330,841621,1617317,1729051,1141042,476628,111381
2001:Q3,HS,6962341,8480755,2824356,788765,647489,1604534,503430,737829,1374352,1518414,1022910,468562,26942
2001:Q3,NoHS,2108466,2452265,923239,223728,163531,495313,92116,190449,363889,343799,231364,109097,3338
2001:Q4,College,26737427,30676708,8008241,1621444,6137586,3941007,2191687,3434872,5341871,3939281,2884066,795664,259551
2001:Q4,SomeCollege,7674374,9447237,2833977,714764,1077501,1689966,662481,852158,1616390,1772863,1186535,495135,91193
2001:Q4,HS,7163225,8699783,2862978,797733,737013,1645447,534555,729130,1392927,1536558,1023344,486803,26411
2001:Q4,NoHS,2163511,2509748,950492,230319,178728,483929,92050,190302,383928,346237,230990,114224,1023
2002:Q1,College,27188519,31217947,8260853,1640797,6189931,4012893,2267667,3481310,5364497,4029429,2974365,795586,259478
2002:Q1,SomeCollege,7750648,9542584,2890955,721516,1071181,1695524,680016,874045,1609347,1791936,1211784,492596,87556
2002:Q1,HS,7249156,8800872,2908021,799935,726326,1672423,555308,728973,1409887,1551716,1041708,483443,26565
2002:Q1,NoHS,2191711,2539039,976570,236025,174479,469971,90237,191513,400244,347328,234551,111890,887
2002:Q2,College,26766908,30901350,8499045,1664711,5623468,4081550,2128062,3501241,5403273,4134442,3084345,810751,239346
2002:Q2,SomeCollege,7642810,9470177,2943623,731020,964925,1699432,632068,891951,1607158,1827367,1248702,501302,77363
2002:Q2,HS,7157634,8742613,2943625,804640,627459,1694988,519249,724551,1428101,1584979,1066532,492110,26337
2002:Q2,NoHS,2184756,2537906,999018,242601,153782,455061,83776,191803,411865,353150,239550,113481,119
2002:Q3,College,25968158,30229802,8723762,1700771,4610890,4151783,1971118,3553446,5518033,4261645,3201356,829534,230755
2002:Q3,SomeCollege,7512976,9391553,3040951,738600,788269,1704570,580746,915853,1622564,1878577,1297654,509712,71211
2002:Q3,HS,7004892,8620585,2958267,812950,474879,1717455,480356,724451,1452227,1615693,1090390,498068,27235
2002:Q3,NoHS,2165422,2523865,1026291,238447,122361,439963,77063,192716,427023,358443,244221,114294,-72
2002:Q4,College,26615369,31015542,8957433,1730262,4915935,4236319,2060286,3466058,5649249,4400174,3320761,851474,227939
2002:Q4,SomeCollege,7663489,9598259,3134160,744287,826497,1717942,608340,917044,1649990,1934770,1346376,521447,66947
2002:Q4,HS,7080216,8730479,2978084,817131,498993,1749252,507268,705414,1474337,1650264,1115112,507867,27285
2002:Q4,NoHS,2182597,2546970,1051721,234525,125135,426193,77018,190124,442254,364373,248879,116220,-726
2003:Q1,College,26733997,31260149,9217983,1744045,4651674,4298173,2074643,3566250,5707380,4526152,3427691,856282,242179
2003:Q1,SomeCollege,7667784,9647315,3189516,750666,773728,1720195,611943,950420,1650848,1979531,1392193,519207,68131
2003:Q1,HS,7112116,8774198,3021938,815207,450314,1766749,514083,712446,1493462,1662082,1133603,500874,27605
2003:Q1,NoHS,2195274,2559173,1071258,239675,113780,410158,74730,192055,457516,363899,251844,112760,-705
2003:Q2,College,28092571,32856789,9475597,1767620,5507171,4370375,2270433,3631656,5833937,4764218,3578402,873699,312117
2003:Q2,SomeCollege,7907039,9974046,3269798,758655,897434,1729110,671810,978757,1668481,2067007,1451905,527934,87168
2003:Q2,HS,7300118,9005646,3060102,818879,543460,1792941,567887,715324,1507053,1705528,1173595,506974,24959
2003:Q2,NoHS,2223174,2598794,1093820,240939,128793,395427,76678,193130,470006,375620,259597,113323,2700
2003:Q3,College,28723308,33628287,9722076,1800672,5849693,4435024,2323396,3691614,5805812,4904979,3723792,889176,292011
2003:Q3,SomeCollege,8048927,10167052,3380876,766584,939199,1735520,688631,1007070,1649172,2118125,1502090,538584,77451
2003:Q3,HS,7366843,9124703,3089230,827412,571735,1817113,585910,718380,1514923,1757859,1214758,517074,26027
2003:Q3,NoHS,2233100,2615221,1120121,236203,131110,380373,75354,194140,477920,382122,267224,114842,56
2003:Q4,College,30074285,35120157,9985185,1829793,6582700,4502738,2505384,3773043,5941313,5045872,3843700,910198,291974
2003:Q4,SomeCollege,8325923,10503650,3483952,776160,1039515,1745275,746148,1039920,1672680,2177727,1557662,550140,69925
2003:Q4,HS,7579323,9381452,3134078,836466,651725,1847229,638427,725419,1548109,1802130,1242100,526431,33599
2003:Q4,NoHS,2261803,2651420,1145923,235246,141539,366191,76931,195761,489829,389617,271413,116163,2041
2004:Q1,College,31803763,36962951,10395885,1859215,6956925,4601910,2551450,3906845,6690721,5159188,3946631,911232,301325
2004:Q1,SomeCollege,8676887,10896633,3620697,789856,1084520,1773469,763537,1082495,1782060,2219746,1601648,548887,69211
2004:Q1,HS,7893690,9717062,3242656,849443,686055,1902460,658003,740634,1637810,1823372,1266814,523032,33526
2004:Q1,NoHS,2305192,2695042,1184544,239244,143683,355666,75797,198711,497398,389851,274606,113321,1924
2004:Q2,College,32182827,37516464,10723954,1896377,6891585,4712697,2579055,4113995,6598801,5333637,4097638,919445,316554
2004:Q2,SomeCollege,8848617,11134890,3783224,799840,1064113,1807515,774753,1138287,1767159,2286273,1661931,554189,70153
2004:Q2,HS,7986005,9864996,3317561,865870,663449,1935090,673718,766894,1642414,1878991,1317354,528028,33609
2004:Q2,NoHS,2326513,2725190,1223481,233024,136613,342623,74061,203441,511947,398676,283317,112878,2481
2004:Q3,College,32952453,38424823,11142412,1907407,6913542,4821365,2582443,4352081,6705573,5472370,4229783,938946,303641
2004:Q3,SomeCollege,9035973,11391818,3914496,808771,1057511,1843091,780979,1200359,1786611,2355845,1722855,567863,65127
2004:Q3,HS,8182818,10119443,3452603,873795,654163,1973402,686412,799134,1679933,1936624,1362394,542839,31391
2004:Q3,NoHS,2360933,2767327,1263565,237863,131605,330139,72289,209054,522812,406393,290372,115227,794
2004:Q4,College,34500506,40145896,11520911,1937508,7486333,4931134,2785622,4506089,6978299,5645390,4353199,959629,332562
2004:Q4,SomeCollege,9370658,11796352,4060630,828745,1136238,1910191,840445,1194247,1825856,2425693,1771651,583231,70811
2004:Q4,HS,8472295,10491141,3616295,892024,728842,1993615,726161,827487,1706717,2018847,1431406,557379,30062
2004:Q4,NoHS,2352985,2781009,1281735,239893,141615,317405,75179,210989,514193,428024,302892,119879,5253
2005:Q1,College,35032598,40771815,11881923,1954703,7506433,5001954,2793741,4661438,6971623,5739217,4452265,962477,324475
2005:Q1,SomeCollege,9512244,11990917,4181830,847544,1134448,1959916,840041,1189712,1837426,2478673,1835185,578595,64893
2005:Q1,HS,8659172,10724630,3792972,907037,731974,1995752,717029,858651,1721214,2065457,1488996,546704,29757
2005:Q1,NoHS,2348730,2783809,1297547,245799,140878,302026,74130,213371,510057,435078,312573,117198,5307
2005:Q2,College,36002174,41892504,12253751,1965286,7734045,5076270,2886177,4853317,7123658,5890330,4584780,973514,332036
2005:Q2,SomeCollege,9713084,12257061,4278607,870190,1164035,2014115,867253,1192274,1870587,2543977,1895308,586166,62503
2005:Q2,HS,8909817,11066962,3994176,923430,765526,2005762,732101,896949,1749018,2157145,1572310,553479,31356
2005:Q2,NoHS,2342301,2796300,1312131,259386,144509,287700,75077,216863,500634,453999,327301,119230,7468
2005:Q3,College,37035795,43080682,12636578,1977623,8138172,5145535,3004340,5106266,7072169,6044887,4717510,990114,337263
2005:Q3,SomeCollege,9973149,12588837,4438808,883700,1220223,2067829,901062,1205674,1871541,2615688,1956934,598701,60053
2005:Q3,HS,9175771,11435178,4194623,937673,826190,2016819,754081,945484,1760308,2259407,1660870,566635,31902
2005:Q3,NoHS,2341807,2816740,1337834,258912,151818,273469,76283,221898,496525,474933,342677,122935,9321
2005:Q4,College,37940219,44101342,12971854,1992324,8269625,5213078,3107655,5302271,7244534,6161123,4829007,1004079,328037
2005:Q4,SomeCollege,10236311,12909298,4586738,899195,1236803,2122335,932043,1210540,1921644,2672987,2010529,610320,52138
2005:Q4,HS,9425913,11784412,4386454,955214,850452,2029787,774161,988528,1799815,2358499,1744355,579690,34454
2005:Q4,NoHS,2337402,2830075,1360532,259493,153884,259464,77494,225973,493235,492673,356507,126465,9701
2006:Q1,College,39204550,45522868,12993181,1996000,9231345,5283108,3205503,5396740,7416990,6318318,4959457,1007587,351274
2006:Q1,SomeCollege,10437237,13173112,4579072,920379,1375879,2179380,962343,1199470,1956588,2735874,2065016,615448,55410
2006:Q1,HS,9672781,12137571,4482705,971678,998620,2046199,793992,1019326,1825051,2464790,1842151,586430,36209
2006:Q1,NoHS,2315023,2829799,1346557,272799,172492,245911,78751,228087,485202,514776,372917,128120,13739
2006:Q2,College,39196335,45666120,13135307,2009740,8961409,5345110,3201144,5530250,7483160,6469785,5089044,1014310,366431
2006:Q2,SomeCollege,10508549,13312142,4666886,936051,1333661,2232741,959977,1195007,1987819,2803593,2129038,618529,56026
2006:Q2,HS,9739671,12306219,4610369,990012,965728,2057549,786191,1056057,1840313,2566547,1939590,588262,38695
2006:Q2,NoHS,2277090,2811408,1352436,273539,166705,231712,77725,231051,478240,534318,388977,128511,16830
2006:Q3,College,39887969,46492862,13222462,2025672,9245856,5415997,3296956,5686475,7599443,6604893,5183576,1043103,378214
2006:Q3,SomeCollege,10686958,13557489,4744080,951267,1372831,2290961,989606,1194264,2014480,2870531,2180361,634318,55852
2006:Q3,HS,9916052,12579856,4714168,1008914,1016062,2074039,805465,1096115,1865094,2663804,2021230,601695,40879
2006:Q3,NoHS,2244975,2798303,1354075,272595,171871,218266,78917,234441,468138,553328,401495,132324,19509
2006:Q4,College,40855803,47566022,13233908,2031332,9937496,5492943,3442135,5826827,7601380,6710219,5237001,1059844,413374
2006:Q4,SomeCollege,10891928,13811180,4762886,966986,1471674,2351920,1034157,1190739,2032818,2919253,2209648,646605,63000
2006:Q4,HS,10142103,12886678,4793901,1022647,1130444,2092462,837409,1133533,1876281,2744575,2083706,614491,46378
2006:Q4,NoHS,2222468,2792732,1343226,277542,185007,205195,81055,237357,463351,570265,409897,135776,24592
2007:Q1,College,41623087,48410672,13083665,2032838,10423367,5563539,3503247,5885184,7918832,6787585,5319381,1059394,408810
2007:Q1,SomeCollege,11010178,13953004,4693809,986661,1539237,2408118,1051241,1173502,2100436,2942827,2242036,642041,58750
2007:Q1,HS,10276085,13085707,4811835,1035101,1213674,2102579,845070,1158044,1919404,2809622,2160023,605273,44326
2007:Q1,NoHS,2183216,2763165,1311332,289963,193830,191261,81248,238312,457219,579949,421006,133464,25479
2007:Q2,College,42041919,48957951,12990487,2041575,10711398,5628156,3659138,5953802,7973395,6916032,5398837,1072935,444260
2007:Q2,SomeCollege,11078479,14077156,4663175,1004654,1576147,2460208,1099392,1157244,2116336,2998677,2278260,652280,68137
2007:Q2,HS,10369276,13257057,4834095,1048021,1263884,2136051,878249,1181830,1914926,2887780,2229400,615487,42893
2007:Q2,NoHS,2138677,2736162,1286444,297064,198370,185330,83601,239125,446227,597485,430796,136264,30425
2007:Q3,College,42722016,49727350,12867600,2051938,10820402,5692134,3738904,5988546,8567826,7005334,5474433,1110635,420266
2007:Q3,SomeCollege,11199854,14243327,4633170,1018971,1584714,2508980,1121323,1134637,2241533,3043473,2316071,672577,54825
2007:Q3,HS,10411092,13384426,4826040,1057175,1281867,2162490,887588,1197733,1971532,2973334,2289957,631430,51947
2007:Q3,NoHS,2091131,2700254,1258762,299273,198913,178869,84015,238766,441656,609123,438987,140910,29226
2007:Q4,College,42395726,49502469,12744193,2063829,10313357,5769821,3711046,5920905,8979317,7106743,5542295,1132869,431579
2007:Q4,SomeCollege,11008089,14101182,4537316,1032661,1495943,2500925,1090150,1118937,2325250,3093093,2345625,686850,60618
2007:Q4,HS,10291164,13289219,4763119,1072314,1194391,2198785,876190,1203816,1980605,2998056,2298309,646553,53194
2007:Q4,NoHS,2048971,2659567,1226863,305138,180514,186595,81459,235328,443670,610595,438755,143205,28635
2008:Q1,College,41292307,48495976,12421942,2086195,9553340,5844229,3545667,5579692,9464911,7203669,5598681,1140945,464043
2008:Q1,SomeCollege,10664072,13789458,4401236,1044042,1369002,2487405,1012853,1057907,2417014,3125386,2367469,684059,73858
2008:Q1,HS,9984557,12970429,4597798,1088434,1064680,2225058,823629,1165466,2005363,2985872,2294123,637570,54179
2008:Q1,NoHS,1972528,2578302,1178838,303813,157618,193266,75712,225587,443468,605774,436324,139434,30016
2008:Q2,College,40636736,47830008,12150212,2107440,9223842,5932721,3554350,5467080,9394363,7193272,5625877,1144343,423052
2008:Q2,SomeCollege,10445004,13545781,4301118,1048094,1304719,2478408,988179,1032817,2392445,3100777,2349372,690125,61280
2008:Q2,HS,9780573,12752247,4435294,1097641,1002691,2254605,816338,1157721,1987958,2971673,2276446,645744,49483
2008:Q2,NoHS,1903244,2498823,1137148,294634,143198,200446,73500,220323,429574,595579,431177,140241,24161
2008:Q3,College,39136999,46439892,11908484,2122272,8094570,6016923,3358533,5250417,9688693,7302893,5635080,1168880,498933
2008:Q3,SomeCollege,10004883,13151214,4169269,1056317,1124937,2464177,904196,990224,2442093,3146331,2362734,694942,88655
2008:Q3,HS,9451477,12387341,4288311,1103921,819886,2274996,755237,1131506,2013484,2935864,2234113,641949,59802
2008:Q3,NoHS,1822565,2411984,1091713,294259,115360,206551,67672,212501,423928,589419,421952,138042,29425
2008:Q4,College,37243385,44416208,11696773,2119300,6411539,6090593,2995608,4973212,10129184,7172823,5626254,1177445,369124
2008:Q4,SomeCollege,9529242,12622214,4029848,1056833,869791,2441721,769246,937390,2517385,3092971,2358420,694591,39960
2008:Q4,HS,9027112,11915580,4152159,1096060,571428,2282764,650185,1093618,2069366,2888468,2181723,636411,70334
2008:Q4,NoHS,1751373,2311519,1046240,293064,80711,211117,58120,203101,419165,560146,410863,135343,13940
2009:Q1,College,36125141,43297935,11486824,2120169,5726200,6151614,2919947,4683781,10209400,7172794,5655445,1170902,346447
2009:Q1,SomeCollege,9184140,12269195,3905117,1055362,759889,2410377,724653,882352,2531445,3085055,2375530,675583,33942
2009:Q1,HS,8784436,11596176,4009010,1087734,472869,2277596,622779,1051771,2074417,2811739,2143417,605338,62984
2009:Q1,NoHS,1684978,2223755,1002822,288014,64205,214075,55279,193224,406136,538777,402634,126319,9824
2009:Q2,College,36729524,43932930,11311693,2131527,6933379,6241146,3216063,4242700,9856423,7203406,5678180,1164013,361213
2009:Q2,SomeCollege,9161559,12238595,3814181,1054086,912473,2393082,785785,802631,2476357,3077036,2367614,668094,41328
2009:Q2,HS,8790506,11557114,3871563,1083553,620487,2289538,687590,984151,2020231,2766608,2106603,594405,65600
2009:Q2,NoHS,1654791,2180922,965563,278808,75367,218943,59908,179703,402629,526131,394415,122362,9354
2009:Q3,College,38252683,45498393,11201641,2139878,8158296,6335388,3536258,4130197,9996735,7245710,5682643,1182773,380294
2009:Q3,SomeCollege,9255733,12341726,3751891,1048901,1065376,2377152,852868,776454,2469084,3085993,2366896,669423,49674
2009:Q3,HS,8942721,11655780,3757151,1075508,777030,2302606,758066,967451,2017968,2713059,2056106,586992,69961
2009:Q3,NoHS,1622101,2134585,934998,266623,86140,223748,64715,173656,384706,512485,383804,119523,9158
2009:Q4,College,38569538,45859287,11171319,2154809,8416731,6419360,3685645,4010770,10000653,7289749,5696917,1190747,402085
2009:Q4,SomeCollege,9168027,12250218,3669791,1058479,1083300,2354870,870753,749388,2463638,3082191,2354144,667969,60078
2009:Q4,HS,8947686,11613035,3686745,1078020,799595,2307486,785497,949283,2006408,2665349,2015493,579640,70216
2009:Q4,NoHS,1598506,2099438,905325,268711,82541,227356,66435,167480,381589,500932,374749,116661,9522
2010:Q1,College,39573704,46869334,11194974,2160416,8928438,6570709,3840355,4101701,10072741,7295630,5669156,1176652,449822
2010:Q1,SomeCollege,9254237,12292610,3628479,1057166,1135289,2368437,887245,756614,2459380,3038373,2321373,650956,66044
2010:Q1,HS,9072384,11695880,3632165,1070976,857714,2358128,812859,965222,1998816,2623496,1957699,555676,110121
2010:Q1,NoHS,1581831,2063040,883396,262146,82313,235953,67931,166235,365066,481208,362389,109773,9046
2010:Q2,College,39185183,46497790,11220087,2159490,8208524,6693906,3714945,4330421,10170417,7312607,5673483,1174147,464977
2010:Q2,SomeCollege,9062599,12080067,3580820,1054192,1020374,2369642,825041,785993,2444005,3017468,2297765,647388,72315
2010:Q2,HS,8973007,11554375,3583407,1060889,744566,2408704,771636,1003597,1981577,2581368,1918572,549812,112984
2010:Q2,NoHS,1538492,2007151,861102,256238,65805,243991,65039,168057,346919,468658,353255,107106,8297
2010:Q3,College,40801876,48126835,11203446,2165279,9198727,6844317,3994681,4449161,10271224,7324959,5666603,1194683,463673
2010:Q3,SomeCollege,9210148,12223803,3536620,1051786,1136035,2385644,877353,797892,2438473,3013654,2281133,653206,79315
2010:Q3,HS,9226646,11749785,3519914,1055213,868706,2479092,831688,1025215,1969957,2523139,1873854,549877,99408
2010:Q3,NoHS,1527798,1984391,838250,248003,71497,253802,69082,167424,336332,456593,343100,105961,7532
2010:Q4,College,41953344,49274074,11095410,2177786,9965656,6907756,4186750,4561494,10379223,7320730,5594790,1251748,474192
2010:Q4,SomeCollege,9498674,12505228,3467402,1054181,1259307,2455889,950601,830852,2486995,3006553,2225539,691285,89729
2010:Q4,HS,9381575,11911942,3460966,1054193,946115,2579133,887664,1017647,1966224,2530367,1841724,590142,98501
2010:Q4,NoHS,1526367,1979292,816593,249281,78887,260583,72688,162229,339031,452925,330227,113636,9062
2011:Q1,College,42752315,50093323,10934028,2202266,10641053,6908652,4304251,4643476,10459598,7341008,5592819,1257641,490548
2011:Q1,SomeCollege,9704927,12682109,3406336,1058274,1372471,2494207,997578,859784,2493458,2977182,2187812,684602,104768
2011:Q1,HS,9483370,11996757,3381501,1060335,1011347,2640612,922539,1005884,1974539,2513388,1847223,577171,88994
2011:Q1,NoHS,1511737,1956304,794906,247365,85080,262775,74049,156481,335649,444567,323908,108894,11765
2011:Q2,College,42981460,50306347,10897290,2221759,10615834,6903969,4306851,4648543,10712101,7324886,5574488,1270741,479657
2011:Q2,SomeCollege,9827283,12781710,3354993,1067421,1391027,2530927,1017258,877208,2542876,2954427,2153896,690768,109763
2011:Q2,HS,9509332,12014422,3358094,1067418,977220,2700893,932205,982934,1995658,2505090,1843985,583281,77824
2011:Q2,NoHS,1499738,1936316,779867,252451,82322,264736,74491,149406,333043,436578,316332,108287,11959
2011:Q3,College,41571766,48899824,10841483,2250281,9090343,6872828,3990828,4709394,11144667,7328058,5560386,1300337,467335
2011:Q3,SomeCollege,9715416,12649732,3369068,1065165,1202873,2554942,944316,904292,2609076,2934317,2120051,702427,111839
2011:Q3,HS,9228936,11745723,3311361,1073116,739904,2745485,862988,968360,2044509,2516786,1844458,591040,81288
2011:Q3,NoHS,1453000,1882123,772833,242067,61671,265062,70096,143579,326814,429123,309677,108370,11076
2011:Q4,College,42491065,49813342,10776462,2262226,9643840,6877779,4145160,4853576,11254299,7322277,5546324,1327972,447981
2011:Q4,SomeCollege,9963139,12882985,3326894,1066895,1301750,2599307,1008924,945563,2633652,2919847,2092218,716009,111620
2011:Q4,HS,9361870,11895669,3276410,1073469,785014,2814684,910496,965303,2070293,2533798,1843651,602935,87212
2011:Q4,NoHS,1454764,1876817,759927,242108,66217,268247,73002,139357,327958,422053,303304,109309,9440
2012:Q1,College,43834335,51153472,10704718,2276469,10817944,6892744,4394930,4888773,11177894,7319137,5527474,1332369,459294
2012:Q1,SomeCollege,10296451,13178022,3259754,1075861,1489698,2650121,1108219,970092,2624278,2881571,2046006,712091,123474
2012:Q1,HS,9598118,12118065,3244915,1078011,914008,2890311,984708,945791,2060321,2519946,1845924,594566,79456
2012:Q1,NoHS,1466354,1881603,745194,248699,78234,272458,78089,133385,325545,415249,297868,106015,11366
2012:Q2,College,43796515,51105850,10809559,2294221,10495630,6876165,4305260,4976469,11348547,7309335,5504790,1354733,449812
2012:Q2,SomeCollege,10396198,13258620,3303796,1073875,1469050,2685338,1098351,1003863,2624348,2862422,2010969,723957,127496
2012:Q2,HS,9562242,12086262,3259709,1078008,839102,2944181,968194,932615,2064453,2524020,1841780,604826,77414
2012:Q2,NoHS,1451064,1861326,750511,242990,72494,274899,76792,128457,315183,410262,292193,106951,11118
2012:Q3,College,45043887,52368691,10955409,2310832,11130732,6877127,4435144,5157546,11501901,7324804,5486548,1389595,448661
2012:Q3,SomeCollege,10752432,13615722,3353530,1073307,1584783,2730838,1161738,1053566,2657960,2863290,1989685,738810,134795
2012:Q3,HS,9756864,12279828,3288009,1077167,892615,3007328,1009632,930610,2074467,2522964,1834511,613999,74454
2012:Q3,NoHS,1467095,1873756,759095,239428,78250,279027,79883,125107,312965,406660,286929,108048,11683
2012:Q4,College,45628284,52935880,11079530,2331955,11211692,6868774,4451234,5293732,11698963,7307597,5474336,1413011,420250
2012:Q4,SomeCollege,10995414,13826996,3389079,1077298,1622868,2772343,1191489,1096800,2677120,2831582,1941607,756672,133303
2012:Q4,HS,9795000,12337625,3306665,1079093,869750,3061101,1021160,920451,2079405,2542626,1837092,631891,73643
2012:Q4,NoHS,1477631,1882944,766763,239140,77568,283073,81430,121128,313842,405313,284038,111331,9944
2013:Q1,College,47434566,54750628,11351174,2346552,12491058,6990085,4641037,5409069,11521653,7316063,5448481,1437348,430234
2013:Q1,SomeCollege,11448468,14296973,3446371,1083328,1834678,2883292,1277729,1137418,2634158,2848506,1949455,754110,144941
2013:Q1,HS,10196771,12693989,3377494,1077419,1007331,3193675,1075948,905386,2056736,2497218,1812112,614916,70190
2013:Q1,NoHS,1533748,1930719,783494,243655,91417,296467,85991,116938,312757,396971,278039,107399,11533
2013:Q2,College,47970796,55308541,11646011,2361686,12646498,7125708,4656194,5654431,11218012,7337744,5443335,1459413,434996
2013:Q2,SomeCollege,11744729,14592911,3543998,1082164,1886095,2998589,1309549,1199902,2572615,2848182,1924954,767435,155793
2013:Q2,HS,10274343,12773244,3440759,1070512,989430,3278386,1083708,904458,2005991,2498901,1805627,623844,69430
2013:Q2,NoHS,1562957,1961051,807274,241283,91949,305384,87986,114665,312511,398094,276007,109502,12585
2013:Q3,College,49528155,56914196,11949700,2386743,13290485,7275746,4822939,5921162,11267420,7386041,5463388,1500097,422556
2013:Q3,SomeCollege,12260961,15115517,3670133,1080951,2009549,3122698,1393518,1266530,2572139,2854556,1910370,786124,158062
2013:Q3,HS,10484272,12985512,3491910,1065441,1035285,3363906,1129047,902875,1997049,2501241,1806072,631768,63401
2013:Q3,NoHS,1604811,2005980,836563,235803,98712,316043,92986,112676,313198,401169,276448,112309,12412
2013:Q4,College,51075342,58599330,12195972,2394892,14093768,7496923,5062993,6076801,11277981,7523987,5474043,1527384,522560
2013:Q4,SomeCollege,12511944,15406831,3729388,1085050,2055148,3229707,1460620,1272224,2574694,2894887,1903545,802505,188837
2013:Q4,HS,10647063,13127284,3519878,1056772,1105676,3372759,1175465,915437,1981298,2480222,1776362,642297,61563
2013:Q4,NoHS,1713747,2135243,854365,242859,114019,355295,121553,121028,326124,421496,283100,118282,20114
2014:Q1,College,52496363,60060691,12431594,2395843,14851524,7602974,5126302,6110459,11541995,7564328,5476375,1541803,546150
2014:Q1,SomeCollege,12675936,15554928,3758958,1090774,2093579,3275576,1469722,1258665,2607654,2878992,1886047,803527,189418
2014:Q1,HS,10684277,13116767,3541332,1043579,1165288,3301325,1172924,910781,1981537,2432490,1741806,631361,59323
2014:Q1,NoHS,1826798,2258693,870442,254813,129182,388184,147709,127919,340445,431895,290190,120151,21554
2014:Q2,College,54100466,61724083,12721313,2410945,15712942,7716551,5257107,6285610,11619614,7623617,5494281,1570068,559268
2014:Q2,SomeCollege,12899361,15782116,3830603,1098793,2146025,3325348,1500485,1268281,2612580,2882755,1872668,823067,187020
2014:Q2,HS,10724523,13139280,3565780,1035179,1233884,3228259,1184065,920989,1971124,2414757,1711316,643144,60297
2014:Q2,NoHS,1946367,2395294,894654,264444,146153,423011,175747,137053,354231,448927,299096,127740,22091
2014:Q3,College,54665489,62297568,13010848,2425217,15514795,7819604,5228325,6511523,11787255,7632079,5523618,1613123,495338
2014:Q3,SomeCollege,12941928,15808982,3883810,1110157,2050719,3369425,1478437,1286257,2630177,2867054,1865974,844672,156408
2014:Q3,HS,10565301,12960125,3586226,1026132,1161834,3143968,1152844,934913,1954208,2394824,1682251,650102,62471
2014:Q3,NoHS,2061158,2521715,918098,278338,149375,458499,200977,147200,369229,460557,309250,135084,16223
2014:Q4,College,55954196,63646297,13236461,2433298,16116917,7932414,5318586,6735006,11873615,7692101,5554303,1644262,493536
2014:Q4,SomeCollege,13071813,15945855,3906953,1119980,2067482,3418553,1496669,1303962,2632256,2874042,1862198,864413,147431
2014:Q4,HS,10506825,12879728,3581375,1012570,1190516,3061885,1149528,946348,1937506,2372903,1650945,657928,64030
2014:Q4,NoHS,2183761,2661890,936794,293478,163444,495952,229559,157561,385102,478129,319811,142936,15382
2015:Q1,College,57409459,65137157,13504187,2446685,16657943,8039747,5399189,6918592,12170815,7727699,5561727,1658803,507169
2015:Q1,SomeCollege,13252630,16111761,3950966,1130855,2075773,3464614,1509809,1315424,2664320,2859130,1852689,863674,142767
2015:Q1,HS,10479012,12793342,3581943,1000399,1208549,2974247,1141055,951340,1935808,2314330,1608266,640035,66029
2015:Q1,NoHS,2318952,2808084,959838,308116,176936,534162,258264,167498,403270,489133,328779,144598,15756
2015:Q2,College,58016684,65844778,13829752,2473862,16793959,8139613,5404794,7106627,12096172,7828095,5608258,1693307,526530
2015:Q2,SomeCollege,13280918,16163844,4011682,1149484,2029820,3506518,1501224,1327669,2637447,2882926,1859373,884864,138689
2015:Q2,HS,10324287,12619339,3594979,995643,1176341,2881340,1115093,955289,1900654,2295052,1579394,646787,68871
2015:Q2,NoHS,2442206,2952369,987033,325973,184892,572773,285857,177616,418225,510163,340824,152825,16514
2015:Q3,College,57415088,65342028,14131841,2501451,15581965,8222737,5185291,7236949,12481794,7926940,5658559,1741865,526516
2015:Q3,SomeCollege,13157671,16058472,4120644,1156356,1807990,3539300,1420952,1330884,2682346,2900801,1865688,909058,126055
2015:Q3,HS,9958906,12233357,3584500,985307,994124,2779542,1038854,951778,1899252,2274451,1551722,651243,71486
2015:Q3,NoHS,2531549,3061267,1018807,331228,173705,610847,307118,186826,432735,529718,353289,160971,15458
2015:Q4,College,58684681,66669917,14392387,2526611,16239825,8331537,5329841,7340036,12509679,7985236,5723120,1724678,537438
2015:Q4,SomeCollege,13372992,16250364,4197559,1165666,1834117,3585440,1457535,1329902,2680145,2877372,1872531,892932,111909
2015:Q4,HS,9881889,12117742,3563141,974762,1024042,2692951,1043984,944717,1874144,2235853,1530245,623217,82391
2015:Q4,NoHS,2668277,3209023,1044778,339995,188600,651115,338755,195488,450293,540747,366951,159397,14399
2016:Q1,College,59769046,67810253,14646853,2550962,16558472,8432582,5402899,7353817,12864668,8041207,5744764,1746180,550263
2016:Q1,SomeCollege,13503326,16367653,4233339,1182329,1816208,3627131,1469342,1315049,2724254,2864327,1869584,896210,98533
2016:Q1,HS,9777831,11963849,3546636,966849,1016325,2604288,1032179,928207,1869365,2186018,1491959,608347,85712
2016:Q1,NoHS,2796946,3349304,1064633,357009,198548,690828,368062,202413,467811,552358,376774,161528,14056
2016:Q2,College,61014640,69167688,15053314,2569784,17056660,8542536,5498756,7516570,12930068,8153048,5799840,1780448,572760
2016:Q2,SomeCollege,13631844,16517856,4285191,1201851,1821249,3672230,1490585,1323480,2723270,2886012,1880393,915786,89833
2016:Q2,HS,9712492,11874383,3577680,958503,1027021,2509046,1026121,927199,1848813,2161891,1466102,611866,83923
2016:Q2,NoHS,2931114,3503781,1090467,379244,210848,733073,398173,211582,480393,572666,388756,168746,15164
2016:Q3,College,62251892,70546147,15386761,2601708,17601598,8655269,5652744,7675101,12972965,8294255,5868194,1830149,595912
2016:Q3,SomeCollege,13856697,16768722,4431504,1204319,1831830,3718350,1528511,1331171,2723037,2912025,1892404,939812,79809
2016:Q3,HS,9618179,11763148,3565635,948347,1041942,2419190,1031539,925938,1830557,2144969,1446880,615657,82432
2016:Q3,NoHS,3052577,3646191,1122922,376914,223500,774743,429649,220301,498163,593615,401317,176020,16278
2016:Q4,College,62571823,70919261,15660858,2625719,17781689,8740749,5700284,7697165,12712797,8347438,5903175,1866755,577508
2016:Q4,SomeCollege,14078596,17025883,4543085,1214870,1868125,3778353,1530371,1348887,2742193,2947288,1905404,965746,76138
2016:Q4,HS,9589345,11736544,3573245,947034,1062312,2380590,1025713,932182,1815468,2147199,1447003,621277,78919
2016:Q4,NoHS,3023350,3624714,1143095,374884,225127,750319,411584,220298,499407,601364,403240,182658,15466
2017:Q1,College,64334676,72737898,15958595,2653855,18745179,8843336,5946900,7728272,12861761,8403222,5938278,1878058,586886
2017:Q1,SomeCollege,14528828,17495267,4631438,1233647,2003889,3847141,1598889,1368100,2812163,2966439,1914551,966897,84991
2017:Q1,HS,9763416,11888753,3595679,951113,1161408,2353526,1061843,940370,1824814,2125338,1449226,604211,71901
2017:Q1,NoHS,3016403,3619696,1158494,379532,237837,724753,398950,219883,500247,603293,404273,181283,17737
2017:Q2,College,65662115,74157664,16292929,2672007,19260619,8940914,6120513,8053808,12816874,8495548,5984519,1904837,606192
2017:Q2,SomeCollege,14911180,17913697,4750715,1242521,2083991,3912914,1643149,1433030,2847376,3002516,1927985,986161,88370
2017:Q2,HS,9867846,12007058,3627532,949814,1217295,2327800,1083867,977719,1823030,2139211,1456416,606370,76425
2017:Q2,NoHS,2981474,3591431,1175648,376402,243180,696471,382121,223883,493727,609957,405054,185390,19513
2017:Q3,College,66838484,75427432,16620898,2686586,19855506,9037676,6327154,8102230,12797381,8588948,6037435,1945443,606070
2017:Q3,SomeCollege,15277209,18323142,4877699,1247058,2174943,3977800,1696389,1455064,2894188,3045933,1945615,1007698,92620
2017:Q3,HS,9982636,12128475,3660582,947572,1282976,2305981,1113052,990136,1828176,2145838,1467095,607608,71135
2017:Q3,NoHS,2938850,3552898,1189789,369087,248907,665859,364461,222385,492410,614048,405063,188454,20531
2017:Q4,College,68667913,77369266,16889157,2721353,20862242,9135263,6562204,8276996,12922051,8701353,6085215,1985766,630372
2017:Q4,SomeCollege,15732211,18831696,4995944,1260502,2319994,4042572,1758296,1496641,2957747,3099485,1961992,1034731,102762
2017:Q4,HS,10167281,12332198,3682915,956235,1392502,2289354,1149159,1016120,1845913,2164917,1478284,617049,69584
2017:Q4,NoHS,2888877,3508757,1196654,362645,259789,633153,345924,222209,488384,619881,403304,193207,23370
2018:Q1,College,69422299,78176816,17306765,2753317,20824011,9222208,6551495,8366357,13152663,8754517,6114149,1993724,646644
2018:Q1,SomeCollege,16037712,19143587,5128299,1278361,2329818,4101084,1742199,1524933,3038892,3105875,1965150,1033173,107552
2018:Q1,HS,10285953,12448757,3754705,967818,1400279,2273333,1140995,1036370,1875257,2162804,1487770,603895,71139
2018:Q1,NoHS,2828858,3441748,1205886,361072,254243,597698,319768,219782,483299,612890,398856,189119,24915
2018:Q2,College,70299909,79133795,17561013,2785730,21134882,9314103,6663711,8466340,13208016,8833886,6167704,2014145,652037
2018:Q2,SomeCollege,16340790,19466884,5219299,1294046,2385031,4161463,1763842,1554747,3088456,3126094,1977517,1047218,101359
2018:Q2,HS,10400621,12598210,3793090,981117,1446912,2265459,1158610,1060182,1892840,2197589,1507850,607431,82308
2018:Q2,NoHS,2743329,3351858,1199635,355935,252801,560800,295684,216641,470362,608528,394723,189395,24410
2018:Q3,College,71770358,80708351,17798760,2811179,22027117,9412082,6869791,8518692,13270729,8937992,6227921,2057034,653037
2018:Q3,SomeCollege,16708167,19875800,5303914,1305499,2516547,4224186,1811073,1577042,3137539,3167633,1992662,1070552,104419
2018:Q3,HS,10622104,12851793,3837464,993742,1556827,2266696,1195633,1082702,1918729,2229689,1533453,616651,79585
2018:Q3,NoHS,2648735,3253302,1186881,347922,258385,522748,272295,211847,453224,604567,389373,190332,24862
2018:Q4,College,68880234,77887126,17972205,2850030,19047198,9471626,6346063,8536694,13663310,9006892,6267325,2090596,648971
2018:Q4,SomeCollege,16407902,19590084,5399470,1317577,2141470,4265778,1635705,1593841,3236243,3182182,1999091,1094013,89078
2018:Q4,HS,10315014,12601758,3871939,1013238,1283239,2258089,1103184,1105584,1966485,2286743,1557244,631129,98370
2018:Q4,NoHS,2477091,3071763,1167650,334654,209732,480852,233733,205619,439523,594672,380759,191305,22608
2019:Q1,College,73412685,82426093,18338916,2872220,21991977,9595434,6852634,8717022,14057890,9013408,6284915,2095923,632570
2019:Q1,SomeCollege,17232751,20417543,5445215,1341651,2540360,4339969,1777453,1635307,3337589,3184792,1997568,1090131,97093
2019:Q1,HS,11002217,13287483,3984236,1036390,1608959,2285098,1203615,1146949,2022236,2285266,1579316,624685,81265
2019:Q1,NoHS,2429135,3004416,1143258,337667,240316,442177,215978,200691,424330,575281,368807,183750,22724
2019:Q2,College,74829075,83929804,18585400,2897884,22667730,9681120,7056738,8934295,14106638,9100729,6332503,2124303,643923
2019:Q2,SomeCollege,17567650,20787042,5505556,1356496,2643190,4394997,1827531,1681951,3377321,3219392,2012373,1107802,99217
2019:Q2,HS,11364790,13703770,4072113,1060868,1716005,2338480,1253699,1196015,2066591,2338980,1614530,638997,85453
2019:Q2,NoHS,2304760,2865692,1110284,328782,238499,402329,191855,195053,398890,560932,356831,180989,23112
2019:Q3,College,75110038,84299972,18726601,2937254,22490340,9758921,7127661,8983775,14275420,9189934,6382579,2165494,641861
2019:Q3,SomeCollege,17786016,21041527,5619142,1360878,2633060,4444510,1836250,1702478,3445210,3255511,2023728,1127470,104313
2019:Q3,HS,11604379,13994390,4133768,1089092,1742039,2397746,1284069,1234891,2112785,2390011,1657000,654424,78587
2019:Q3,NoHS,2152627,2695427,1072834,304726,224384,361695,165566,186042,380180,542800,343030,176747,23023
2019:Q4,College,77764961,87047907,18946814,2968408,24130175,9863329,7437994,9085575,14615612,9282946,6434297,2197822,650827
2019:Q4,SomeCollege,18252852,21535754,5703090,1366563,2841173,4483981,1920933,1714353,3505661,3282902,2032124,1146507,104271
2019:Q4,HS,11916568,14339155,4174587,1098732,1911507,2433722,1339013,1244095,2137500,2422587,1670143,669780,82664
2019:Q4,NoHS,2160313,2700951,1068327,297710,239677,360083,166755,184012,384387,540638,339608,178083,22947
2020:Q1,College,73408475,82799873,19448895,3016240,18950832,9924166,6638299,9287874,15533566,9391398,6500884,2205606,684908
2020:Q1,SomeCollege,17530083,20776550,5803951,1369092,2134423,4455282,1656787,1724354,3632661,3246467,2024236,1125315,96916
2020:Q1,HS,11208299,13622331,4215902,1098255,1347467,2407150,1170583,1242236,2140737,2414032,1660379,647759,105894
2020:Q1,NoHS,2067614,2591491,1062322,290384,172115,350189,149834,180458,386189,523877,331966,169155,22756
2020:Q2,College,79780457,89254842,20040990,3058567,22918864,10071922,7454121,9425465,16284913,9474385,6595848,2208655,669882
2020:Q2,SomeCollege,18315347,21519448,5871114,1357275,2590902,4431543,1863607,1707037,3697970,3204101,2010394,1097892,95815
2020:Q2,HS,11771231,14150327,4261985,1092124,1716965,2414695,1293300,1228097,2143161,2379096,1653152,629693,96251
2020:Q2,NoHS,2104303,2611074,1053441,281641,208994,343630,155691,174778,392899,506770,324161,161084,21525
2020:Q3,College,83300439,93009939,20660461,3186295,25041328,10208831,7875330,9743471,16294222,9709500,6744471,2258819,706210
2020:Q3,SomeCollege,18556988,21769295,5925346,1385640,2793441,4388797,1945215,1712341,3618514,3212307,2002659,1094634,115014
2020:Q3,HS,12115400,14497717,4328840,1128118,1902002,2420798,1348459,1236069,2133431,2382317,1668247,631841,82229
2020:Q3,NoHS,2088010,2587098,1039684,284116,222337,334163,155051,170552,381194,499088,317777,157377,23934
2020:Q4,College,89637192,99522895,21294817,3268938,29043375,10341316,8500174,10101336,16972939,9885703,6841535,2278740,765428
2020:Q4,SomeCollege,19500769,22738834,6078807,1413103,3270438,4417658,2105782,1750584,3702461,3238064,2002498,1102161,133405
2020:Q4,HS,12937090,15367005,4480294,1165715,2315844,2475829,1461459,1270456,2197409,2429915,1701946,646358,81611
2020:Q4,NoHS,2140684,2641748,1050683,286664,259795,332996,159090,170759,381761,501064,316395,157594,27075
2021:Q1,College,93270150,103276130,22120585,3331207,31025406,10406954,8707016,10437980,17246983,10005980,6922727,2275154,808099
2021:Q1,SomeCollege,20162332,23424000,6294901,1447860,3517199,4446389,2155046,1800645,3761960,3261668,2015806,1096163,149699
2021:Q1,HS,13434040,15874385,4668377,1192887,2515836,2489318,1494496,1301146,2212326,2440346,1724616,639431,76299
2021:Q1,NoHS,2237641,2745725,1093593,298891,281530,336119,161454,175258,398881,508084,321745,156443,29896
2021:Q2,College,97611740,107794075,23194378,3487030,33268740,10462399,9110410,10987280,17283839,10182336,7049711,2309209,823416
2021:Q2,SomeCollege,21121270,24472215,6625478,1542846,3824713,4503395,2284597,1891309,3799876,3350944,2065447,1127725,157772
2021:Q2,HS,14076500,16567389,4915386,1264380,2747733,2509213,1564802,1347379,2218496,2490889,1760531,657713,72645
2021:Q2,NoHS,2389130,2920472,1168199,331813,311606,345390,169375,184582,409507,531342,335127,164616,31599
2021:Q3,College,99886046,110301306,24329761,3621333,33508774,10534989,9119116,11713329,17474004,10415261,7208785,2359351,847125
2021:Q3,SomeCollege,21490985,24902799,6903456,1600020,3827164,4504352,2272581,1981125,3814101,3411814,2108557,1143701,159556
2021:Q3,HS,14374342,16912864,5142292,1315542,2753678,2514332,1557829,1400932,2228259,2538522,1792618,667530,78374
2021:Q3,NoHS,2451454,2991236,1216204,348261,311510,345256,168757,190779,410470,539782,340636,166836,32310
2021:Q4,College,102994280,113623528,24767999,3734836,35038335,10622856,9453734,12188691,17817077,10629248,7355145,2400758,873345
2021:Q4,SomeCollege,21974015,25439547,7011148,1648989,4002742,4526679,2350044,2040549,3859397,3465532,2154358,1165652,145522
2021:Q4,HS,14884880,17537800,5291256,1378442,2940119,2569105,1630244,1455979,2272654,2652919,1850287,694174,108458
2021:Q4,NoHS,2489177,3035543,1227079,359350,324780,345517,170097,193914,414806,546366,344785,170222,31359
2022:Q1,College,104239464,114976712,26983051,3849184,33697513,10663630,9033723,12571904,18177707,10737248,7430872,2424539,881837
2022:Q1,SomeCollege,22349405,25845230,7597587,1701569,3816361,4524424,2211570,2086538,3907181,3495824,2186701,1168092,141031
2022:Q1,HS,15415606,18123582,5859171,1444496,2823457,2603224,1568903,1504928,2319403,2707976,1886895,703407,117674
2022:Q1,NoHS,2543603,3081005,1307115,368807,303061,338857,161014,193627,408524,537402,340402,166584,30416
2022:Q2,College,99704494,110619639,28352550,3917529,28244575,10662171,8146005,13109962,18186847,10915145,7585143,2476177,853825
2022:Q2,SomeCollege,21894065,25454397,8031046,1728205,3138318,4524652,1960019,2162353,3909803,3560332,2238612,1202408,119312
2022:Q2,HS,14984102,17781366,6171633,1472653,2248181,2600237,1410695,1551396,2326571,2797264,1931831,729907,135526
2022:Q2,NoHS,2567527,3122023,1391770,375241,248214,341794,152449,200969,411587,554496,351866,174918,27712
2022:Q3,College,97699410,108831326,27611947,4008524,26814640,10765708,7856366,13316852,18457289,11131916,7743624,2533105,855187
2022:Q3,SomeCollege,21471313,25089956,7821881,1764257,2952690,4559662,1867236,2185984,3938245,3618643,2276356,1230544,111743
2022:Q3,HS,14390013,17213975,5888427,1484335,2060983,2589417,1333328,1542176,2315309,2823961,1942624,738109,143228
2022:Q3,NoHS,2495109,3058924,1347584,381427,231498,343719,147523,201786,405387,563815,357702,179317,26796
2022:Q4,College,99324550,110589621,27131998,4042048,28237749,10900833,8179241,13187100,18910653,11265071,7865340,2587555,812176
2022:Q4,SomeCollege,21525923,25158345,7624931,1769962,3106088,4590224,1938693,2155362,3973086,3632422,2293645,1257194,81583
2022:Q4,HS,14304240,17176465,5706472,1479547,2176016,2601545,1370904,1514468,2327513,2872226,1951783,754822,165621
2022:Q4,NoHS,2482114,3054241,1322616,386696,246058,349170,151017,200801,397883,572127,363847,186179,22101
2023:Q1,College,102001604,113326304,26839635,4099732,29954002,11016179,8553602,13225194,19637960,11324700,7933701,2595956,795043
2023:Q1,SomeCollege,21723430,25344636,7485806,1778430,3285365,4598934,2026868,2143117,4026116,3621206,2275968,1250073,95165
2023:Q1,HS,14459410,17300867,5586043,1488303,2326020,2611691,1424241,1506685,2357884,2841457,1954463,750479,136515
2023:Q1,NoHS,2400131,2959442,1266657,378876,255199,341979,151136,195043,370551,559311,355535,180904,22872
