Date,Category,Assets,Nonfinancial assets,Real estate,Consumer durables,Financial assets,Deposits,Money market fund shares,Debt securities,U.S. government and municipal securities,Corporate and foreign bonds,Loans (Assets),Other loans and advances (Assets),Mortgages,Corporate equities and mutual fund shares,Life insurance reserves,Annuities,DC pension entitlements,DB pension entitlements,Equity in noncorporate business,Miscellaneous assets,Liabilities,Loans (Liabilities),Home mortgages,Consumer credit,Depository institutions loans n.e.c.,Other loans and advances (Liabilities),Deferred and unpaid life insurance premiums,Net worth,Household count
1989:Q3,White,89.2,86.9,87,86.7,90.6,91.4,97,97.4,97.1,99,98.9,99.2,98.8,96.2,89.4,84.8,93,85.5,88.3,85.9,82,81.9,82.6,79.1,93.2,86.1,89.3,90.3,69591129
1989:Q3,Black,4.2,5.1,4.9,5.8,3.7,3.2,1.5,0.8,0.9,0.4,0.1,0,0.1,0.8,4.3,8.9,3.5,8.7,1.3,5.4,5.9,5.9,4.7,10,2.9,0.6,4.3,4,11845844
1989:Q3,Hispanic,2.7,3.8,3.8,3.5,2.1,2.9,0.2,0.5,0.5,0,0,0,0,0.7,2.4,3.3,1.7,2.9,1.9,4,6.4,6.5,6.4,5.9,2.9,10.1,2.4,2.1,7359603
1989:Q3,Other,3.9,4.2,4.3,3.9,3.6,2.6,1.3,1.3,1.5,0.5,1,0.7,1.2,2.3,3.9,2.9,1.7,2.8,8.5,4.6,5.8,5.8,6.2,5,1,3.1,4,3.6,4223525
1989:Q4,White,88.9,86.6,86.7,86.2,90.3,91.3,96.9,97,96.8,98.3,98.6,98.8,98.5,96.1,88.5,84.4,92.5,85.3,87.9,85.6,81.7,81.7,82.3,79,93.1,85.7,88.3,90.1,69605336
1989:Q4,Black,4.3,5.2,4.9,6,3.8,3.1,1.4,0.8,0.9,0.5,0.2,0.1,0.2,0.9,4.7,9.1,3.8,8.8,1.4,5.5,6,6,4.9,9.9,2.9,0.9,4.9,4,11811814
1989:Q4,Hispanic,2.8,3.9,4,3.6,2.1,2.9,0.2,0.4,0.5,0,0,0.1,0,0.7,2.6,3.3,1.7,3,2.1,4.1,6.5,6.6,6.5,6.1,3,9.6,2.6,2.2,7536399
1989:Q4,Other,4,4.3,4.4,4.1,3.8,2.7,1.5,1.7,1.8,1.1,1.2,1.1,1.3,2.4,4.2,3.1,1.9,2.9,8.6,4.7,5.8,5.8,6.2,5,1.1,3.7,4.2,3.7,4308690
1990:Q1,White,88.7,86.5,86.6,86,90.1,91.3,96.8,96.6,96.4,97.4,98.3,98.3,98.3,95.9,87.8,84.1,92.4,85.2,87.6,85.3,81.6,81.5,82.2,78.9,92.9,85.8,87.8,89.9,69665584
1990:Q1,Black,4.4,5.1,4.9,6,3.9,3.1,1.2,0.9,0.9,0.6,0.3,0,0.4,0.9,5,9.2,3.8,8.9,1.6,5.7,6,6,5,9.8,2.9,1.3,5,4.1,11791501
1990:Q1,Hispanic,2.8,3.9,4,3.7,2.2,2.8,0.2,0.4,0.5,0.1,0,0.1,0,0.7,2.8,3.3,1.7,3,2.2,4.2,6.6,6.6,6.6,6.3,3,8.8,2.8,2.2,7669354
1990:Q1,Other,4.1,4.4,4.5,4.2,3.9,2.8,1.8,2.1,2.2,2,1.4,1.5,1.4,2.4,4.4,3.3,2.1,2.9,8.7,4.8,5.8,5.8,6.2,5,1.2,4.1,4.4,3.8,4377331
1990:Q2,White,88.5,86.3,86.4,85.6,89.9,91.3,96.5,96.1,96.1,96.6,97.9,97.8,98,95.8,87.1,83.7,92.1,85,87.2,85.1,81.6,81.5,82.1,78.9,92.8,85.8,87.2,89.6,69769213
1990:Q2,Black,4.4,5.2,4.9,6.2,4,3,1.2,0.9,0.9,0.7,0.4,0,0.5,0.9,5.3,9.4,3.8,9,1.7,5.7,6.1,6.1,5.1,9.8,2.8,1.6,5.3,4.2,11784029
1990:Q2,Hispanic,2.9,4,4.1,3.8,2.2,2.8,0.3,0.4,0.5,0.1,0.1,0.2,0,0.7,3,3.4,1.8,3,2.4,4.3,6.6,6.6,6.6,6.4,3.1,8.1,3,2.3,7761188
1990:Q2,Other,4.2,4.5,4.5,4.4,4,2.9,2,2.6,2.6,2.7,1.6,2,1.5,2.5,4.7,3.5,2.3,3,8.7,4.9,5.8,5.8,6.2,4.9,1.3,4.5,4.6,3.9,4430408
1990:Q3,White,88.3,86.3,86.5,85.6,89.6,91.3,96.4,95.7,95.7,95.5,97.6,97.3,97.7,95.6,86.4,83.5,92.2,84.9,86.9,85,81.5,81.4,82.1,78.9,92.8,85.2,86.6,89.4,69913561
1990:Q3,Black,4.5,5.2,4.9,6.1,4.1,3,1.1,0.9,0.9,0.8,0.5,0,0.6,1,5.6,9.5,3.7,9.1,1.9,5.8,6.2,6.2,5.2,9.8,2.7,1.8,5.5,4.2,11788524
1990:Q3,Hispanic,2.9,4,4,3.8,2.2,2.7,0.3,0.4,0.4,0.1,0.1,0.3,0,0.8,3.2,3.3,1.7,3,2.5,4.3,6.5,6.6,6.5,6.4,3.1,7.6,3.1,2.3,7814625
1990:Q3,Other,4.3,4.6,4.6,4.5,4.1,3,2.2,3,3,3.6,1.9,2.4,1.6,2.6,4.9,3.6,2.4,3,8.7,4.9,5.8,5.8,6.2,4.9,1.4,5.3,4.8,4.1,4468877
1990:Q4,White,88.3,86.3,86.5,85.5,89.5,91.3,96.3,95.3,95.3,95.4,97.2,96.7,97.4,95.5,85.8,83.3,91.7,84.8,86.7,84.9,81.4,81.3,81.9,79,92.7,85.5,85.9,89.4,70095968
1990:Q4,Black,4.5,5.1,4.9,6.1,4.1,3,1,0.9,0.9,0.7,0.6,0.1,0.8,1,5.9,9.7,4,9.2,2,5.9,6.3,6.3,5.4,9.7,2.7,2.2,6,4.2,11804111
1990:Q4,Hispanic,2.8,3.9,3.9,3.8,2.2,2.6,0.3,0.4,0.4,0.1,0.1,0.4,0,0.8,3.3,3.3,1.7,2.9,2.6,4.3,6.5,6.5,6.5,6.5,3.1,6.7,3.2,2.2,7832385
1990:Q4,Other,4.4,4.7,4.7,4.6,4.2,3.1,2.4,3.4,3.3,3.8,2.1,2.9,1.8,2.7,5.1,3.8,2.6,3,8.7,5,5.8,5.8,6.1,4.8,1.5,5.6,4.9,4.1,4493698
1991:Q1,White,88.3,86.2,86.5,85.2,89.5,91.3,96.4,95.1,95.1,94.7,96.8,96.1,97.1,95.5,85.2,83.2,91.1,84.8,86.5,84.8,81.4,81.3,81.8,79,92.5,85.5,85.4,89.4,70313774
1991:Q1,Black,4.5,5.2,4.9,6.2,4.2,2.9,0.8,0.9,0.9,0.7,0.6,0.1,0.9,1.1,6.1,9.8,4.4,9.3,2.2,6,6.4,6.4,5.6,9.7,2.7,2.5,6.2,4.2,11829916
1991:Q1,Hispanic,2.8,3.9,4,3.8,2.2,2.5,0.3,0.3,0.4,0.1,0.1,0.4,0,0.7,3.4,3.2,1.8,2.9,2.8,4.3,6.5,6.5,6.5,6.6,3.2,5.9,3.3,2.2,7817192
1991:Q1,Other,4.4,4.7,4.7,4.7,4.2,3.2,2.6,3.7,3.6,4.5,2.5,3.4,2,2.8,5.2,3.8,2.8,3,8.6,5,5.7,5.7,6.1,4.7,1.6,6,5.1,4.2,4505829
1991:Q2,White,88.2,86.2,86.5,85.1,89.3,91.5,96.1,94.7,94.8,94,96.4,95.5,96.8,95.4,84.7,83,90.8,84.7,86.3,84.8,81.5,81.5,81.9,79.2,92.6,85.6,84.9,89.3,70564318
1991:Q2,Black,4.6,5.2,4.9,6.3,4.3,2.9,0.9,0.9,0.9,0.8,0.7,0,1,1.1,6.4,9.9,4.5,9.4,2.3,6,6.5,6.5,5.7,9.7,2.6,2.8,6.4,4.3,11865062
1991:Q2,Hispanic,2.8,3.9,3.9,3.8,2.1,2.4,0.3,0.3,0.4,0.1,0.2,0.5,0,0.7,3.5,3.2,1.7,2.8,2.9,4.2,6.4,6.4,6.4,6.6,3.2,5.1,3.5,2.2,7771766
1991:Q2,Other,4.4,4.7,4.7,4.8,4.3,3.2,2.8,4.1,3.9,5.1,2.7,4,2.2,2.8,5.4,3.9,2.9,3,8.6,5,5.7,5.7,6,4.5,1.7,6.5,5.3,4.2,4506228
1991:Q3,White,88.2,86.3,86.7,85.2,89.3,91.6,95.8,94.2,94.5,92.4,95.9,94.9,96.4,95.3,84.2,82.9,90.4,84.7,86.1,84.7,81.9,81.9,82.4,79.4,92.5,86.4,84.4,89.2,70844939
1991:Q3,Black,4.6,5.2,4.9,6.2,4.3,2.8,0.9,1,0.9,1,0.8,0.1,1.1,1.1,6.7,10,4.8,9.5,2.5,6.1,6.4,6.4,5.6,9.7,2.5,3,6.6,4.3,11908675
1991:Q3,Hispanic,2.7,3.8,3.7,3.8,2.1,2.3,0.3,0.3,0.3,0.1,0.2,0.6,0,0.7,3.6,3.1,1.7,2.8,2.9,4.2,6.1,6.1,6.1,6.5,3.2,4.2,3.6,2.1,7698829
1991:Q3,Other,4.5,4.8,4.7,4.8,4.3,3.3,2.9,4.6,4.2,6.5,3.1,4.4,2.5,2.9,5.5,4,3.1,3,8.5,5,5.6,5.6,5.9,4.4,1.9,6.3,5.4,4.3,4495853
1991:Q4,White,88.3,86.4,86.7,85.2,89.3,91.7,95.7,93.8,94.2,91,95.2,94.3,95.9,95.3,83.7,82.8,89.9,84.7,86,84.7,82.2,82.2,82.7,79.7,92.3,87.2,83.9,89.2,71152977
1991:Q4,Black,4.7,5.2,4.9,6.2,4.4,2.8,0.9,1,1,1.2,0.8,0.3,1.2,1.1,7,10.1,5.2,9.6,2.6,6.2,6.4,6.4,5.6,9.7,2.5,3.3,6.9,4.4,11959880
1991:Q4,Hispanic,2.6,3.7,3.7,3.7,2,2.2,0.4,0.3,0.3,0.1,0.3,0.7,0,0.6,3.7,3,1.7,2.7,3,4.1,5.9,5.9,5.9,6.4,3.2,3.4,3.6,2.1,7601104
1991:Q4,Other,4.5,4.8,4.7,4.9,4.3,3.3,3.1,5,4.5,7.6,3.6,4.7,2.9,2.9,5.6,4,3.2,3,8.4,5,5.4,5.4,5.8,4.3,2,6.1,5.6,4.3,4475664
1992:Q1,White,88.2,86.3,86.7,85,89.2,92,95.7,93.4,93.9,90.2,94.7,93.5,95.3,95.3,83.3,82.8,89.9,84.7,85.8,84.8,82.8,82.8,83.4,80.1,92.2,87,83.4,89,71485770
1992:Q1,Black,4.7,5.3,4.9,6.4,4.5,2.6,0.7,1,1,1.2,0.9,0.1,1.3,1.2,7.2,10.2,5.2,9.7,2.8,6.3,6.3,6.3,5.4,9.6,2.5,3.6,7.2,4.5,12017802
1992:Q1,Hispanic,2.6,3.7,3.7,3.6,2,2,0.4,0.2,0.3,0.2,0.3,0.8,0,0.6,3.7,2.9,1.7,2.6,3.1,4,5.6,5.6,5.6,6.2,3.2,2.7,3.7,2.1,7481312
1992:Q1,Other,4.5,4.7,4.7,5,4.4,3.3,3.2,5.3,4.8,8.4,4.1,5.6,3.3,3,5.7,4,3.3,3,8.3,4.9,5.3,5.3,5.6,4.1,2.2,6.6,5.7,4.4,4446617
1992:Q2,White,88.1,86.4,86.8,84.9,89,92.2,95.4,93,93.7,88.9,94,92.9,94.8,95.2,82.9,82.7,89.7,84.3,85.7,84.8,83.4,83.4,83.9,80.5,92,87.5,83,88.8,71840658
1992:Q2,Black,4.8,5.3,4.9,6.5,4.6,2.6,0.8,1,1,1.4,1,0.2,1.5,1.2,7.5,10.3,5.3,9.8,3,6.4,6.2,6.2,5.3,9.6,2.4,3.8,7.5,4.6,12081567
1992:Q2,Hispanic,2.6,3.6,3.6,3.5,2,1.9,0.4,0.2,0.2,0.2,0.3,0.9,0,0.6,3.8,2.9,1.6,2.7,3.2,4,5.3,5.3,5.3,6,3.2,2.1,3.8,2.1,7342175
1992:Q2,Other,4.5,4.7,4.6,5,4.4,3.3,3.4,5.7,5,9.6,4.7,6.1,3.8,3,5.8,4.1,3.4,3.2,8.1,4.9,5.2,5.2,5.5,3.9,2.4,6.6,5.8,4.4,4409673
1992:Q3,White,88.1,86.6,87,85.1,88.9,92.4,95.2,92.6,93.5,86.7,93.4,92.2,94.2,95.2,82.6,82.7,89.4,84,85.6,84.8,83.6,83.6,84.1,80.7,92,87.6,82.5,88.8,72214981
1992:Q3,Black,4.9,5.3,4.9,6.4,4.7,2.5,0.9,1.1,1,1.7,1,0.2,1.6,1.2,7.8,10.5,5.6,9.9,3.2,6.5,6.3,6.3,5.4,9.6,2.3,4,7.8,4.7,12150298
1992:Q3,Hispanic,2.5,3.4,3.4,3.5,2,1.7,0.4,0.2,0.2,0.2,0.4,0.9,0,0.6,3.8,2.8,1.6,2.7,3.2,3.9,5.1,5.1,5.1,5.9,3.1,1.5,3.8,2.1,7186414
1992:Q3,Other,4.6,4.7,4.7,5,4.5,3.4,3.5,6.2,5.3,11.4,5.2,6.7,4.2,3,5.8,4.1,3.5,3.4,8,4.8,5.1,5.1,5.3,3.8,2.6,6.9,5.9,4.5,4365788
1992:Q4,White,88.2,86.7,87.1,85.4,89,92.2,94.9,92.7,93.7,86.4,93.7,92.8,94.3,95.3,82.2,82.7,89.1,83.8,86.4,84.9,83.7,83.7,84.3,80.7,90.9,88.4,82.2,88.9,72605827
1992:Q4,Black,4.8,5.2,4.9,6.3,4.6,2.6,1,1.1,1,1.8,1,0.2,1.6,1.2,7.8,10.2,5.4,9.8,3.1,6.5,6.3,6.3,5.5,9.6,3.2,3.8,7.8,4.6,12222905
1992:Q4,Hispanic,2.4,3.4,3.4,3.5,1.9,1.7,0.5,0.2,0.2,0.2,0.3,0.8,0,0.5,4.1,2.7,2,2.7,3,3.9,5,5,5,5.7,3.1,1.4,4.1,2,7017105
1992:Q4,Other,4.6,4.7,4.6,4.9,4.5,3.5,3.5,6,5.1,11.6,4.9,6.2,4.1,3,5.9,4.4,3.5,3.8,7.6,4.8,5.1,5,5.3,3.9,2.8,6.4,5.9,4.5,4316070
1993:Q1,White,88.2,86.6,87.1,85.1,89.1,92.2,94.8,92.9,93.9,87.5,94,93.5,94.4,95.3,81.9,82.7,88.8,83.5,87.1,84.9,84,84,84.5,80.8,89.7,89.5,82,88.9,73009281
1993:Q1,Black,4.8,5.4,5,6.6,4.5,2.5,1.1,1.1,1,1.6,1,0.4,1.5,1.2,7.8,10,5.4,9.7,3,6.5,6.2,6.2,5.4,9.6,4.2,3.6,7.9,4.6,12297424
1993:Q1,Hispanic,2.4,3.4,3.4,3.3,1.9,1.7,0.6,0.3,0.3,0.3,0.3,0.6,0,0.5,4.4,2.6,2.4,2.7,2.8,3.9,4.8,4.8,4.8,5.6,3.1,1.3,4.3,2.1,6838726
1993:Q1,Other,4.5,4.6,4.4,5,4.5,3.6,3.5,5.8,4.8,10.6,4.6,5.4,4,3,5.9,4.7,3.5,4.1,7.2,4.7,5,5,5.2,3.9,3.1,5.6,5.9,4.5,4262216
1993:Q2,White,88.3,86.8,87.2,85.4,89.1,92.1,94.5,93.1,94.2,88,94.3,94.1,94.6,95.3,81.6,82.8,88.6,83.3,87.9,85,84,84.1,84.6,80.9,88.6,90.2,81.7,89,73421178
1993:Q2,Black,4.8,5.3,5,6.4,4.5,2.5,1.3,1.1,1,1.5,1,0.5,1.5,1.2,7.9,9.8,5.3,9.6,2.8,6.5,6.3,6.3,5.5,9.6,5.1,3.4,7.9,4.5,12371675
1993:Q2,Hispanic,2.4,3.3,3.3,3.3,1.9,1.6,0.7,0.3,0.3,0.4,0.3,0.5,0.1,0.5,4.6,2.5,2.6,2.8,2.5,3.9,4.7,4.7,4.7,5.5,3,1.2,4.5,2,6656111
1993:Q2,Other,4.5,4.5,4.4,4.9,4.5,3.7,3.5,5.5,4.5,10.2,4.3,4.9,3.9,3,5.9,4.9,3.4,4.3,6.8,4.7,4.9,4.9,5.2,4,3.3,5.2,5.9,4.4,4206070
1993:Q3,White,88.4,87,87.4,85.8,89.2,92,94.3,93.3,94.5,88.5,94.6,94.5,94.7,95.3,81.4,82.9,88.5,83.1,88.6,85,84.1,84.1,84.5,80.9,87.5,91.3,81.5,89.1,73837352
1993:Q3,Black,4.7,5.3,5,6.2,4.4,2.6,1.4,1.1,1,1.4,1,0.5,1.5,1.1,7.9,9.6,5.2,9.5,2.7,6.5,6.4,6.4,5.7,9.6,6,3.2,7.9,4.5,12443479
1993:Q3,Hispanic,2.4,3.2,3.2,3.3,1.9,1.6,0.8,0.3,0.3,0.4,0.2,0.4,0.1,0.5,4.8,2.4,2.9,2.8,2.3,3.9,4.7,4.7,4.7,5.5,2.9,1.1,4.7,2,6474091
1993:Q3,Other,4.5,4.4,4.4,4.8,4.5,3.8,3.5,5.3,4.3,9.7,4.1,4.6,3.7,3,5.9,5.1,3.4,4.6,6.4,4.6,4.9,4.9,5.1,4.1,3.5,4.4,5.9,4.4,4149478
1993:Q4,White,88.6,87.1,87.5,85.9,89.3,91.9,94.2,93.7,94.7,90.1,94.8,94.9,94.8,95.4,81.2,83,88.5,82.9,89.3,85.1,84.2,84.2,84.6,80.9,86.5,92.2,81.3,89.3,74253637
1993:Q4,Black,4.7,5.3,5.1,6.1,4.3,2.6,1.5,1,1,1.1,1,0.6,1.4,1.1,7.9,9.3,5,9.4,2.6,6.4,6.5,6.4,5.7,9.6,6.9,3,7.9,4.4,12510656
1993:Q4,Hispanic,2.3,3.2,3.2,3.2,1.8,1.6,0.8,0.4,0.3,0.4,0.2,0.3,0.1,0.5,5,2.3,3.1,2.8,2.1,3.9,4.5,4.5,4.5,5.3,2.9,1,4.9,2,6297499
1993:Q4,Other,4.4,4.4,4.3,4.7,4.5,3.9,3.4,5,4,8.4,3.9,4.2,3.6,3,5.9,5.3,3.4,4.9,6,4.6,4.8,4.8,5.1,4.2,3.7,3.8,5.9,4.4,4094285
1994:Q1,White,88.6,87.1,87.5,85.9,89.4,91.8,94.2,93.8,94.8,90.2,95.1,95.2,95,95.3,80.9,83.2,88.6,82.8,90,85.2,84.3,84.3,84.7,81,85.3,92.8,81.1,89.3,74665869
1994:Q1,Black,4.7,5.4,5.1,6.3,4.3,2.6,1.6,1,0.9,1,1,0.6,1.4,1.1,7.9,9.1,4.7,9.4,2.4,6.4,6.5,6.5,5.8,9.6,7.9,2.8,8,4.4,12571026
1994:Q1,Hispanic,2.3,3.2,3.2,3.1,1.8,1.6,0.9,0.4,0.4,0.5,0.2,0.3,0.1,0.5,5.1,2.3,3.3,2.8,2,3.9,4.5,4.5,4.5,5.2,2.9,1,5,2,6131167
1994:Q1,Other,4.4,4.3,4.2,4.7,4.5,4.1,3.4,4.9,3.9,8.3,3.7,3.9,3.5,3.1,6,5.5,3.4,5.1,5.6,4.5,4.8,4.8,5,4.2,3.9,3.4,5.9,4.4,4042336
1994:Q2,White,88.6,87.2,87.6,86.1,89.4,91.7,94,94,94.9,90.6,95.3,95.5,95.1,95.3,80.7,83.3,88.5,82.6,90.7,85.3,84.4,84.4,84.8,81.1,84.1,93.4,80.9,89.3,75069882
1994:Q2,Black,4.7,5.4,5.1,6.2,4.3,2.6,1.7,0.9,0.9,1,1,0.6,1.4,1.1,8,8.9,4.7,9.3,2.3,6.4,6.5,6.5,5.9,9.6,9,2.6,8,4.4,12622410
1994:Q2,Hispanic,2.3,3.1,3.2,3.1,1.8,1.5,0.9,0.4,0.4,0.5,0.2,0.2,0.1,0.5,5.3,2.2,3.4,2.8,1.8,3.8,4.3,4.3,4.3,5.1,2.8,0.9,5.2,2,5979928
1994:Q2,Other,4.4,4.2,4.1,4.6,4.5,4.2,3.4,4.7,3.8,8,3.5,3.7,3.4,3.1,6,5.6,3.4,5.3,5.3,4.5,4.7,4.7,5,4.3,4.1,3.1,6,4.4,3995476
1994:Q3,White,88.7,87.4,87.7,86.4,89.5,91.6,93.9,94,95.1,90.4,95.5,95.7,95.2,95.3,80.7,83.4,88.5,82.5,91.3,85.4,84.5,84.5,84.9,81.1,83,94,80.7,89.4,75461509
1994:Q3,Black,4.6,5.3,5.1,6,4.2,2.6,1.8,0.9,0.9,1,1,0.6,1.3,1.1,8,8.6,4.6,9.2,2.1,6.4,6.6,6.6,5.9,9.6,9.9,2.4,8,4.3,12662626
1994:Q3,Hispanic,2.2,3.1,3.1,3.1,1.8,1.5,1,0.4,0.4,0.5,0.2,0.1,0.2,0.5,5.4,2.1,3.6,2.8,1.6,3.8,4.3,4.2,4.2,5,2.8,0.8,5.3,1.9,5848613
1994:Q3,Other,4.4,4.2,4.1,4.5,4.5,4.3,3.3,4.6,3.6,8.1,3.4,3.5,3.3,3.1,6,5.8,3.4,5.5,4.9,4.4,4.7,4.7,5,4.4,4.3,2.8,6,4.4,3955551
1994:Q4,White,88.8,87.5,87.8,86.6,89.5,91.5,93.9,94.3,95.2,91.2,95.6,96,95.3,95.3,80.4,83.6,88.6,82.4,92,85.4,84.6,84.6,85,81.2,81.7,94.7,80.5,89.5,75836586
1994:Q4,Black,4.5,5.3,5.1,5.9,4.1,2.6,1.8,0.9,0.9,0.8,1,0.7,1.3,1.1,8,8.4,4.3,9.1,2,6.4,6.6,6.6,5.9,9.5,10.9,2.3,8,4.2,12689496
1994:Q4,Hispanic,2.2,3,3,3,1.8,1.5,1,0.4,0.4,0.6,0.1,0.1,0.2,0.5,5.6,2,3.7,2.8,1.5,3.8,4.2,4.2,4.2,4.8,2.8,0.8,5.5,1.9,5742055
1994:Q4,Other,4.4,4.1,4.1,4.5,4.5,4.5,3.3,4.4,3.6,7.4,3.2,3.3,3.2,3.1,6,6,3.4,5.8,4.6,4.4,4.7,4.7,4.9,4.5,4.6,2.2,6,4.4,3924406
1995:Q1,White,88.9,87.6,87.9,86.7,89.6,91.3,93.9,94.4,95.4,91.1,95.8,96.2,95.5,95.4,80.3,83.7,88.4,82.2,92.6,85.4,84.6,84.6,85.1,81.2,80.5,95.2,80.3,89.6,76190948
1995:Q1,Black,4.5,5.3,5.1,5.9,4.1,2.6,1.8,0.9,0.9,0.8,1,0.7,1.2,1.1,8,8.2,4.4,9,1.8,6.4,6.6,6.6,5.9,9.5,11.9,2.1,8,4.1,12700840
1995:Q1,Hispanic,2.2,3,3,3,1.8,1.5,1,0.5,0.4,0.6,0.1,0.1,0.2,0.5,5.7,2,3.8,2.8,1.3,3.9,4.1,4.1,4.1,4.8,2.8,0.7,5.7,1.9,5665086
1995:Q1,Other,4.4,4.1,4,4.4,4.5,4.6,3.3,4.3,3.3,7.5,3.1,3.1,3.1,3.1,6,6.2,3.4,6,4.3,4.4,4.7,4.7,4.9,4.5,4.8,2,6.1,4.3,3903885
1995:Q2,White,89.1,87.8,88,87,89.8,91.1,94,94.3,95.6,90.1,96,96.3,95.6,95.4,80.1,83.7,88.3,82.7,93.1,85.4,84.5,84.5,85,81.2,79.1,95.8,80,89.9,76520428
1995:Q2,Black,4.4,5.2,5.1,5.6,4,2.6,1.7,0.9,0.9,1,0.9,0.7,1.2,1,8,8,4.5,8.9,1.7,6.4,6.6,6.6,6,9.4,12.9,1.9,8,4,12694477
1995:Q2,Hispanic,2.2,3,2.9,3,1.7,1.5,1,0.5,0.4,0.7,0.1,0,0.2,0.5,5.8,2,3.9,2.7,1.2,3.9,4.1,4.1,4.1,4.8,2.8,0.7,5.9,1.8,5622539
1995:Q2,Other,4.3,4.1,4,4.4,4.4,4.7,3.2,4.4,3.1,8.3,3,2.9,3,3.1,6.1,6.3,3.4,5.7,4,4.3,4.7,4.7,4.9,4.6,5.1,1.7,6.1,4.3,3895835
1995:Q3,White,89.3,87.9,88.1,87.2,90,90.9,93.9,94.4,95.7,90.4,96.1,96.5,95.7,95.4,79.9,83.7,88.1,83.1,93.7,85.4,84.5,84.5,84.9,81.2,77.8,96.4,79.7,90.1,76820861
1995:Q3,Black,4.3,5,5,5.4,3.9,2.6,1.8,0.9,0.8,0.9,0.9,0.7,1.1,1,7.9,7.8,4.6,8.8,1.5,6.3,6.6,6.6,6,9.4,13.9,1.8,8,3.9,12668228
1995:Q3,Hispanic,2.1,2.9,2.9,3.1,1.7,1.5,1.1,0.5,0.5,0.7,0.1,0,0.3,0.4,6,2,4,2.6,1.1,4,4.1,4.1,4.1,4.8,2.9,0.6,6.1,1.8,5619246
1995:Q3,Other,4.3,4.1,4.1,4.4,4.3,4.9,3.2,4.2,3,8,2.9,2.8,2.9,3.1,6.1,6.5,3.4,5.5,3.7,4.4,4.7,4.7,4.9,4.7,5.4,1.2,6.2,4.2,3902099
1995:Q4,White,89.5,88,88.2,87.3,90.3,90.8,94.1,95.1,95.9,92.9,96.1,96.6,95.5,95.4,80.3,84.2,88.1,83.7,93.5,85.5,84.5,84.5,84.9,81.5,78,95.7,80.1,90.4,77089335
1995:Q4,Black,4.2,5,4.9,5.3,3.9,2.7,1.7,0.8,0.9,0.6,0.9,0.7,1.2,1.1,8.2,7.6,4.6,8.6,1.5,6.3,6.7,6.7,6.1,9.1,13.1,1.5,8.2,3.8,12621001
1995:Q4,Hispanic,2.1,2.9,2.8,3.1,1.7,1.7,1.2,0.5,0.5,0.6,0.1,0,0.3,0.5,5.8,2.1,3.8,2.6,1.2,3.9,4.1,4.1,4.1,4.7,3.5,0.7,5.8,1.8,5658280
1995:Q4,Other,4.1,4.1,4.1,4.3,4.1,4.8,3.1,3.6,2.8,5.9,2.9,2.7,3.1,3,5.8,6.1,3.5,5.1,3.8,4.3,4.7,4.7,4.9,4.7,5.3,2.1,5.9,4,3923784
1996:Q1,White,89.6,88,88.2,87.4,90.5,90.7,94.5,95.5,96.2,93.6,96.1,96.7,95.3,95.4,80.5,84.7,88.1,84.2,93.3,85.5,84.6,84.6,84.8,81.8,79.7,95.2,80.4,90.5,77327956
1996:Q1,Black,4.2,5,4.9,5.3,3.8,2.9,1.5,0.8,0.9,0.6,0.9,0.7,1.2,1.2,8.4,7.4,4.7,8.4,1.6,6.3,6.6,6.6,6.2,8.8,11.4,1.5,8.4,3.8,12556053
1996:Q1,Hispanic,2.1,2.9,2.9,3.1,1.7,1.9,1.2,0.5,0.4,0.5,0.1,0,0.2,0.6,5.6,2.2,3.6,2.6,1.2,3.9,4.1,4.1,4,4.8,4,0.9,5.6,1.8,5735680
1996:Q1,Other,4,4.1,4.1,4.2,4,4.6,2.9,3.3,2.5,5.2,2.9,2.6,3.3,2.9,5.5,5.8,3.7,4.8,3.9,4.3,4.7,4.7,4.9,4.6,4.9,2.4,5.6,3.9,3959041
1996:Q2,White,89.8,88,88.2,87.5,90.6,90.6,94.4,95.8,96.3,94.7,96.1,96.8,95,95.3,80.8,85.1,88.1,84.7,93.2,85.6,84.6,84.6,84.8,82.1,79.9,94.6,80.7,90.6,77540081
1996:Q2,Black,4.1,4.9,4.8,5.2,3.8,2.9,1.5,0.8,0.9,0.5,0.9,0.6,1.2,1.3,8.6,7.1,4.6,8.1,1.6,6.3,6.5,6.5,6.2,8.5,10.6,1.3,8.6,3.7,12477728
1996:Q2,Hispanic,2.2,2.9,2.9,3.1,1.8,2,1.3,0.4,0.4,0.5,0.1,0,0.2,0.6,5.4,2.4,3.5,2.6,1.3,3.9,4.1,4.1,4,4.8,4.6,1,5.4,1.8,5845726
1996:Q2,Other,3.9,4.1,4.1,4.2,3.8,4.5,2.8,2.9,2.4,4.3,3,2.6,3.5,2.8,5.2,5.5,3.8,4.5,4,4.2,4.8,4.8,5,4.5,4.9,3.1,5.3,3.8,4005281
1996:Q3,White,89.8,88,88.2,87.6,90.7,90.4,94.5,95.9,96.4,94.5,96,96.9,94.8,95.3,81.2,85.5,88,85.2,93,85.6,84.7,84.7,84.9,82.4,80.3,93.9,81,90.7,77729071
1996:Q3,Black,4.1,4.8,4.7,5.1,3.8,3,1.5,0.8,0.9,0.7,0.8,0.6,1.3,1.3,8.7,6.9,4.6,7.9,1.6,6.3,6.5,6.5,6.2,8.3,9.7,1.1,8.7,3.7,12390371
1996:Q3,Hispanic,2.2,3,2.9,3.1,1.8,2.2,1.4,0.4,0.4,0.5,0.1,0,0.2,0.7,5.2,2.5,3.3,2.7,1.3,3.9,4.1,4.1,4,4.9,5.2,1.1,5.3,1.9,5982699
1996:Q3,Other,3.9,4.2,4.2,4.1,3.7,4.3,2.6,2.8,2.3,4.4,3,2.5,3.8,2.7,4.9,5.2,4,4.2,4.1,4.2,4.8,4.8,5,4.5,4.8,3.9,5,3.7,4059915
1996:Q4,White,89.9,87.9,88.1,87.5,90.8,90.3,94.7,96,96.5,94.7,96.2,97,94.5,95.2,81.5,86.1,87.7,85.7,92.7,85.6,84.7,84.7,84.8,82.6,81.5,93.3,81.3,90.7,77898283
1996:Q4,Black,4.1,4.8,4.7,5.2,3.7,3.1,1.3,0.9,0.9,0.8,0.9,0.6,1.3,1.4,8.9,6.4,5.1,7.7,1.6,6.3,6.4,6.4,6.2,8,8.3,1,8.9,3.7,12298326
1996:Q4,Hispanic,2.3,3.1,3,3.2,1.9,2.4,1.5,0.4,0.4,0.4,0.1,0,0.2,0.7,5,2.6,3.1,2.7,1.4,3.9,4.1,4.1,4,4.9,5.7,1.2,5.1,2,6140879
1996:Q4,Other,3.8,4.2,4.2,4.1,3.6,4.2,2.5,2.7,2.2,4.1,2.9,2.3,4,2.7,4.6,4.9,4.1,3.9,4.2,4.2,4.9,4.9,5,4.5,4.5,4.5,4.7,3.6,4120354
1997:Q1,White,89.8,87.9,88,87.5,90.8,90.1,94.9,95.9,96.8,92.9,96.1,97.1,94.2,95.2,81.8,86.4,87.7,86.1,92.4,85.6,84.7,84.7,84.8,82.8,81.3,92.7,81.5,90.7,78051076
1997:Q1,Black,4.1,4.8,4.6,5.2,3.7,3.1,1.2,1,0.9,1.4,0.8,0.5,1.3,1.4,9,6.2,4.9,7.5,1.6,6.3,6.3,6.3,6.1,7.7,7.8,0.9,9,3.7,12205939
1997:Q1,Hispanic,2.3,3.2,3.1,3.2,2,2.6,1.6,0.4,0.4,0.4,0.1,0,0.2,0.8,4.9,2.8,3,2.8,1.5,4,4.1,4.1,4,5,6.4,1.3,5,2,6314546
1997:Q1,Other,3.8,4.2,4.2,4.1,3.6,4.1,2.3,2.7,1.9,5.3,3,2.3,4.3,2.6,4.3,4.6,4.3,3.6,4.4,4.2,4.9,4.9,5.1,4.4,4.5,5.1,4.5,3.6,4184009
1997:Q2,White,90,87.9,88,87.6,90.9,90,94.7,96.2,97,93.8,96.2,97.3,93.8,95.2,82.1,86.5,87.4,86.6,92.2,85.5,84.7,84.7,84.8,83,81.5,92.3,81.8,90.8,78190808
1997:Q2,Black,4,4.7,4.6,5,3.7,3.2,1.3,1,0.9,1.3,0.8,0.5,1.4,1.4,9.1,6.2,5.3,7.3,1.6,6.3,6.2,6.2,6.1,7.5,7.1,0.8,9.2,3.6,12117553
1997:Q2,Hispanic,2.4,3.2,3.2,3.3,2,2.8,1.7,0.4,0.4,0.4,0.1,0,0.2,0.8,4.7,3,2.9,2.8,1.6,4,4.1,4.1,4,5.1,7,1.4,4.8,2.1,6497979
1997:Q2,Other,3.7,4.2,4.3,4.1,3.4,4,2.2,2.4,1.7,4.5,3,2.2,4.6,2.6,4.1,4.3,4.4,3.3,4.5,4.2,5,5,5.1,4.4,4.4,5.5,4.2,3.5,4248292
1997:Q3,White,90.1,87.9,87.9,87.7,91,89.8,94.9,96.6,97.2,94.8,96.2,97.4,93.5,95.2,82.4,86.7,87.2,87,91.9,85.5,84.7,84.7,84.7,83.1,83,91.9,82.1,90.9,78320840
1997:Q3,Black,3.9,4.6,4.5,4.9,3.6,3.2,1.2,1,0.9,1.2,0.8,0.5,1.4,1.4,9.2,6.1,5.5,7.1,1.7,6.3,6.1,6.1,6.1,7.3,5.6,0.8,9.3,3.6,12037514
1997:Q3,Hispanic,2.4,3.3,3.2,3.4,2,3.1,1.9,0.4,0.4,0.3,0,0,0.1,0.9,4.6,3.2,2.7,2.9,1.7,4.1,4.2,4.2,4,5.2,7.3,1.6,4.7,2.1,6685460
1997:Q3,Other,3.6,4.3,4.4,4,3.3,3.9,2.1,2,1.5,3.6,3,2.1,4.9,2.5,3.8,4,4.5,3,4.7,4.1,5,5,5.2,4.4,4.1,5.7,4,3.4,4310614
1997:Q4,White,90.1,87.7,87.7,87.5,91.1,89.6,95,96.7,97.4,94.8,96.3,97.6,93.2,95.1,82.6,87,87.3,87.4,91.6,85.5,84.8,84.8,84.9,83.3,82.4,91.3,82.4,90.9,78444528
1997:Q4,Black,3.9,4.6,4.5,5,3.6,3.3,1.1,1,0.9,1.4,0.8,0.5,1.5,1.5,9.4,5.9,5.4,6.9,1.7,6.3,6,6,6,7.1,5.3,0.6,9.4,3.6,11970167
1997:Q4,Hispanic,2.5,3.4,3.4,3.4,2.1,3.3,1.9,0.4,0.4,0.3,0,0,0.1,0.9,4.4,3.3,2.6,2.9,1.9,4.1,4.2,4.2,3.9,5.3,8.1,1.7,4.5,2.2,6871268
1997:Q4,Other,3.6,4.3,4.4,4,3.3,3.8,2,1.9,1.3,3.5,2.9,1.9,5.3,2.5,3.6,3.8,4.7,2.7,4.8,4.1,5,5.1,5.2,4.4,4.1,6.4,3.7,3.3,4368387
1998:Q1,White,90.2,87.6,87.7,87.6,91.3,89.5,95.3,97.2,97.6,96.2,96.4,97.8,92.7,95.2,82.9,87.1,87,87.8,91.4,85.5,84.9,84.9,85,83.5,82.5,90.8,82.7,91,78565233
1998:Q1,Black,3.8,4.6,4.5,5,3.5,3.4,0.9,1,0.9,1.2,0.8,0.5,1.5,1.4,9.5,5.8,5.7,6.8,1.7,6.3,5.9,5.9,5.9,6.8,4.7,0.6,9.6,3.5,11919854
1998:Q1,Hispanic,2.5,3.5,3.4,3.5,2.1,3.5,2,0.3,0.4,0.2,0,0,0.1,0.9,4.3,3.5,2.5,3,2,4.1,4.2,4.2,3.9,5.4,8.7,1.8,4.4,2.2,7049684
1998:Q1,Other,3.5,4.3,4.4,4,3.1,3.7,1.8,1.4,1.1,2.4,2.8,1.7,5.7,2.5,3.3,3.5,4.8,2.4,4.9,4.1,5.1,5.1,5.2,4.3,4,6.8,3.4,3.2,4419021
1998:Q2,White,90.2,87.5,87.5,87.6,91.3,89.3,95.3,97.8,97.7,97.9,96.5,98,92.3,95.1,83.2,87.3,87.1,87.8,91.2,85.5,84.8,84.8,84.9,83.6,83.1,90.4,83,91,78686313
1998:Q2,Black,3.8,4.6,4.5,4.9,3.5,3.4,0.9,0.9,0.9,0.9,0.8,0.5,1.6,1.5,9.7,5.8,5.6,6.6,1.7,6.3,5.9,5.8,6,6.7,3.9,0.5,9.8,3.5,11890923
1998:Q2,Hispanic,2.6,3.5,3.5,3.5,2.1,3.7,2.1,0.3,0.4,0.2,0,0,0,1,4.1,3.7,2.4,3.1,2,4.1,4.2,4.2,3.9,5.4,9.2,1.9,4.1,2.3,7214987
1998:Q2,Other,3.5,4.3,4.4,3.9,3.1,3.6,1.7,1,1,1,2.7,1.5,6.1,2.4,3,3.3,4.9,2.5,5,4.1,5.1,5.1,5.2,4.3,3.8,7.2,3.1,3.2,4459927
1998:Q3,White,90.1,87.6,87.5,87.9,91.2,89.2,95.6,97.8,97.7,97.9,96.8,98.2,91.8,95,83.4,87.7,87.4,87.8,91,85.5,84.8,84.8,84.8,83.7,83.1,89.7,83.3,91,78811125
1998:Q3,Black,3.8,4.5,4.4,4.7,3.5,3.5,0.7,1,0.9,1.1,0.8,0.6,1.7,1.6,9.9,5.5,5,6.5,1.7,6.3,5.8,5.8,6,6.6,3.4,0.4,9.9,3.4,11887716
1998:Q3,Hispanic,2.7,3.5,3.5,3.6,2.3,3.9,2.1,0.3,0.3,0.1,0,0,0,1.1,3.9,3.8,2.3,3.2,2.1,4.2,4.2,4.2,3.9,5.5,9.8,2,4,2.4,7361459
1998:Q3,Other,3.5,4.4,4.5,3.8,3.1,3.4,1.6,1,1,0.9,2.4,1.2,6.5,2.4,2.8,2.9,5.3,2.5,5.1,4,5.1,5.1,5.2,4.3,3.7,7.9,2.8,3.2,4488517
1998:Q4,White,90.2,87.6,87.6,87.6,91.3,89.3,95.8,97.5,97.7,96.9,96.9,98.3,92.1,95.2,83.7,87.3,87.1,87.6,91.2,85.6,84.6,84.7,84.8,83.2,82.8,90.2,83.5,91.1,78942141
1998:Q4,Black,3.8,4.5,4.4,5,3.4,3.4,0.7,1,0.9,1.4,0.7,0.5,1.5,1.4,9.6,5.8,5.6,6.5,1.7,6.2,6,6,6.1,6.9,3.8,0.5,9.7,3.4,11913406
1998:Q4,Hispanic,2.6,3.6,3.5,3.6,2.2,3.8,1.9,0.3,0.4,0.2,0,0,0,1,3.9,3.9,2.4,3.3,2,4.1,4.3,4.3,4,5.6,9.3,1.9,4.1,2.3,7484973
1998:Q4,Other,3.4,4.3,4.4,3.8,3.1,3.5,1.7,1.1,1,1.5,2.4,1.2,6.4,2.4,2.8,3,4.9,2.5,5.1,4,5.1,5.1,5.2,4.3,4.1,7.3,2.8,3.2,4503099
1999:Q1,White,90.3,87.8,87.8,87.7,91.4,89.5,96,97.8,97.8,97.9,97,98.4,92.4,95.2,83.9,87.1,87.1,87.5,91.5,85.8,84.5,84.5,84.7,82.7,83.2,90.9,83.6,91.2,79078268
1999:Q1,Black,3.7,4.5,4.4,5,3.4,3.4,0.7,1,0.9,1.2,0.6,0.4,1.4,1.4,9.5,5.8,5.6,6.6,1.6,6.1,6.1,6.1,6.1,7.2,3.9,0.7,9.6,3.4,11966471
1999:Q1,Hispanic,2.6,3.5,3.4,3.6,2.2,3.6,1.7,0.3,0.4,0.2,0,0,0,1,3.8,4,2.5,3.3,1.9,4.1,4.4,4.4,4.1,5.6,8.6,1.7,3.9,2.3,7587788
1999:Q1,Other,3.4,4.3,4.4,3.7,3,3.4,1.7,0.8,0.9,0.8,2.4,1.2,6.2,2.4,2.8,3.1,4.8,2.6,5,4,5,5,5.1,4.4,4.3,6.7,2.8,3.2,4505559
1999:Q2,White,90.3,87.8,87.9,87.5,91.4,89.7,95.8,97.7,97.8,97.5,97.1,98.6,92.6,95.3,84.1,86.8,87.1,87.3,91.7,85.9,84.4,84.4,84.6,82.3,83.3,91.8,83.8,91.3,79217526
1999:Q2,Black,3.7,4.5,4.3,5.2,3.4,3.3,0.8,1,1,1.3,0.5,0.3,1.2,1.3,9.3,6,5.8,6.6,1.5,6.1,6.3,6.3,6.3,7.6,4.1,1,9.5,3.3,12044217
1999:Q2,Hispanic,2.5,3.5,3.4,3.6,2.1,3.5,1.6,0.3,0.4,0.2,0,0,0,0.9,3.7,4.1,2.5,3.4,1.9,4,4.5,4.5,4.2,5.7,8,1.6,3.9,2.2,7673753
1999:Q2,Other,3.4,4.2,4.4,3.6,3,3.4,1.8,0.9,0.9,0.9,2.3,1.1,6.2,2.4,2.8,3.1,4.6,2.6,4.9,4,4.8,4.9,5,4.4,4.6,5.5,2.8,3.2,4498684
1999:Q3,White,90.3,88,88.1,87.6,91.4,89.9,95.9,97.7,97.8,97.5,97.3,98.7,92.9,95.4,84.3,86.8,87.3,87.2,91.8,86,84.3,84.3,84.5,81.8,83.9,92.4,84,91.3,79357935
1999:Q3,Black,3.7,4.5,4.3,5.3,3.4,3.3,0.9,1.1,1,1.3,0.5,0.3,1.1,1.3,9.3,6,5.6,6.7,1.5,6,6.4,6.4,6.3,8,4.1,1.2,9.4,3.3,12143950
1999:Q3,Hispanic,2.5,3.4,3.3,3.6,2.2,3.3,1.4,0.4,0.4,0.3,0,0,0,1,3.7,4.2,2.6,3.4,1.8,4,4.5,4.5,4.3,5.7,7.2,1.5,3.8,2.2,7746721
1999:Q3,Other,3.4,4.1,4.3,3.5,3,3.4,1.8,0.9,0.8,0.9,2.2,1,6,2.4,2.8,3.1,4.5,2.7,4.9,4,4.8,4.8,4.8,4.5,4.8,5,2.8,3.2,4485257
1999:Q4,White,90.5,88,88.2,87.5,91.5,90.1,96.2,97,97.7,93.6,97.6,98.8,93.1,95.5,84.5,86.2,87.1,87,91.9,85.7,84.5,84.5,84.7,81.5,84.3,93.4,84.1,91.4,79497514
1999:Q4,Black,3.7,4.5,4.3,5.5,3.4,3.3,0.8,1.2,1,2.6,0.5,0.4,1,1.1,9.1,6.4,5.9,6.8,1.4,6.3,6.5,6.5,6.3,8.3,4.3,1.5,9.4,3.3,12262975
1999:Q4,Hispanic,2.5,3.3,3.3,3.6,2.1,3.2,1.2,0.4,0.4,0.3,0,0,0,0.9,3.6,4.2,2.7,3.5,1.8,4,4.4,4.5,4.3,5.6,6.5,1.4,3.7,2.1,7810544
1999:Q4,Other,3.4,4.1,4.3,3.4,3.1,3.4,1.8,1.4,1,3.5,1.9,0.8,5.9,2.5,2.8,3.2,4.3,2.7,4.8,3.9,4.6,4.6,4.7,4.5,5,3.7,2.8,3.2,4468063
2000:Q1,White,90.5,88.1,88.3,87.4,91.6,90.3,96.3,97,97.7,92.6,97.7,98.8,93.2,95.6,84.7,85.9,87.1,86.8,92.2,85.8,84.7,84.7,85,81.2,84.4,94.2,84.3,91.4,79634283
2000:Q1,Black,3.7,4.6,4.3,5.6,3.4,3.3,0.7,1.3,1,2.9,0.5,0.4,0.8,1.1,9,6.6,6,6.9,1.4,6.3,6.5,6.5,6.2,8.7,4.6,1.7,9.2,3.3,12398597
2000:Q1,Hispanic,2.4,3.3,3.2,3.6,2,3,1.1,0.4,0.4,0.4,0,0,0,0.8,3.5,4.3,2.7,3.5,1.7,4,4.4,4.4,4.2,5.6,5.8,1.3,3.7,2.1,7869073
2000:Q1,Other,3.3,4,4.2,3.3,3,3.4,1.9,1.4,0.9,4.1,1.8,0.8,6,2.5,2.8,3.2,4.2,2.7,4.7,3.9,4.5,4.5,4.6,4.5,5.2,2.8,2.8,3.2,4449885
2000:Q2,White,90.4,88.1,88.3,87.3,91.5,90.5,96.2,97.1,97.8,93.7,97.7,98.9,93.2,95.6,84.8,85.8,87.2,86.7,92.3,85.8,84.5,84.5,85,80.7,84.9,94.4,84.4,91.4,79766261
2000:Q2,Black,3.8,4.6,4.3,5.8,3.4,3.3,0.9,1.3,1,2.6,0.4,0.3,0.7,1.1,9,6.6,5.9,7,1.4,6.3,6.7,6.7,6.2,9.1,4.7,1.8,9.2,3.3,12548122
2000:Q2,Hispanic,2.4,3.3,3.2,3.6,2.1,2.8,1.1,0.4,0.4,0.4,0,0,0,0.9,3.4,4.4,2.8,3.5,1.6,3.9,4.4,4.4,4.3,5.6,5.1,1.2,3.6,2.1,7926160
2000:Q2,Other,3.3,4,4.2,3.2,3,3.3,1.9,1.2,0.8,3.2,1.9,0.8,6.1,2.5,2.8,3.2,4.1,2.8,4.7,3.9,4.4,4.4,4.5,4.6,5.4,2.6,2.8,3.2,4433509
2000:Q3,White,90.4,88.2,88.4,87.4,91.5,90.7,96.2,97.2,97.8,94.3,97.8,99,93.2,95.7,84.9,85.6,87.2,86.5,92.3,85.9,84.4,84.4,85,80.3,85.5,94.8,84.6,91.4,79891469
2000:Q3,Black,3.8,4.6,4.3,5.8,3.4,3.3,0.9,1.3,1,2.5,0.4,0.3,0.5,1,8.9,6.8,5.9,7.1,1.3,6.3,6.8,6.8,6.3,9.5,4.7,2,9.1,3.3,12708857
2000:Q3,Hispanic,2.4,3.2,3.1,3.7,2.1,2.7,1,0.4,0.4,0.4,0,0,0,0.8,3.4,4.4,2.8,3.6,1.6,3.9,4.4,4.4,4.3,5.5,4.3,1,3.5,2.1,7985656
2000:Q3,Other,3.3,3.9,4.2,3.1,3,3.3,1.9,1.2,0.8,2.7,1.9,0.7,6.3,2.4,2.8,3.2,4,2.8,4.7,3.9,4.3,4.3,4.4,4.7,5.5,2.2,2.8,3.2,4421718
2000:Q4,White,90.3,88.1,88.4,87.2,91.4,90.9,96.4,97.2,97.6,95.4,98,99,93.2,95.6,85,85.5,87.4,86.3,92.4,86,84.1,84.1,84.9,79.8,85.4,94.9,84.6,91.4,80007924
2000:Q4,Black,3.9,4.7,4.4,6.1,3.5,3.3,0.8,1.2,1,2.2,0.4,0.4,0.4,1,8.9,6.8,5.7,7.2,1.3,6.3,7.1,7.1,6.4,9.9,5.1,2.1,9.1,3.4,12878106
2000:Q4,Hispanic,2.5,3.2,3.1,3.7,2.1,2.5,0.8,0.4,0.4,0.4,0,0,0,0.9,3.3,4.5,2.9,3.6,1.6,3.9,4.5,4.5,4.4,5.5,3.7,0.8,3.4,2.1,8051413
2000:Q4,Other,3.3,3.9,4.1,3.1,3,3.3,1.9,1.2,1,2,1.6,0.5,6.4,2.4,2.8,3.2,4,2.8,4.7,3.9,4.3,4.3,4.3,4.7,5.8,2.2,2.8,3.1,4417298
2001:Q1,White,90.2,88,88.2,87,91.3,90.9,96.7,97.5,97.7,97,98,99.1,93.4,95.6,85.1,85.4,87.8,86.1,92.5,86,83.9,83.9,84.8,79.3,86.4,95.1,84.8,91.2,80113647
2001:Q1,Black,4,4.8,4.5,6.3,3.5,3.3,0.7,1.2,1,1.7,0.3,0.3,0.3,1,8.9,6.8,5.2,7.4,1.3,6.3,7.3,7.3,6.5,10.4,4.9,2.2,8.9,3.4,13053175
2001:Q1,Hispanic,2.5,3.3,3.2,3.7,2.1,2.4,0.7,0.4,0.4,0.4,0,0,0,0.9,3.3,4.6,3,3.6,1.6,3.8,4.5,4.5,4.5,5.5,2.9,0.6,3.4,2.2,8127282
2001:Q1,Other,3.3,3.9,4.1,3,3,3.3,1.9,0.8,0.8,0.8,1.7,0.6,6.3,2.4,2.8,3.1,4,2.9,4.6,3.9,4.3,4.3,4.2,4.8,5.9,2.2,2.8,3.2,4423032
2001:Q2,White,90.2,88,88.2,87,91.3,91.1,96.6,97.6,97.8,97.2,98,99.2,93.6,95.7,85.2,85.1,87.6,85.9,92.6,85.9,83.5,83.5,84.4,78.8,87,95.5,85,91.3,80206658
2001:Q2,Black,4,4.9,4.5,6.4,3.5,3.3,0.8,1.2,1.1,1.7,0.3,0.3,0.2,1,8.8,7,5.4,7.5,1.2,6.4,7.6,7.6,6.8,10.8,4.9,2.4,8.8,3.4,13231370
2001:Q2,Hispanic,2.5,3.3,3.2,3.7,2.1,2.3,0.6,0.4,0.4,0.5,0,0,0,0.9,3.2,4.7,3.1,3.6,1.5,3.8,4.7,4.7,4.7,5.7,2.1,0.4,3.3,2.1,8217115
2001:Q2,Other,3.3,3.9,4.1,3,3,3.3,2,0.7,0.8,0.6,1.7,0.6,6.3,2.4,2.8,3.2,3.9,2.9,4.6,3.9,4.2,4.2,4.2,4.8,6,1.6,2.9,3.2,4441704
2001:Q3,White,90.1,88,88.3,86.9,91.2,91.2,96.6,97.6,97.6,97.5,98.2,99.1,93.7,95.6,85.2,85,88,85.7,92.7,85.8,83.5,83.5,84.4,78.3,86.7,96.2,85,91.2,80284975
2001:Q3,Black,4.1,4.9,4.5,6.5,3.6,3.3,0.8,1.2,1.1,1.6,0.4,0.5,0.1,1,8.8,7.1,4.9,7.7,1.2,6.5,7.6,7.6,6.8,11.2,5.4,2.6,8.9,3.4,13409996
2001:Q3,Hispanic,2.5,3.2,3.1,3.7,2.1,2.1,0.6,0.4,0.4,0.5,0,0,0,0.9,3.2,4.8,3.2,3.6,1.5,3.8,4.7,4.7,4.7,5.6,1.5,0.5,3.2,2.1,8324764
2001:Q3,Other,3.4,3.9,4.1,2.9,3.1,3.4,2,0.8,0.9,0.4,1.3,0.4,6.2,2.4,2.8,3.2,3.9,3,4.6,3.9,4.1,4.1,4.1,4.9,6.4,0.7,2.9,3.2,4476100
2001:Q4,White,90,87.8,88,86.7,91.2,91.2,96.8,97.6,97.7,97.2,98.3,99.2,94.2,95.6,85.1,84.8,87.8,85.6,92.8,85.7,82.8,82.8,83.6,78.1,88.3,96,85,91.3,80347546
2001:Q4,Black,4.1,5,4.6,6.5,3.7,3.3,0.7,1.2,1.1,1.6,0.3,0.3,0.1,1,8.7,7.3,5.3,7.8,1.3,6.5,7.9,7.9,7.1,11.3,4.5,2.5,8.8,3.5,13586377
2001:Q4,Hispanic,2.5,3.3,3.2,3.9,2.1,2.1,0.6,0.5,0.5,0.6,0,0,0,0.9,3.2,4.8,3.1,3.6,1.5,3.9,4.9,5,5,5.8,1.6,0.3,3.3,2.1,8452711
2001:Q4,Other,3.3,3.9,4.1,3,3,3.3,2,0.7,0.7,0.6,1.4,0.5,5.7,2.4,2.9,3.1,3.8,3,4.4,3.9,4.3,4.3,4.3,4.9,5.7,1.2,3,3.2,4528622
2002:Q1,White,89.9,87.5,87.8,86.4,91.1,91.2,96.7,97.4,97.7,96.6,98.4,99.2,94.8,95.6,85.1,84.8,87.6,85.5,92.8,85.5,82.8,82.8,83.6,78,89.1,96.1,84.9,91.1,80397021
2002:Q1,Black,4.2,5.1,4.7,6.5,3.8,3.4,0.8,1.3,1.1,1.7,0.2,0.3,0.1,1,8.7,7.5,5.6,7.9,1.5,6.5,7.8,7.8,6.9,11.4,4.1,2.3,8.7,3.6,13757911
2002:Q1,Hispanic,2.6,3.5,3.4,4,2.1,2.1,0.6,0.5,0.5,0.7,0,0,0,0.9,3.3,4.8,3,3.6,1.5,4,5,5,5,5.8,1.7,0.3,3.4,2.2,8597957
2002:Q1,Other,3.3,3.9,4.1,3.1,3,3.3,1.9,0.7,0.7,1,1.4,0.5,5.2,2.4,3,2.9,3.8,2.9,4.3,4,4.4,4.4,4.5,4.8,5.2,1.3,3,3.1,4600152
2002:Q2,White,89.6,87.2,87.5,86.1,91,91.3,96.5,97.6,97.7,97.5,98.5,99.3,95.2,95.5,84.9,84.8,87.9,85.4,92.8,85.3,82.7,82.6,83.5,77.9,90.2,96,84.8,90.9,80436979
2002:Q2,Black,4.3,5.1,4.8,6.5,3.9,3.4,1,1.2,1.1,1.4,0.1,0.1,0.1,1.1,8.7,7.7,5.3,8,1.6,6.6,7.8,7.8,6.9,11.4,3.4,2.2,8.6,3.7,13922014
2002:Q2,Hispanic,2.7,3.6,3.5,4.2,2.1,2.1,0.7,0.6,0.5,0.7,0,0,0,1,3.3,4.8,2.9,3.6,1.5,4.1,5,5,5,5.8,1.7,0.2,3.5,2.3,8756135
2002:Q2,Other,3.3,4,4.2,3.2,2.9,3.3,1.9,0.6,0.6,0.4,1.4,0.6,4.7,2.4,3.1,2.8,3.9,2.9,4.1,4,4.5,4.6,4.6,4.8,4.6,1.6,3.1,3.1,4691190
2002:Q3,White,89.4,87,87.3,86,90.8,91.2,96.4,97.7,97.7,97.8,98.6,99.3,95.8,95.4,84.8,84.8,88.3,85.3,92.7,85,82.3,82.3,83,77.7,90.7,96.1,84.6,90.7,80470998
2002:Q3,Black,4.5,5.1,4.9,6.4,4.1,3.4,1,1.2,1.2,1.2,0.1,0.1,0.1,1.2,8.6,7.8,4.9,8.1,1.7,6.7,7.8,7.8,6.9,11.5,3.1,2,8.6,3.8,14076103
2002:Q3,Hispanic,2.8,3.7,3.6,4.4,2.2,2.1,0.7,0.6,0.6,0.8,0,0,0,1.1,3.4,4.8,2.9,3.6,1.5,4.2,5.2,5.2,5.2,5.9,1.9,0.1,3.5,2.3,8922877
2002:Q3,Other,3.4,4.1,4.3,3.2,2.9,3.3,1.9,0.4,0.6,0.2,1.3,0.6,4.2,2.3,3.2,2.7,3.9,2.9,4,4.1,4.7,4.7,4.8,4.8,4.3,1.9,3.3,3.1,4802238
2002:Q4,White,89.3,86.8,87,85.9,90.8,91.2,96.5,98,97.8,98.3,98.7,99.4,96.3,95.3,84.7,84.5,88.1,85.2,92.9,84.7,81.9,81.9,82.6,77.6,91.3,96.1,84.5,90.7,80502656
2002:Q4,Black,4.5,5.2,4.9,6.2,4.1,3.4,1,1.1,1.2,0.9,0,0,0.1,1.3,8.5,8.1,5.2,8.3,1.8,6.7,7.9,7.9,7,11.6,2.7,1.8,8.5,3.9,14217593
2002:Q4,Hispanic,2.8,3.8,3.7,4.6,2.2,2,0.7,0.7,0.6,0.8,0,0,0,1.1,3.5,4.7,2.8,3.7,1.5,4.3,5.3,5.3,5.4,6,2,0,3.6,2.3,9093816
2002:Q4,Other,3.4,4.2,4.4,3.3,2.9,3.4,1.9,0.2,0.4,0,1.3,0.6,3.7,2.3,3.3,2.6,3.9,2.9,3.8,4.2,4.9,4.9,5.1,4.9,3.9,2,3.4,3.1,4933794
2003:Q1,White,89,86.5,86.7,85.6,90.6,91.1,96.3,97.8,97.8,97.9,98.8,99.4,96.7,95.2,84.6,84.3,88,85.1,92.7,84.5,81.6,81.6,82.2,77.4,91.6,96.2,84.2,90.5,80535532
2003:Q1,Black,4.6,5.2,5,6.2,4.2,3.4,1.1,1.2,1.2,1.1,0,0,0.1,1.3,8.5,8.4,5.3,8.3,2,6.8,7.9,7.9,7,11.6,2.6,1.7,8.6,4,14343900
2003:Q1,Hispanic,2.9,4,3.8,4.7,2.3,2.1,0.7,0.8,0.7,0.9,0,0,0,1.2,3.6,4.7,2.7,3.7,1.6,4.4,5.4,5.5,5.5,6.1,2.1,0.1,3.6,2.4,9264583
2003:Q1,Other,3.4,4.3,4.5,3.5,2.9,3.4,1.8,0.2,0.3,0.1,1.2,0.6,3.2,2.3,3.4,2.6,4,2.9,3.7,4.3,5.1,5.1,5.3,4.9,3.7,2,3.5,3.1,5086360
2003:Q2,White,88.9,86.2,86.4,85.3,90.6,91,96.2,97.6,97.8,97.3,98.9,99.3,97.2,95.2,84.4,84,87.5,84.9,92.7,84.3,81.4,81.4,81.8,77.2,91.8,96.5,84.1,90.4,80573204
2003:Q2,Black,4.6,5.3,5.1,6.2,4.3,3.4,1.2,1.2,1.2,1.2,0.2,0.3,0.1,1.3,8.4,8.7,5.9,8.4,2.1,6.8,7.8,7.8,7,11.6,2.5,1.8,8.6,4,14452441
2003:Q2,Hispanic,2.9,4.1,3.9,4.9,2.2,2.1,0.8,0.8,0.7,1,0,0.1,0,1.1,3.6,4.7,2.6,3.7,1.6,4.5,5.5,5.6,5.7,6.2,2.3,0.5,3.7,2.4,9430812
2003:Q2,Other,3.5,4.4,4.6,3.6,2.9,3.5,1.8,0.4,0.3,0.5,0.8,0.4,2.7,2.4,3.5,2.6,4,3,3.6,4.4,5.2,5.2,5.5,5,3.5,1.1,3.7,3.1,5260437
2003:Q3,White,88.8,86,86.1,85.2,90.5,91,96,97.2,97.7,96,99,99.4,97.6,95.1,84.3,83.9,87.4,84.8,92.6,84,81.2,81.2,81.6,77.1,92.3,96.5,84,90.3,80619250
2003:Q3,Black,4.7,5.3,5.1,6,4.3,3.4,1.3,1.3,1.2,1.5,0.2,0.2,0,1.4,8.3,8.9,6,8.5,2.2,6.8,7.7,7.7,6.9,11.6,2.1,1.6,8.4,4.1,14540631
2003:Q3,Hispanic,3,4.2,4,5.1,2.2,2,0.9,0.9,0.7,1.1,0,0,0,1.1,3.7,4.6,2.5,3.7,1.7,4.6,5.6,5.6,5.7,6.2,2.3,0.4,3.7,2.4,9588133
2003:Q3,Other,3.6,4.6,4.8,3.8,3,3.6,1.8,0.7,0.3,1.4,0.8,0.4,2.4,2.4,3.7,2.6,4.1,3,3.6,4.5,5.4,5.5,5.8,5.1,3.3,1.5,3.8,3.2,5456524
2003:Q4,White,88.7,85.7,85.9,85,90.5,91,95.8,97.2,97.6,96.4,99.2,99.4,98.1,95,84.2,83.6,87,84.7,92.5,83.7,80.8,80.8,81.1,76.9,90.9,96.4,83.9,90.2,80677249
2003:Q4,Black,4.7,5.3,5.1,5.8,4.3,3.4,1.4,1.3,1.2,1.3,0.1,0.1,0,1.4,8.2,9.2,6.5,8.6,2.3,6.9,7.7,7.7,6.9,11.6,2.9,1.3,8.2,4.1,14605887
2003:Q4,Hispanic,3,4.3,4.1,5.2,2.2,2,0.9,0.9,0.8,1.2,0,0,0,1.1,3.7,4.6,2.4,3.7,1.7,4.7,5.7,5.7,5.9,6.3,2.7,0.2,3.8,2.4,9732180
2003:Q4,Other,3.6,4.8,4.9,3.9,3,3.6,1.9,0.7,0.4,1.2,0.7,0.4,1.9,2.5,3.9,2.6,4.2,3,3.5,4.7,5.7,5.7,6.1,5.2,3.5,2.1,4,3.2,5675123
2004:Q1,White,88.6,85.3,85.5,84.7,90.5,90.9,95.7,96.6,96.7,96.3,99.2,99.4,98.7,94.9,84,83.4,86.9,84.6,92.3,83.5,80.5,80.5,80.8,76.7,91.2,96.5,83.8,90.1,80750778
2004:Q1,Black,4.7,5.3,5.2,5.8,4.3,3.4,1.5,1.2,1.1,1.3,0.2,0.2,0,1.4,8.1,9.4,6.6,8.6,2.4,6.8,7.7,7.7,6.8,11.6,2.7,1.1,8,4.1,14645625
2004:Q1,Hispanic,3,4.4,4.2,5.4,2.2,2,1,0.8,0.7,1.2,0.1,0.1,0,1.1,3.8,4.5,2.3,3.7,1.8,4.8,5.8,5.8,5.9,6.4,2.8,0.2,3.9,2.5,9858585
2004:Q1,Other,3.7,4.9,5.1,4.1,3,3.7,1.9,1.4,1.5,1.2,0.5,0.3,1.3,2.6,4,2.6,4.3,3.1,3.5,4.9,6,6,6.4,5.3,3.3,2.1,4.2,3.3,5916733
2004:Q2,White,88.4,85.1,85.2,84.7,90.3,90.8,95.5,96.5,96.8,95.5,99.3,99.4,99.3,94.8,83.9,83.3,86.8,84.5,92,83.3,80.3,80.3,80.5,76.6,91.5,96.6,83.6,89.9,80843416
2004:Q2,Black,4.7,5.3,5.2,5.5,4.4,3.3,1.6,1.2,1.2,1.4,0.2,0.3,0.1,1.5,8,9.6,6.6,8.6,2.5,6.8,7.6,7.6,6.8,11.6,2.5,1,8,4.1,14657261
2004:Q2,Hispanic,3.1,4.5,4.3,5.6,2.2,2,1,0.9,0.8,1.3,0.1,0.2,0,1.1,3.8,4.5,2.2,3.7,1.9,4.9,5.8,5.9,6,6.4,2.9,0.3,3.9,2.5,9962980
2004:Q2,Other,3.9,5.2,5.3,4.3,3.1,3.8,1.9,1.4,1.3,1.8,0.3,0.2,0.7,2.6,4.2,2.6,4.4,3.3,3.6,5.1,6.3,6.3,6.7,5.4,3.1,2.1,4.5,3.4,6181856
2004:Q3,White,88.1,84.7,84.8,84.4,90.2,90.8,95.4,96.4,96.7,95.7,99.5,99.4,99.9,94.8,83.8,83.3,86.8,84.4,91.6,83.1,80,80,80.1,76.5,92.4,96.6,83.5,89.7,80958741
2004:Q3,Black,4.7,5.3,5.3,5.4,4.4,3.3,1.7,1.2,1.2,1.3,0.2,0.2,0.1,1.5,7.9,9.7,6.6,8.5,2.6,6.7,7.5,7.5,6.7,11.5,2,0.9,7.9,4.2,14638211
2004:Q3,Hispanic,3.1,4.6,4.4,5.7,2.2,2,1.1,0.9,0.8,1.3,0.1,0.2,0,1.1,3.9,4.4,2.1,3.6,2.1,4.9,5.9,5.9,6.1,6.4,2.8,0.3,3.9,2.6,10040997
2004:Q3,Other,4,5.4,5.6,4.5,3.2,3.9,1.9,1.5,1.4,1.7,0.2,0.2,0,2.6,4.5,2.6,4.5,3.4,3.7,5.3,6.6,6.6,7.1,5.6,2.8,2.3,4.7,3.6,6470991
2004:Q4,White,87.8,84.3,84.3,84.1,89.9,90.5,95.2,95.9,96.3,93.9,99.2,99.1,99.7,94.7,83.8,82.8,86.4,84.1,91.1,82.6,79.6,79.6,79.6,76.3,92.3,96.4,83.4,89.4,81098395
2004:Q4,Black,4.7,5.4,5.4,5.5,4.3,3.3,1.7,1.2,1.1,1.6,0.3,0.4,0.1,1.4,7.9,9.8,6.7,8.6,2.6,6.9,7.6,7.6,6.9,11.3,1.9,1,8,4.2,14587362
2004:Q4,Hispanic,3.2,4.7,4.6,5.7,2.2,2,1.1,0.9,0.8,1.4,0.2,0.3,0.1,1.1,3.7,4.4,2.2,3.6,2.2,5,6.1,6.1,6.2,6.5,3,0.7,3.7,2.6,10089810
2004:Q4,Other,4.3,5.6,5.8,4.7,3.5,4.2,2,2,1.8,3.1,0.2,0.3,0,2.7,4.6,3,4.6,3.7,4.1,5.5,6.8,6.8,7.3,5.9,2.9,1.9,4.8,3.8,6783732
2005:Q1,White,87.5,83.8,83.8,83.8,89.7,90.1,94.9,95.9,96.4,93.9,99,98.9,99.5,94.7,83.9,82.5,86.5,83.8,90.6,82.2,78.8,78.7,78.6,76,92.5,96.1,83.4,89.1,81256274
2005:Q1,Black,4.8,5.5,5.4,5.6,4.3,3.4,1.8,1.2,1.1,1.6,0.3,0.3,0.2,1.4,8,9.8,6.5,8.6,2.5,7,7.8,7.8,7.2,11,1.7,0.9,8.1,4.2,14509489
2005:Q1,Hispanic,3.3,4.9,4.7,5.7,2.3,2.1,1.1,0.9,0.8,1.4,0.3,0.3,0.3,1.2,3.5,4.4,2.3,3.6,2.4,5,6.3,6.3,6.5,6.8,3,0.9,3.5,2.7,10112758
2005:Q1,Other,4.5,5.9,6,4.9,3.7,4.4,2.2,2,1.7,3.2,0.5,0.6,0,2.8,4.7,3.3,4.7,4,4.5,5.7,7.1,7.1,7.6,6.2,2.8,2.1,4.9,4,7116042
2005:Q2,White,87.1,83.3,83.3,83.4,89.5,89.9,94.6,95.8,96.2,94.1,98.8,98.7,99.3,94.6,83.9,82.1,86.4,83.6,90,81.8,78.3,78.2,78,75.8,92,95.8,83.4,88.9,81424336
2005:Q2,Black,4.8,5.6,5.5,5.8,4.3,3.4,1.9,1.1,1,1.5,0.3,0.3,0.3,1.3,8,9.9,6.5,8.6,2.5,7.1,7.8,7.8,7.4,10.8,1.8,0.8,8.2,4.2,14410835
2005:Q2,Hispanic,3.3,5,4.9,5.6,2.3,2.1,1.2,0.9,0.8,1.4,0.3,0.3,0.4,1.2,3.3,4.3,2.4,3.5,2.6,5,6.5,6.5,6.7,6.9,3.3,1.1,3.3,2.7,10114721
2005:Q2,Other,4.7,6.1,6.3,5.2,3.9,4.6,2.3,2.1,1.9,3.1,0.7,0.8,0,2.9,4.8,3.7,4.7,4.3,4.9,6,7.4,7.4,7.9,6.5,2.9,2.3,5,4.2,7462977
2005:Q3,White,86.8,83,82.9,83.2,89.2,89.6,94.4,95.7,96.3,92.2,98.5,98.4,99.1,94.6,84,81.8,86.2,83.3,89.4,81.4,77.8,77.8,77.5,75.6,91.8,95.5,83.6,88.6,81594541
2005:Q3,Black,4.8,5.6,5.6,5.7,4.2,3.4,1.9,1.1,1,1.8,0.2,0.2,0.4,1.2,8.1,9.9,6.4,8.6,2.4,7.2,7.9,7.9,7.5,10.5,1.8,0.8,8.1,4.1,14297645
2005:Q3,Hispanic,3.4,5.1,5,5.6,2.4,2.2,1.2,0.9,0.8,1.4,0.3,0.3,0.5,1.2,3.1,4.3,2.5,3.5,2.8,5.1,6.6,6.6,6.8,7,3.4,1.3,3.2,2.8,10100578
2005:Q3,Other,5,6.4,6.5,5.4,4.2,4.9,2.5,2.3,1.8,4.6,0.9,1.1,0,3,4.9,4.1,4.8,4.6,5.5,6.3,7.7,7.7,8.2,6.9,3,2.4,5.1,4.5,7819592
2005:Q4,White,86.6,82.6,82.5,83,89,89.3,94.4,95.7,96.3,93.1,98.2,98.1,99,94.6,84.1,81.5,86.1,83.1,88.8,81,77.3,77.3,77,75.4,91.4,95.1,83.7,88.4,81758849
2005:Q4,Black,4.7,5.6,5.6,5.7,4.2,3.4,1.8,1.1,1,1.5,0.2,0.2,0.4,1.1,8.1,9.8,6.4,8.6,2.4,7.3,7.9,7.9,7.7,10.3,1.9,0.6,8.1,4.1,14176165
2005:Q4,Hispanic,3.4,5.1,5,5.6,2.4,2.2,1.2,0.9,0.8,1.3,0.3,0.3,0.6,1.2,2.9,4.2,2.6,3.4,2.9,5.1,6.7,6.7,6.9,7,3.7,1.5,3,2.8,10075211
2005:Q4,Other,5.3,6.6,6.8,5.6,4.4,5.1,2.7,2.3,1.9,4,1.2,1.5,0,3.1,5,4.4,4.9,5,5.9,6.5,8,8,8.5,7.3,3.1,2.9,5.2,4.7,8180944
2006:Q1,White,86.5,82.3,82.3,82.6,88.9,88.9,94.1,95.6,96.2,92.7,97.9,97.7,98.8,94.5,84.2,81.2,86,82.8,88.3,80.7,77.1,77,76.7,75.3,90.7,94.9,83.8,88.3,81909217
2006:Q1,Black,4.7,5.6,5.6,5.9,4.1,3.5,1.8,1.1,1,1.5,0.2,0.2,0.4,1.1,8.1,9.8,6.3,8.6,2.3,7.4,7.9,7.9,7.7,10,2.2,0.6,8.1,4,14052639
2006:Q1,Hispanic,3.4,5.2,5.1,5.5,2.4,2.3,1.2,0.9,0.8,1.3,0.4,0.3,0.8,1.2,2.7,4.2,2.7,3.3,3,5.1,6.8,6.8,6.9,7.1,3.9,1.7,2.8,2.8,10043499
2006:Q1,Other,5.5,6.9,7,5.9,4.7,5.4,2.9,2.5,2.1,4.4,1.5,1.8,0,3.3,5,4.9,4.9,5.3,6.3,6.8,8.3,8.3,8.7,7.6,3.2,2.8,5.3,4.9,8542089
2006:Q2,White,86.2,82.1,82,82.5,88.7,88.6,94,95.8,96.3,93.9,97.6,97.4,98.7,94.5,84.3,80.9,86.1,82.5,87.8,80.4,76.6,76.6,76.2,75,90,94.7,83.9,88.1,82037606
2006:Q2,Black,4.7,5.6,5.6,5.9,4.1,3.5,1.7,1,0.9,1.3,0.3,0.3,0.4,1,8.2,9.8,6.1,8.6,2.2,7.4,7.9,7.9,7.8,9.8,2.4,0.6,8.1,4,13933311
2006:Q2,Hispanic,3.4,5.2,5.1,5.5,2.4,2.3,1.2,0.9,0.8,1.3,0.4,0.3,1,1.2,2.4,4.1,2.8,3.3,3.1,5.1,6.9,6.9,7,7.2,4.2,1.9,2.6,2.8,10010322
2006:Q2,Other,5.7,7.1,7.3,6.2,4.9,5.6,3.1,2.3,1.9,3.6,1.7,2,0,3.3,5.1,5.2,5,5.6,6.8,7.1,8.6,8.6,9,8,3.3,2.8,5.4,5.1,8898082
2006:Q3,White,86,81.8,81.7,82.3,88.5,88.3,93.9,95.6,96.2,92.9,97.3,97.1,98.5,94.4,84.4,80.5,86,82.2,87.3,80.1,76.2,76.2,75.7,74.7,89.5,94.5,84,88,82135974
2006:Q3,Black,4.6,5.6,5.6,5.8,4,3.5,1.7,1,0.9,1.4,0.2,0.2,0.3,0.9,8.2,9.8,6.1,8.6,2.2,7.5,8,8,7.9,9.7,2.5,0.6,8.2,3.9,13824428
2006:Q3,Hispanic,3.4,5.2,5.1,5.5,2.4,2.4,1.1,0.9,0.8,1.3,0.5,0.3,1.2,1.2,2.3,4.1,2.9,3.2,3.3,5.1,7,7,7.1,7.2,4.5,2.1,2.4,2.7,9980561
2006:Q3,Other,6,7.3,7.5,6.4,5.1,5.8,3.3,2.5,2.1,4.5,2,2.4,0,3.4,5.1,5.6,5.1,6,7.2,7.4,8.9,8.9,9.3,8.4,3.4,2.9,5.5,5.4,9243978
2006:Q4,White,85.8,81.6,81.5,82.1,88.3,88,93.9,95.7,96.5,92.4,96.9,96.7,98.4,94.3,84.5,80.2,85.8,81.9,86.8,79.8,75.9,75.9,75.3,74.4,88.3,94.5,84,87.8,82196280
2006:Q4,Black,4.6,5.7,5.6,5.9,4,3.5,1.5,1,0.9,1.4,0.2,0.2,0.3,0.9,8.3,9.8,6.1,8.5,2.2,7.5,8,8,8,9.5,3,0.6,8.2,3.9,13732232
2006:Q4,Hispanic,3.4,5.2,5.2,5.5,2.4,2.4,1.1,0.9,0.9,1.3,0.5,0.3,1.4,1.2,2.1,4,2.9,3.2,3.4,5.1,7,7,7.2,7.3,5,2.3,2.2,2.7,9959095
2006:Q4,Other,6.2,7.6,7.7,6.6,5.3,6.1,3.5,2.4,1.8,4.9,2.4,2.8,0,3.6,5.2,6,5.1,6.3,7.7,7.6,9.1,9.1,9.5,8.8,3.7,2.5,5.5,5.6,9574835
2007:Q1,White,85.7,81.3,81.3,81.6,88.2,87.7,93.8,95.6,96.3,92.7,96.6,96.3,98,94.3,84.5,79.8,85.8,81.6,86.4,79.5,75.6,75.6,75.1,74.1,88.5,94.2,84,87.7,82210485
2007:Q1,Black,4.6,5.7,5.6,6.1,3.9,3.5,1.5,1,0.9,1.3,0.2,0.2,0.3,0.8,8.3,9.8,6,8.6,2.1,7.6,8,8,8,9.5,2.8,0.6,8.3,3.9,13662970
2007:Q1,Hispanic,3.4,5.2,5.2,5.4,2.4,2.5,1.1,0.9,0.9,1.2,0.6,0.4,1.6,1.2,1.9,4,3,3.1,3.4,5.1,7.1,7.1,7.2,7.3,5.2,2.5,2.1,2.7,9950805
2007:Q1,Other,6.3,7.7,7.9,6.9,5.5,6.3,3.7,2.5,2,4.7,2.7,3.1,0.2,3.7,5.2,6.4,5.1,6.6,8,7.8,9.3,9.3,9.7,9.1,3.5,2.7,5.6,5.7,9885708
2007:Q2,White,85.5,81.1,81.1,81.3,88,87.4,93.6,95.4,96.3,91.1,96.2,96,97.3,94.2,84.6,79.4,85.6,81.4,86,79.1,75.4,75.4,74.7,73.9,88.2,94.5,84.1,87.6,82170546
2007:Q2,Black,4.6,5.7,5.7,6.2,3.9,3.5,1.4,1,0.9,1.5,0.4,0.4,0.2,0.8,8.4,9.8,6.1,8.6,2.1,7.7,8,8,8.1,9.3,2.9,0.7,8.4,3.9,13622886
2007:Q2,Hispanic,3.4,5.3,5.3,5.4,2.4,2.5,1.1,0.9,0.9,1.3,0.6,0.5,1.8,1.2,1.7,4,3.1,3.2,3.5,5.1,7.1,7.1,7.3,7.4,5.5,2.6,1.9,2.7,9960571
2007:Q2,Other,6.5,7.9,8,7.1,5.7,6.5,3.9,2.7,2,6.1,2.8,3.1,0.7,3.8,5.3,6.8,5.2,6.8,8.4,8,9.5,9.5,9.9,9.4,3.5,2.2,5.6,5.9,10171652
2007:Q3,White,85.4,80.9,80.9,81,87.9,87.1,93.9,95.7,95.9,94.8,95.8,95.7,96.7,94.2,84.6,79,85.6,81.2,85.6,78.8,74.8,74.8,74.2,73.5,87,93.7,84.1,87.6,82068424
2007:Q3,Black,4.5,5.8,5.7,6.3,3.9,3.6,1.2,0.8,0.8,0.9,0.4,0.4,0.2,0.7,8.5,9.9,6.1,8.7,2.1,7.8,8.2,8.2,8.2,9.3,3.3,0.5,8.6,3.8,13618224
2007:Q3,Hispanic,3.5,5.3,5.3,5.4,2.4,2.6,1,0.9,0.9,1.2,0.7,0.5,2,1.3,1.6,3.9,3.2,3.2,3.6,5.2,7.3,7.3,7.5,7.5,6,2.8,1.7,2.7,9993273
2007:Q3,Other,6.6,8,8.2,7.3,5.8,6.7,4,2.6,2.4,3.1,3.1,3.4,1,3.8,5.3,7.2,5.2,6.9,8.7,8.2,9.7,9.8,10.1,9.7,3.6,3,5.6,5.9,10427724
2007:Q4,White,85.4,80.8,80.9,80.8,87.8,87.1,94,95.6,95.9,95,95.9,95.9,95.8,94,84.6,79,85.7,81.1,85.7,78.9,74.8,74.8,74.3,73.1,87.2,93.7,84,87.6,81899706
2007:Q4,Black,4.5,5.8,5.7,6.3,3.9,3.6,1,0.9,0.9,0.9,0.7,0.7,0.1,0.7,8.2,9.8,5.7,8.7,2,7.7,8,8,8.1,9.4,3.3,0.7,8.4,3.8,13653308
2007:Q4,Hispanic,3.4,5.3,5.2,5.5,2.4,2.5,0.9,0.9,0.9,1.1,0.7,0.6,1.9,1.3,1.7,4,3.1,3.2,3.6,5.1,7.2,7.2,7.4,7.5,5.6,2.7,1.8,2.6,10052293
2007:Q4,Other,6.7,8.1,8.2,7.4,5.9,6.8,4.2,2.5,2.4,3,2.7,2.7,2.2,4,5.5,7.2,5.5,6.9,8.7,8.3,9.9,9.9,10.3,10,3.8,3,5.8,6,10650288
2008:Q1,White,85.4,80.9,80.9,80.6,87.7,87,94.2,95.5,95.6,95,96,96.1,94.8,93.8,84.6,79.2,85.9,81.1,86.1,79.1,74.9,74.9,74.4,72.7,87.3,94,83.6,87.6,81674498
2008:Q1,Black,4.5,5.7,5.6,6.3,3.9,3.6,0.7,0.9,0.9,0.9,0.8,0.9,0,0.8,8,9.8,5.2,8.8,2,7.5,7.9,7.9,7.9,9.7,3.4,1,8.3,3.8,13724772
2008:Q1,Hispanic,3.4,5.2,5.1,5.5,2.4,2.5,0.8,0.9,0.8,1.1,0.8,0.7,1.8,1.3,1.7,4.1,3.1,3.2,3.4,5.1,7.1,7.1,7.3,7.5,5.3,2.5,1.9,2.6,10135027
2008:Q1,Other,6.7,8.2,8.3,7.5,5.9,7,4.3,2.7,2.6,3,2.4,2.3,3.4,4.2,5.7,7,5.7,6.9,8.5,8.3,10,10,10.4,10.1,4,2.6,6.1,6,10840938
2008:Q2,White,85.3,80.9,81,80.6,87.6,87.1,93.9,95.2,95.4,94.5,96,96,95.7,93.5,84.5,79.3,85.9,81,86.3,79.2,75.1,75.1,74.9,72.4,88.5,93.1,83.4,87.6,81406535
2008:Q2,Black,4.5,5.7,5.6,6.2,3.9,3.5,0.8,1,1,0.9,0.8,0.9,0,0.8,7.8,9.8,4.9,8.8,2,7.4,7.7,7.7,7.5,9.8,2.9,0.9,8.2,3.8,13827329
2008:Q2,Hispanic,3.4,5.1,5,5.7,2.4,2.3,0.8,0.9,0.8,1,0.7,0.6,1.5,1.3,1.8,4.1,3.1,3.3,3.4,5.1,6.9,7,7.1,7.4,4.8,2.4,2,2.6,10237369
2008:Q2,Other,6.8,8.2,8.4,7.5,6,7,4.5,3,2.8,3.5,2.5,2.5,2.7,4.4,5.9,6.8,6,6.8,8.3,8.3,10.2,10.2,10.5,10.3,3.8,3.6,6.3,6,11002581
2008:Q3,White,85.2,81,81.1,80.4,87.5,87.1,93.7,95.1,95.1,95.2,96,95.9,96.7,93.3,84.4,79.4,86.3,80.9,86.7,79.3,75.1,75.1,74.7,71.9,87.2,94,83.4,87.5,81109552
2008:Q3,Black,4.6,5.7,5.6,6.3,4,3.5,0.9,1,1.1,0.8,0.8,0.8,0.1,0.8,7.6,9.7,4.3,8.9,2,7.4,7.7,7.7,7.5,10.1,3.6,1.3,8,3.9,13955691
2008:Q3,Hispanic,3.4,5.1,5,5.8,2.4,2.3,0.8,0.8,0.8,1,0.7,0.6,1.3,1.4,1.9,4.2,3.1,3.3,3.3,5.1,7,7,7.1,7.5,4.8,2.3,2.1,2.5,10355218
2008:Q3,Other,6.8,8.3,8.4,7.6,6.1,7.1,4.6,3,3.1,2.9,2.6,2.7,1.8,4.5,6.1,6.6,6.3,6.8,8.1,8.3,10.2,10.2,10.7,10.5,4.5,2.4,6.5,6.1,11138118
2008:Q4,White,85,81,81.2,80.1,87.3,87,93.9,94.8,94.6,95.5,95.5,95.3,96.8,93,84.4,79.9,87,80.9,87.1,79.4,74.7,74.7,74.8,71.5,87.5,90.6,82.9,87.5,80797284
2008:Q4,Black,4.7,5.7,5.6,6.4,4.1,3.5,0.7,1,1.1,0.8,0.2,0.3,0.1,0.9,7.3,9.7,3.4,9,2,7.3,7.8,7.8,7.4,10.3,3.5,0.7,8.1,3.9,14104572
2008:Q4,Hispanic,3.4,5.1,4.9,5.8,2.5,2.3,0.7,0.8,0.8,0.9,0.4,0.3,1.1,1.5,2,4.3,3.2,3.4,3.1,5.1,7,7,7.1,7.6,4.5,2.1,2.2,2.6,10484470
2008:Q4,Other,6.9,8.3,8.4,7.7,6.1,7.2,4.7,3.3,3.5,2.7,3.8,4.1,2,4.6,6.3,6.1,6.5,6.7,7.8,8.2,10.6,10.6,10.8,10.6,4.5,6.6,6.7,6,11250456
2009:Q1,White,85,81,81.2,79.9,87.3,87.1,93.7,95.1,94.4,97.3,95.4,95.1,97.2,92.7,84.3,80,87.2,80.8,87.6,79.5,74.4,74.4,74.7,71,88.6,89.6,82.9,87.6,80483466
2009:Q1,Black,4.7,5.7,5.5,6.4,4.1,3.5,0.7,1,1.2,0.6,0.1,0,0.1,0.9,7.1,9.7,2.9,9.2,1.9,7.2,7.8,7.8,7.4,10.7,3,0.8,8,3.9,14268683
2009:Q1,Hispanic,3.4,5,4.8,5.9,2.5,2.2,0.7,0.8,0.7,0.9,0.3,0.2,1,1.5,2.1,4.4,3.2,3.5,3,5.1,7.1,7.1,7.1,7.8,4,1.8,2.3,2.5,10621021
2009:Q1,Other,6.9,8.2,8.4,7.7,6.1,7.2,4.8,3.1,3.7,1.3,4.2,4.7,1.8,4.8,6.5,5.9,6.8,6.5,7.4,8.2,10.7,10.7,10.8,10.6,4.3,7.8,6.9,5.9,11342497
2009:Q2,White,85.2,81.1,81.4,79.8,87.4,87.1,93.4,95.6,94.9,97.2,95.5,95.1,97.5,92.4,84.2,79.8,86.7,80.8,88.5,79.7,74.6,74.6,74.9,70.7,88.4,89.8,83.1,87.7,80181832
2009:Q2,Black,4.7,5.7,5.5,6.4,4.2,3.5,0.9,1.1,1.3,0.6,0.1,0.1,0.1,1,7,9.7,3.1,9.3,1.9,7.2,7.7,7.7,7.2,10.9,3.2,1.1,7.5,4,14442738
2009:Q2,Hispanic,3.3,5,4.7,6.1,2.4,2.1,0.8,0.8,0.8,0.9,0.3,0.2,0.8,1.4,2.2,4.6,3.1,3.5,2.8,5.1,7,7,7,7.8,3.9,1.6,2.4,2.4,10760768
2009:Q2,Other,6.8,8.2,8.4,7.7,6,7.2,5,2.5,3,1.4,4.2,4.7,1.6,5.3,6.6,5.9,7.1,6.4,6.8,8.1,10.7,10.7,10.9,10.6,4.5,7.5,7,5.9,11417146
2009:Q3,White,85.3,81.2,81.5,79.8,87.4,87.2,92.9,94.8,94.3,96.1,95.5,95.1,97.8,92.1,84.1,79.5,86.2,80.7,88.8,79.8,74.6,74.6,75,70.2,88.1,90,83.1,87.8,79906118
2009:Q3,Black,4.7,5.7,5.5,6.3,4.1,3.5,1.1,1.2,1.3,0.7,0.1,0.1,0.1,1,6.8,9.8,3.4,9.4,1.9,7.1,7.7,7.7,7.2,11.2,3.4,1.4,7.3,3.9,14621449
2009:Q3,Hispanic,3.2,4.9,4.6,6.2,2.4,2,0.9,0.7,0.7,0.8,0.3,0.2,0.6,1.2,2.3,4.7,3.1,3.6,2.7,5.1,6.9,7,7,7.9,3.7,1.5,2.5,2.4,10899608
2009:Q3,Other,6.8,8.2,8.4,7.7,6.1,7.2,5.1,3.3,3.6,2.3,4.1,4.6,1.5,5.7,6.8,6,7.3,6.3,6.6,8,10.7,10.7,10.9,10.7,4.7,7.1,7.1,5.9,11477307
2009:Q4,White,85.2,81.2,81.5,79.6,87.2,87.2,92.6,94.4,94.3,94.7,95.6,95.1,98.1,91.8,84,79.3,86,80.6,89.3,79.9,74.8,74.8,75.3,69.9,88.1,90.5,83.6,87.6,79670058
2009:Q4,Black,4.7,5.7,5.5,6.4,4.2,3.5,1.2,1.3,1.4,0.9,0.1,0.1,0.1,1,6.6,9.9,3.3,9.5,1.9,7.1,7.6,7.6,6.9,11.5,3.5,1.7,6.6,4,14799529
2009:Q4,Hispanic,3.2,4.9,4.6,6.3,2.4,2,0.9,0.7,0.7,0.8,0.2,0.2,0.5,1.2,2.4,4.8,3.1,3.6,2.6,5.1,6.8,6.8,6.8,7.9,3.5,1.3,2.5,2.4,11033438
2009:Q4,Other,6.9,8.2,8.3,7.7,6.2,7.3,5.3,3.5,3.5,3.5,4.1,4.6,1.3,6,7,6,7.6,6.2,6.3,8,10.7,10.7,10.9,10.7,4.9,6.5,7.2,6,11525883
2010:Q1,White,85.2,81.2,81.6,79.5,87.2,87.3,92,94.5,94,95.8,95.6,95.1,98.1,91.6,84,79.3,85.9,80.5,89.3,80.2,75.2,75.2,75.7,69.5,85.6,90.8,82.9,87.5,79487388
2010:Q1,Black,4.7,5.7,5.5,6.5,4.2,3.5,1.5,1.3,1.5,0.8,0.1,0.1,0.1,1,6.4,10,3.3,9.6,1.9,6.9,7.5,7.5,6.7,11.9,4.9,2,7,4.1,14971691
2010:Q1,Hispanic,3.2,4.9,4.6,6.4,2.3,1.9,1,0.7,0.7,0.8,0.2,0.1,0.3,1.1,2.5,4.9,3.1,3.7,2.6,5,6.7,6.7,6.7,7.9,3.7,1.2,2.7,2.4,11158153
2010:Q1,Other,6.9,8.2,8.3,7.7,6.3,7.3,5.4,3.5,3.8,2.6,4.1,4.7,1.4,6.3,7.1,5.9,7.8,6.1,6.3,7.9,10.7,10.7,11,10.7,5.8,6,7.4,6,11565780
2010:Q2,White,85.1,81.2,81.7,79.4,87,87.5,91.7,93.8,93.6,94.8,95.6,95.1,98,91.3,84,79.5,86.2,80.5,89.1,80.4,75.6,75.6,76.2,69.4,85.6,91,82.7,87.3,79371841
2010:Q2,Black,4.7,5.7,5.5,6.5,4.3,3.5,1.7,1.4,1.5,0.9,0.1,0.1,0.1,1,6.1,9.9,2.7,9.7,1.9,6.8,7.3,7.3,6.4,12.1,4.9,2.2,7,4.2,15132647
2010:Q2,Hispanic,3.2,4.9,4.5,6.4,2.4,1.8,1.1,0.7,0.7,0.7,0.1,0.1,0.2,1.1,2.6,5,3,3.7,2.6,5,6.5,6.5,6.4,7.8,3.5,1,2.8,2.4,11269652
2010:Q2,Other,7,8.2,8.3,7.7,6.4,7.2,5.6,4.1,4.3,3.5,4.1,4.6,1.7,6.5,7.2,5.6,8,6.1,6.4,7.7,10.6,10.7,10.9,10.7,5.9,5.8,7.6,6.1,11599901
2010:Q3,White,85.2,81.4,81.8,79.4,87,87.5,91.6,93.2,93.3,92.4,95.6,95.1,97.9,91.1,84,79.3,85.9,80.4,89.2,80.7,75.9,75.8,76.7,69.1,86.6,90.9,83.4,87.2,79337154
2010:Q3,Black,4.7,5.7,5.5,6.4,4.2,3.5,1.7,1.5,1.6,1.3,0.2,0.2,0,1.1,6,10,2.9,9.8,1.9,6.7,7.2,7.2,6.1,12.4,4.5,2.4,6.1,4.2,15277109
2010:Q3,Hispanic,3.1,4.8,4.4,6.5,2.3,1.7,1.1,0.6,0.6,0.7,0.1,0.1,0,1,2.7,5,3,3.7,2.6,5,6.3,6.3,6.3,7.8,3.2,0.8,2.8,2.4,11363830
2010:Q3,Other,7,8.1,8.2,7.7,6.5,7.2,5.7,4.7,4.5,5.6,4.1,4.6,2,6.8,7.4,5.6,8.2,6.1,6.4,7.6,10.6,10.7,10.9,10.7,5.7,5.8,7.7,6.2,11631150
2010:Q4,White,85.3,81.4,81.9,79.3,87.1,87.6,92.3,94.4,93.9,96.1,95.3,95.1,96.6,91.3,84,79,85.7,80.3,89,80.5,75.9,75.9,76.7,69.3,86.7,91.6,82.9,87.4,79392489
2010:Q4,Black,4.7,5.7,5.5,6.5,4.2,3.4,1.5,1.4,1.6,0.8,0.7,0.7,0.5,1.1,5.9,10,3.2,9.8,1.9,6.7,7.2,7.2,6.2,12.3,4.4,2.4,6.5,4.1,15401258
2010:Q4,Hispanic,3,4.8,4.4,6.4,2.2,1.7,0.9,0.6,0.6,0.7,0.2,0.1,0.7,1,2.6,4.8,2.9,3.6,2.6,4.9,6.3,6.3,6.2,7.6,3.2,0.9,2.7,2.3,11437793
2010:Q4,Other,7,8.2,8.3,7.7,6.4,7.3,5.4,3.6,3.9,2.5,3.8,4.1,2.3,6.6,7.5,6.1,8.1,6.2,6.5,7.9,10.6,10.6,10.9,10.8,5.7,5.2,7.8,6.2,11662023
2011:Q1,White,85.4,81.5,82,79.3,87.1,87.5,92.5,94.3,94,95.1,95.1,95,95.7,91.4,84,79,85.7,80.4,88.9,80.3,76,76,76.7,69.5,87.3,92.5,83,87.4,79528716
2011:Q1,Black,4.6,5.6,5.4,6.6,4.2,3.4,1.5,1.4,1.5,0.9,1.1,1.1,0.9,1.1,5.8,10,3.5,9.8,2,6.6,7.2,7.2,6.2,12.4,4,2.3,6.4,4.1,15507140
2011:Q1,Hispanic,2.9,4.7,4.3,6.4,2.2,1.7,0.9,0.6,0.6,0.6,0.3,0.1,1.2,1,2.5,4.6,2.8,3.5,2.6,4.9,6.2,6.2,6.2,7.5,3.2,0.9,2.6,2.3,11493474
2011:Q1,Other,7,8.2,8.3,7.8,6.5,7.4,5.1,3.7,3.8,3.3,3.5,3.7,2.2,6.5,7.7,6.4,8.1,6.3,6.5,8.1,10.5,10.5,10.9,10.6,5.5,4.2,8,6.2,11693383
2011:Q2,White,85.5,81.5,82.1,79.2,87.2,87.4,92.9,94.9,94.2,96.8,95,95,94.9,91.5,84.1,79,85.8,80.4,89,80.2,76.1,76.1,76.7,69.8,88.2,92.8,83,87.5,79732136
2011:Q2,Black,4.6,5.6,5.3,6.7,4.2,3.4,1.5,1.3,1.5,0.7,1.5,1.6,1.2,1.2,5.8,10,3.5,9.9,2.1,6.6,7.3,7.3,6.2,12.4,3.5,2.2,6.4,4.1,15598266
2011:Q2,Hispanic,2.9,4.7,4.3,6.3,2.1,1.7,0.8,0.6,0.6,0.6,0.4,0.2,1.8,1,2.4,4.4,2.7,3.4,2.5,4.9,6.1,6.1,6.1,7.3,3.1,0.9,2.5,2.2,11534016
2011:Q2,Other,6.9,8.2,8.3,7.8,6.4,7.5,4.9,3.2,3.7,1.9,3.1,3.2,2.1,6.3,7.8,6.7,8,6.3,6.4,8.3,10.5,10.5,10.9,10.5,5.3,4.1,8.1,6.2,11725687
2011:Q3,White,85.6,81.6,82.2,79.5,87.3,87.4,93.2,95.1,94,98,94.8,94.9,94.3,91.5,84.2,79.3,86.6,80.5,88.9,80,76.1,76.1,76.8,70,88.1,92.9,83.5,87.6,79989048
2011:Q3,Black,4.7,5.5,5.2,6.5,4.3,3.4,1.4,1.2,1.4,0.5,1.9,2,1.6,1.3,5.7,9.9,2.9,9.9,2.1,6.6,7.3,7.3,6.3,12.4,3.4,2,5.8,4.1,15678150
2011:Q3,Hispanic,2.9,4.6,4.2,6.2,2.1,1.7,0.7,0.6,0.6,0.6,0.5,0.2,2.2,1.1,2.3,4.1,2.6,3.2,2.5,4.9,6,6.1,6.1,7.2,3.1,0.8,2.4,2.2,11562562
2011:Q3,Other,6.9,8.3,8.4,7.8,6.3,7.6,4.7,3.2,4,0.9,2.8,2.9,1.9,6.1,7.9,6.7,8,6.4,6.4,8.5,10.5,10.5,10.9,10.4,5.3,4.2,8.3,6.2,11759389
2011:Q4,White,85.7,81.7,82.3,79.5,87.3,87.3,93.5,95.3,94.3,98.2,94.6,94.8,93.6,91.7,84.2,79.2,86.5,80.6,88.8,79.8,76.1,76.1,76.8,70.3,87.9,92.9,83.8,87.7,80285750
2011:Q4,Black,4.6,5.4,5.1,6.6,4.3,3.3,1.4,1.1,1.4,0.5,2.2,2.3,1.9,1.3,5.6,9.9,3.2,9.9,2.2,6.6,7.4,7.4,6.3,12.4,3.4,1.9,5.6,4.1,15750305
2011:Q4,Hispanic,2.8,4.5,4.1,6.1,2,1.7,0.7,0.5,0.5,0.5,0.5,0.1,2.6,1,2.1,3.9,2.4,3.1,2.5,4.9,6,6,6,7,3.2,0.6,2.2,2.1,11582255
2011:Q4,Other,6.9,8.3,8.4,7.8,6.3,7.7,4.4,3,3.8,0.8,2.7,2.9,1.9,5.9,8,7.1,7.9,6.4,6.5,8.7,10.5,10.5,10.9,10.3,5.4,4.6,8.4,6.2,11794944
2012:Q1,White,85.8,81.8,82.4,79.4,87.5,87.3,93.8,95.9,94.8,98.7,94.4,94.7,92.5,91.8,84.3,78.8,86.2,80.7,88.8,79.8,76.4,76.4,77,70.6,88.5,93.6,83.5,87.7,80608542
2012:Q1,Black,4.6,5.4,5.1,6.7,4.3,3.3,1.4,1.1,1.3,0.4,2.5,2.6,2.1,1.3,5.5,9.9,3.6,9.9,2.2,6.5,7.3,7.3,6.2,12.4,3,1.8,5.9,4.1,15818244
2012:Q1,Hispanic,2.7,4.5,4.1,6,1.9,1.7,0.6,0.5,0.5,0.5,0.6,0.1,3,1,2,3.7,2.3,2.9,2.5,4.8,5.8,5.8,5.9,6.8,3.2,0.7,2.1,2,11596236
2012:Q1,Other,6.9,8.3,8.4,7.9,6.3,7.7,4.2,2.5,3.4,0.4,2.5,2.6,2.3,5.9,8.2,7.5,7.9,6.5,6.5,8.9,10.4,10.4,10.9,10.2,5.3,3.9,8.5,6.2,11832809
2012:Q2,White,85.9,81.8,82.4,79.6,87.5,87.4,94,95.5,94.5,98.2,94.2,94.7,91.5,91.9,84.5,79.1,86.5,80.8,88.7,79.7,76.6,76.5,77.1,71,88.9,93.8,83.2,87.8,80943722
2012:Q2,Black,4.6,5.3,5,6.6,4.3,3.2,1.4,1.1,1.2,0.5,2.9,3,2.4,1.4,5.3,9.8,3.4,9.9,2.3,6.4,7.3,7.3,6.3,12.3,2.8,1.7,6.2,4,15885479
2012:Q2,Hispanic,2.6,4.4,4.1,5.9,1.9,1.6,0.6,0.5,0.5,0.5,0.6,0.1,3.4,1,1.9,3.4,2.2,2.8,2.4,4.8,5.7,5.7,5.8,6.6,3.1,0.6,2.1,2,11607649
2012:Q2,Other,6.9,8.4,8.5,7.9,6.3,7.8,4,3,3.7,0.8,2.3,2.2,2.8,5.7,8.3,7.7,7.8,6.5,6.5,9.2,10.4,10.4,10.9,10.1,5.2,3.9,8.5,6.2,11873438
2012:Q3,White,86,81.8,82.4,79.8,87.7,87.5,94.4,96.1,94.8,99.2,94,94.7,90.5,92,84.6,79,86.5,80.9,88.5,79.6,76.5,76.5,77,71.2,89.2,94.2,83.3,87.9,81277591
2012:Q3,Black,4.5,5.3,4.9,6.5,4.3,3.1,1.3,0.9,1.2,0.3,3.2,3.3,2.6,1.4,5.2,9.8,3.7,9.9,2.4,6.3,7.5,7.5,6.4,12.3,2.5,1.6,6.1,4,15955522
2012:Q3,Hispanic,2.6,4.4,4,5.8,1.8,1.5,0.5,0.5,0.5,0.5,0.7,0.1,3.7,1,1.7,3.2,2.1,2.7,2.5,4.7,5.7,5.7,5.8,6.5,3.1,0.6,2,1.9,11619636
2012:Q3,Other,6.9,8.5,8.7,7.9,6.2,7.8,3.8,2.5,3.5,0,2.2,2,3.2,5.5,8.4,8,7.7,6.5,6.6,9.4,10.3,10.3,10.9,10,5.1,3.7,8.7,6.2,11917287
2012:Q4,White,86,81.8,82.4,79.9,87.7,87.4,94.8,95.8,95,98.3,93.9,94.6,89.6,92.2,84.7,79,86.6,81,88.4,79.5,76.8,76.8,77.3,71.7,89.5,94.2,84.4,87.8,81596447
2012:Q4,Black,4.5,5.2,4.9,6.5,4.3,3.1,1.1,1,1.2,0.5,3.5,3.6,2.8,1.5,5.1,9.7,3.7,9.9,2.4,6.3,7.4,7.4,6.3,12.2,2.3,1.3,5,4,16031888
2012:Q4,Hispanic,2.5,4.4,4,5.7,1.8,1.6,0.4,0.4,0.4,0.4,0.7,0.1,4.1,1,1.6,3,2,2.5,2.5,4.7,5.5,5.5,5.6,6.2,3.1,0.4,1.7,1.9,11635339
2012:Q4,Other,6.9,8.6,8.7,7.9,6.3,7.9,3.6,2.7,3.4,0.8,1.9,1.7,3.5,5.4,8.6,8.2,7.7,6.6,6.7,9.6,10.3,10.3,10.8,9.9,5.1,4.1,8.9,6.3,11964811
2013:Q1,White,86,81.7,82.2,79.8,87.7,87.4,95,95.8,95.3,97.4,93.7,94.6,89.1,92.2,84.8,78.8,86.5,80.9,88.3,79.4,76.3,76.3,76.6,71.6,89.8,94.7,84.3,87.8,81886590
2013:Q1,Black,4.5,5.2,4.9,6.6,4.3,3,1.2,1,1.1,0.6,3.7,3.9,3,1.5,5,9.7,4,9.9,2.5,6.2,7.7,7.7,6.7,12.2,2,1.3,5.1,4,16118088
2013:Q1,Hispanic,2.5,4.4,4.1,5.6,1.7,1.5,0.4,0.4,0.4,0.4,0.7,0.1,4.4,0.9,1.5,2.9,1.9,2.4,2.5,4.6,5.7,5.7,5.8,6.3,3.1,0.4,1.6,1.9,11657901
2013:Q1,Other,7,8.7,8.8,7.9,6.3,8,3.5,2.8,3.1,1.6,1.8,1.5,3.6,5.4,8.7,8.6,7.6,6.7,6.8,9.8,10.3,10.3,10.9,9.8,5,3.6,9,6.4,12016465
2013:Q2,White,85.9,81.6,82,79.9,87.6,87.4,95.2,95.7,95.8,95.1,93.7,94.6,88.5,92.3,84.9,78.8,86.6,80.7,88,79.2,76.4,76.4,76.6,72,89.9,95.1,83.9,87.6,82134317
2013:Q2,Black,4.6,5.2,4.9,6.6,4.3,3,1.2,1.1,1.1,1,4,4.1,3.2,1.5,4.9,9.7,4,9.9,2.5,6.2,7.7,7.7,6.8,12.1,1.9,1.2,5.4,4,16217635
2013:Q2,Hispanic,2.5,4.4,4.1,5.6,1.7,1.5,0.3,0.4,0.4,0.4,0.7,0.1,4.6,0.9,1.4,2.7,1.8,2.4,2.5,4.6,5.6,5.6,5.8,6.2,3.2,0.4,1.6,1.9,11690464
2013:Q2,Other,7.1,8.8,9,7.9,6.4,8.1,3.3,2.8,2.6,3.5,1.5,1.2,3.7,5.2,8.8,8.8,7.6,7,6.9,10,10.3,10.3,10.9,9.7,5.1,3.2,9.1,6.5,12072705
2013:Q3,White,85.8,81.5,81.9,80.1,87.5,87.4,95.5,95.8,96.1,94.6,93.6,94.5,88,92.4,84.9,78.6,86.5,80.5,87.7,79,76.3,76.3,76.4,72.1,90.5,95.4,84.3,87.5,82325930
2013:Q3,Black,4.6,5.1,4.8,6.4,4.4,2.9,1.1,1,1.1,1,4.3,4.4,3.4,1.5,4.8,9.8,4.3,9.9,2.6,6.1,7.8,7.8,6.9,12.2,1.5,1.1,5,4,16334042
2013:Q3,Hispanic,2.4,4.4,4.1,5.5,1.7,1.5,0.3,0.4,0.4,0.4,0.8,0.1,4.9,0.9,1.3,2.5,1.7,2.3,2.6,4.6,5.6,5.6,5.8,6.1,3.1,0.3,1.4,1.9,11736172
2013:Q3,Other,7.2,8.9,9.1,7.9,6.5,8.2,3.1,2.8,2.5,4,1.4,1,3.7,5.2,9,9.1,7.6,7.3,7.1,10.2,10.3,10.3,10.9,9.7,4.9,3.2,9.3,6.7,12133987
2013:Q4,White,85.6,81.4,81.7,80,87.2,87,95.1,95.4,95.7,94,93.2,94.2,86.9,92.4,84.9,77.9,85.9,80.1,87.9,78.8,76.3,76.3,76.3,71.6,89.6,95.4,84.1,87.2,82451363
2013:Q4,Black,4.6,5.2,4.9,6.5,4.4,3,1.2,1.3,1.4,1.1,4,4.2,3.1,1.5,5,9.9,4.6,9.8,2.6,6.5,7.9,7.9,6.9,12.3,1.9,1.5,5.3,4.1,16469704
2013:Q4,Hispanic,2.5,4.5,4.2,5.6,1.8,1.7,0.3,0.4,0.5,0.4,0.7,0.2,4.4,1,1.5,2.8,1.9,2.5,2.5,4.7,5.6,5.7,5.8,6.2,3.3,0.9,1.7,2,11797230
2013:Q4,Other,7.2,8.9,9.2,7.9,6.6,8.2,3.4,2.8,2.4,4.4,2,1.4,5.6,5.1,8.7,9.4,7.6,7.5,7,10,10.2,10.2,10.9,9.8,5.2,2.3,8.9,6.7,12200638
2014:Q1,White,85.5,81.2,81.6,79.8,87.1,86.6,94.7,94.7,95.1,93.2,92.9,93.9,85.7,92.3,84.8,77.3,85.6,79.8,88.2,78.6,76.1,76.1,76.3,71,89.3,94.7,83.9,87.1,82515101
2014:Q1,Black,4.6,5.3,5,6.7,4.4,3.2,1.3,1.6,1.7,1.2,3.8,3.9,2.8,1.5,5.1,10,4.5,9.8,2.5,6.7,7.9,7.9,6.9,12.6,2,1.5,5.6,4.1,16622546
2014:Q1,Hispanic,2.6,4.5,4.3,5.6,1.9,1.9,0.3,0.5,0.5,0.5,0.7,0.3,4,1.1,1.7,3.1,2.1,2.7,2.4,4.7,5.7,5.7,5.8,6.4,3.4,1,1.9,2.1,11872097
2014:Q1,Other,7.3,9,9.2,7.9,6.6,8.3,3.6,3.2,2.7,5.1,2.6,1.9,7.5,5.1,8.4,9.6,7.7,7.7,6.8,9.9,10.3,10.3,11,9.9,5.3,2.8,8.6,6.8,12272472
2014:Q2,White,85.3,81,81.4,79.6,87,86.3,94.2,94.3,94.6,93.4,92.4,93.6,84.6,92.3,84.8,76.7,85.3,79.4,88.4,78.4,76,76,76.3,70.6,88.7,94,83.6,86.9,82525264
2014:Q2,Black,4.7,5.4,5,6.8,4.4,3.3,1.5,1.8,2,1.2,3.5,3.6,2.5,1.4,5.2,10.1,4.6,9.9,2.5,7,7.9,7.9,6.8,12.8,2.2,1.5,5.9,4.1,16789374
2014:Q2,Hispanic,2.7,4.6,4.4,5.6,2,2.1,0.4,0.5,0.6,0.5,0.7,0.3,3.6,1.1,1.9,3.4,2.3,2.8,2.4,4.8,5.7,5.7,5.8,6.5,3.6,1,2.1,2.2,11958298
2014:Q2,Other,7.3,9,9.2,7.9,6.7,8.3,3.9,3.3,2.9,4.9,3.3,2.5,9.3,5.2,8.1,9.8,7.8,7.8,6.8,9.8,10.4,10.4,11,10.1,5.5,3.5,8.3,6.8,12349178
2014:Q3,White,85.1,80.8,81.2,79.4,86.7,85.9,93.8,93.7,94,92.7,92.1,93.2,83.5,92.3,84.7,76.2,85.1,79.1,88.4,78.2,75.5,75.5,76.2,70,88.4,92,83.9,86.7,82489973
2014:Q3,Black,4.7,5.5,5.1,7,4.4,3.4,1.6,2.1,2.3,1.3,3.2,3.4,2.2,1.4,5.4,10.2,4.5,9.9,2.5,7.3,8,8,6.8,13.1,2.3,1.1,5.8,4.2,16966995
2014:Q3,Hispanic,2.8,4.7,4.5,5.7,2.1,2.4,0.4,0.6,0.6,0.5,0.7,0.4,3.1,1.2,2.1,3.7,2.5,3,2.3,4.9,5.8,5.9,5.9,6.7,3.7,0.8,2.3,2.3,12053356
2014:Q3,Other,7.4,9,9.3,7.9,6.7,8.4,4.2,3.7,3.1,5.5,4,3,11.2,5.1,7.8,9.9,7.9,8,6.8,9.7,10.6,10.6,11.1,10.2,5.7,6.1,8.1,6.9,12430444
2014:Q4,White,84.9,80.6,81,79.1,86.5,85.5,93.4,93.1,93.4,91.8,91.5,92.8,82.3,92.2,84.6,75.6,84.8,78.7,88.5,78,75.2,75.2,76.1,69.4,87.7,90.7,84,86.5,82417348
2014:Q4,Black,4.7,5.6,5.2,7.2,4.4,3.5,1.6,2.3,2.6,1.4,2.9,3.1,2,1.4,5.5,10.3,4.6,9.9,2.5,7.5,8.1,8.1,6.8,13.3,2.5,1,5.7,4.2,17152214
2014:Q4,Hispanic,2.9,4.8,4.5,5.8,2.2,2.6,0.5,0.6,0.7,0.6,0.7,0.4,2.7,1.3,2.3,3.9,2.7,3.2,2.3,4.9,5.9,5.9,5.9,6.9,3.9,0.8,2.5,2.4,12154794
2014:Q4,Other,7.5,9.1,9.3,8,6.8,8.4,4.5,4,3.3,6.2,4.9,3.7,13,5.1,7.5,10.1,8,8.2,6.8,9.6,10.8,10.8,11.2,10.4,5.9,7.5,7.8,6.9,12515956
2015:Q1,White,84.7,80.4,80.7,78.8,86.3,85.1,92.9,92.2,92.8,90.1,91,92.4,81.1,92.2,84.5,75,84.5,78.3,88.5,77.7,74.9,74.8,75.9,68.8,86.8,89.7,83.8,86.2,82315511
2015:Q1,Black,4.8,5.7,5.3,7.4,4.5,3.6,1.8,2.6,2.9,1.6,2.6,2.7,1.7,1.4,5.7,10.5,4.6,10,2.4,7.8,8.2,8.2,6.8,13.6,2.9,1,6,4.2,17341840
2015:Q1,Hispanic,3,4.9,4.6,5.8,2.3,2.8,0.5,0.7,0.7,0.6,0.7,0.5,2.3,1.4,2.5,4.2,2.8,3.3,2.3,5,6.1,6.1,6,7.1,4.1,0.9,2.7,2.5,12260136
2015:Q1,Other,7.5,9.1,9.4,8,6.9,8.5,4.8,4.5,3.7,7.7,5.7,4.4,14.9,5.1,7.3,10.3,8.1,8.4,6.7,9.5,10.9,10.9,11.2,10.5,6.2,8.4,7.5,7,12605403
2015:Q2,White,84.4,80.1,80.5,78.5,86.1,84.7,92.4,91.5,92.3,88,90.5,91.9,79.8,92.1,84.4,74.4,84.3,77.9,88.6,77.5,74.5,74.5,75.6,68.3,85.7,88.8,83.5,86,82192581
2015:Q2,Black,4.9,5.8,5.4,7.6,4.5,3.7,1.9,2.9,3.1,1.9,2.2,2.4,1.4,1.4,5.8,10.6,4.5,10,2.4,8.1,8.3,8.3,6.9,13.7,3.4,1,6.3,4.3,17532678
2015:Q2,Hispanic,3.1,5,4.8,5.9,2.4,3,0.6,0.7,0.7,0.7,0.7,0.5,2,1.4,2.8,4.5,3,3.5,2.3,5.1,6.2,6.2,6.1,7.3,4.4,1,2.9,2.7,12366905
2015:Q2,Other,7.6,9.2,9.4,8,7,8.6,5.1,4.8,3.8,9.4,6.6,5.2,16.8,5.1,7,10.5,8.2,8.5,6.7,9.3,11,11,11.3,10.7,6.6,9.2,7.3,7.1,12698471
2015:Q3,White,84.1,79.9,80.2,78.4,85.8,84.4,92,90.8,91.4,87.2,89.9,91.4,78.5,92.1,84.4,73.9,84.4,77.6,88.7,77.2,74,74,75.4,67.7,84.6,87.4,83.6,85.7,82056680
2015:Q3,Black,4.9,5.8,5.4,7.6,4.6,3.8,2,3.1,3.3,2,1.9,2,1.1,1.4,5.9,10.6,4.1,10,2.4,8.4,8.5,8.5,7,14,3.8,0.9,6.3,4.3,17721535
2015:Q3,Hispanic,3.3,5,4.8,6,2.6,3.2,0.6,0.8,0.8,0.7,0.7,0.6,1.6,1.6,3,4.8,3.2,3.7,2.3,5.2,6.3,6.3,6.2,7.5,4.6,1,3.1,2.8,12472625
2015:Q3,Other,7.7,9.3,9.5,8,7.1,8.6,5.4,5.3,4.5,10.1,7.5,6.1,18.8,4.9,6.7,10.6,8.3,8.7,6.6,9.2,11.2,11.2,11.4,10.8,7,10.8,7,7.1,12794849
2015:Q4,White,83.9,79.7,80,78.2,85.5,84,91.6,90.2,90.9,83,89.3,90.8,77.3,92,84.3,73.2,84,77.2,88.8,76.9,73.7,73.7,75.2,67.2,82.7,85.9,83.6,85.5,81915928
2015:Q4,Black,5,5.9,5.5,7.7,4.6,4,2.1,3.5,3.6,2.6,1.5,1.5,0.9,1.4,6.1,10.8,4.2,10.1,2.4,8.8,8.5,8.5,7,14.2,4.6,0.8,6.3,4.4,17905217
2015:Q4,Hispanic,3.4,5.1,4.8,6.1,2.7,3.4,0.6,0.8,0.8,0.8,0.7,0.7,1.2,1.6,3.2,5.1,3.4,3.9,2.2,5.3,6.5,6.5,6.3,7.7,5.1,1,3.3,2.9,12574819
2015:Q4,Other,7.8,9.3,9.6,8,7.2,8.7,5.7,5.5,4.7,13.5,8.5,7,20.7,4.9,6.5,10.9,8.4,8.9,6.6,9.1,11.3,11.3,11.5,10.9,7.6,12.3,6.8,7.2,12894223
2016:Q1,White,83.7,79.5,79.8,77.9,85.3,83.6,91,89.7,90.4,82.2,88.9,90.4,76.2,92,84.2,72.6,83.7,76.8,89,76.6,73.3,73.3,74.9,66.6,81.4,84.7,83.3,85.3,81778447
2016:Q1,Black,5,6,5.6,7.9,4.6,4.1,2.2,3.7,3.8,2.7,1.1,1.2,0.6,1.3,6.2,10.9,4.3,10.1,2.4,9.1,8.7,8.7,7.1,14.5,5.1,0.7,6.6,4.4,18080532
2016:Q1,Hispanic,3.5,5.2,4.9,6.2,2.8,3.6,0.7,0.8,0.8,0.8,0.8,0.8,0.8,1.7,3.4,5.4,3.5,4,2.1,5.3,6.6,6.6,6.4,8,5.4,1.1,3.5,3,12671010
2016:Q1,Other,7.9,9.4,9.7,8,7.2,8.8,6,5.8,5,14.2,9.2,7.6,22.4,4.9,6.2,11.1,8.5,9.1,6.4,9,11.4,11.4,11.6,11,8.1,13.6,6.6,7.3,12996282
2016:Q2,White,83.4,79.2,79.5,77.5,85.2,83.2,90.4,89.2,89.8,80.5,88.4,89.9,75.3,91.9,84.1,72,83.4,76.5,89.1,76.3,72.9,72.9,74.6,66.1,80.4,83.9,83.1,85.1,81652356
2016:Q2,Black,5.1,6.1,5.7,8.2,4.7,4.2,2.5,3.9,4,3,0.7,0.7,0.3,1.3,6.4,11.1,4.3,10.1,2.4,9.4,8.8,8.8,7.2,14.6,5.5,0.7,6.8,4.5,18244286
2016:Q2,Hispanic,3.6,5.3,5.1,6.2,2.9,3.7,0.8,0.9,0.9,0.9,0.8,0.8,0.4,1.8,3.6,5.6,3.7,4.2,2.1,5.4,6.7,6.7,6.5,8.1,5.7,1.2,3.7,3.1,12758722
2016:Q2,Other,7.9,9.4,9.7,8.1,7.3,8.8,6.4,6,5.3,15.7,10.1,8.5,24,5,6,11.3,8.6,9.2,6.4,8.9,11.6,11.6,11.7,11.1,8.4,14.2,6.3,7.3,13100713
2016:Q3,White,83.3,79,79.3,77.6,85,82.9,89.8,88.9,89.4,78.6,87.7,89.3,74.2,91.9,84,71.4,83,76.2,89.1,76,72.5,72.5,74.3,65.6,79.4,83.1,83.4,84.9,81545776
2016:Q3,Black,5.1,6.1,5.7,8.1,4.7,4.3,2.6,4.2,4.2,3.2,0.2,0.2,0.1,1.3,6.5,11.2,4.4,10.2,2.4,9.6,8.9,8.9,7.2,14.8,5.9,0.7,6.6,4.5,18393285
2016:Q3,Hispanic,3.6,5.3,5.1,6.3,3,3.9,0.8,0.9,0.9,0.9,0.8,0.9,0,1.8,3.8,5.9,3.8,4.3,2.1,5.5,6.9,6.9,6.7,8.3,6,1.3,3.9,3.1,12835479
2016:Q3,Other,8,9.6,9.9,8,7.4,8.9,6.7,6,5.4,17.2,11.3,9.6,25.7,5,5.7,11.5,8.7,9.3,6.4,8.8,11.7,11.7,11.8,11.3,8.8,14.8,6,7.4,13207203
2016:Q4,White,83.1,78.8,79,77.6,84.8,82.6,89.8,89.8,89.8,NA,87.5,89.1,74.6,91.6,83.5,71.7,82.7,76.2,88.9,75.8,72.2,72.2,74,65.4,80.3,83.1,83.3,84.8,81466101
2016:Q4,Black,5.1,6.1,5.7,8,4.7,4.4,2.6,4.1,4.1,NA,0.1,0.1,0.1,1.3,6.7,11.3,4.6,10.3,2.3,9.7,9,9,7.3,14.8,5.4,0.6,6.5,4.5,18524560
2016:Q4,Hispanic,3.6,5.3,5.1,6.4,2.9,3.8,0.8,0.9,0.9,NA,0.7,0.8,0.1,1.7,3.7,5.9,3.8,4.3,2.1,5.6,6.9,6.9,6.7,8.3,6.1,1.2,3.8,3.1,12898991
2016:Q4,Other,8.1,9.8,10.1,8,7.5,9.2,6.7,5.2,5.2,NA,11.6,9.9,25.2,5.3,6.1,11.1,8.8,9.2,6.6,9,11.9,11.9,12,11.5,8.2,15.1,6.4,7.6,13315466
2017:Q1,White,82.9,78.5,78.8,77.5,84.7,82.4,89.8,90,90,NA,87.6,89.1,74.9,91.4,82.9,71.9,82.2,76.3,88.7,75.6,72,72,73.7,65.1,81.4,84.3,82.4,84.6,81417815
2017:Q1,Black,5.2,6.1,5.8,8,4.8,4.4,2.7,3.9,3.9,NA,0.2,0.2,0.2,1.3,7,11.4,5,10.4,2.3,9.7,9,9,7.3,15,4.8,0.7,7,4.6,18636034
2017:Q1,Hispanic,3.6,5.4,5.2,6.5,2.9,3.7,0.9,0.9,0.9,NA,0.7,0.8,0.3,1.6,3.5,5.9,3.8,4.3,2.1,5.6,7,7,6.8,8.3,6.2,1.2,3.7,3.1,12947719
2017:Q1,Other,8.3,9.9,10.3,8.1,7.6,9.4,6.7,5.2,5.2,NA,11.5,9.9,24.7,5.7,6.6,10.8,9,9,6.9,9.1,12,12,12.2,11.6,7.6,13.8,6.9,7.7,13425317
2017:Q2,White,82.8,78.3,78.5,77.5,84.6,82.3,89.8,90.2,90.2,NA,87.6,89,75.5,91.1,82.3,72.2,81.8,76.3,88.2,75.4,71.9,71.9,73.5,65,81.2,85.4,81.8,84.5,81404673
2017:Q2,Black,5.2,6.1,5.8,7.9,4.8,4.5,2.6,3.7,3.7,NA,0.2,0.2,0.2,1.3,7.3,11.5,5.3,10.5,2.3,9.7,9,9,7.3,15,4.9,0.8,7.3,4.6,18725857
2017:Q2,Hispanic,3.6,5.4,5.2,6.5,2.8,3.6,0.9,0.9,0.9,NA,0.7,0.7,0.5,1.5,3.4,5.9,3.7,4.3,2.2,5.7,7,7,6.8,8.3,6.5,1.2,3.6,3.1,12980308
2017:Q2,Other,8.5,10.1,10.5,8.1,7.8,9.7,6.7,5.3,5.3,NA,11.6,10.1,23.8,6.1,7,10.4,9.1,8.9,7.3,9.3,12.1,12.1,12.3,11.8,7.4,12.6,7.4,7.9,13536597
2017:Q3,White,82.7,78.1,78.2,77.5,84.5,82.1,90,90.5,90.5,NA,87.5,88.9,75.7,90.9,81.8,72.5,81.4,76.4,88,75.2,71.7,71.7,73.2,64.8,82.2,86.2,81.3,84.3,81430432
2017:Q3,Black,5.2,6.1,5.8,7.8,4.8,4.5,2.5,3.5,3.5,NA,0.2,0.2,0.3,1.3,7.5,11.6,5.6,10.6,2.3,9.7,9.1,9.1,7.4,15,4.3,0.8,7.5,4.6,18792174
2017:Q3,Hispanic,3.5,5.4,5.2,6.5,2.8,3.5,0.9,0.8,0.8,NA,0.6,0.6,0.7,1.4,3.3,5.8,3.7,4.3,2.1,5.7,7,7,6.9,8.2,6.6,1.1,3.4,3,12995408
2017:Q3,Other,8.6,10.3,10.8,8.1,7.9,9.9,6.6,5.2,5.2,NA,11.7,10.3,23.3,6.4,7.4,10.1,9.3,8.7,7.6,9.4,12.3,12.3,12.5,12,6.9,11.8,7.8,8.1,13649147
2017:Q4,White,82.6,78,78,77.6,84.5,81.9,90.2,90.8,90.8,NA,87.3,88.6,76.2,90.7,81.3,72.7,81,76.5,87.7,75.1,71.5,71.5,73,64.7,82.7,87.6,80.8,84.3,81498849
2017:Q4,Black,5.1,6.1,5.7,7.7,4.8,4.5,2.4,3.2,3.2,NA,0.1,0.1,0.3,1.3,7.7,11.7,5.9,10.6,2.3,9.7,9.1,9.1,7.4,14.9,4.1,1,7.6,4.6,18833136
2017:Q4,Hispanic,3.5,5.4,5.2,6.6,2.7,3.4,0.8,0.8,0.8,NA,0.5,0.5,0.9,1.2,3.1,5.8,3.6,4.3,2.2,5.8,7,7,7,8.2,6.7,1.2,3.3,2.9,12991664
2017:Q4,Other,8.8,10.5,11,8.1,8.1,10.2,6.6,5.1,5.1,NA,12.1,10.8,22.6,6.8,7.9,9.8,9.4,8.5,7.9,9.5,12.4,12.4,12.7,12.2,6.5,10.2,8.3,8.3,13762809
2018:Q1,White,82.4,77.8,77.8,77.7,84.3,81.7,90.3,91,91,NA,87.2,88.5,76.7,90.5,80.8,73.2,80.9,76.6,87.4,74.9,71.5,71.5,72.9,64.6,83,88.6,79.9,84.1,81613680
2018:Q1,Black,5.1,6,5.7,7.6,4.8,4.6,2.4,3,3,NA,0.1,0.1,0.4,1.3,7.9,11.7,5.9,10.7,2.3,9.6,9,9,7.3,15,3.9,1.1,8.3,4.6,18846888
2018:Q1,Hispanic,3.4,5.5,5.2,6.6,2.6,3.3,0.9,0.8,0.8,NA,0.5,0.4,1.1,1.1,3,5.8,3.6,4.3,2.2,5.8,7,7,6.9,8.1,6.9,1.2,3.2,2.9,12967725
2018:Q1,Other,9,10.7,11.2,8.2,8.2,10.4,6.5,5.2,5.2,NA,12.1,11,21.8,7.1,8.3,9.4,9.6,8.4,8.2,9.7,12.5,12.5,12.9,12.3,6.2,9.1,8.7,8.4,13877423
2018:Q2,White,82.4,77.7,77.7,77.7,84.3,81.6,90.4,91.2,91.2,NA,87.3,88.5,77.3,90.3,80.3,73.6,80.6,76.8,87.2,74.9,71.4,71.4,72.7,64.6,82.5,89.2,79.5,84,81778681
2018:Q2,Black,5.1,6,5.7,7.5,4.8,4.6,2.3,2.7,2.7,NA,0.2,0.1,0.4,1.2,8.1,11.7,6.1,10.7,2.2,9.5,9,9,7.3,14.9,4.2,1,8.3,4.6,18831579
2018:Q2,Hispanic,3.4,5.4,5.2,6.6,2.6,3.1,0.9,0.7,0.7,NA,0.4,0.3,1.4,1,2.9,5.7,3.5,4.3,2.2,5.8,7,7,6.9,8,7.1,1.1,3,2.9,12922237
2018:Q2,Other,9.1,10.9,11.4,8.2,8.4,10.7,6.5,5.3,5.3,NA,12.1,11.1,20.8,7.5,8.7,9,9.7,8.2,8.4,9.8,12.6,12.6,13,12.4,6.2,8.7,9.1,8.6,13992831
2018:Q3,White,82.4,77.6,77.5,77.9,84.3,81.6,90.5,91.3,91.3,NA,87.3,88.4,78,90.1,79.9,74,80.3,77,87,74.8,71.4,71.4,72.6,64.6,83.3,89.9,79,84,81997609
2018:Q3,Black,5.1,5.9,5.6,7.4,4.7,4.6,2.2,2.4,2.4,NA,0.2,0.1,0.5,1.2,8.3,11.7,6.4,10.7,2.2,9.5,9,9,7.2,14.8,3.8,1,8.6,4.5,18785358
2018:Q3,Hispanic,3.3,5.4,5.2,6.6,2.5,3,0.9,0.7,0.7,NA,0.4,0.3,1.7,0.9,2.7,5.7,3.5,4.3,2.1,5.8,7,7,6.9,7.9,7.2,1,2.9,2.8,12853848
2018:Q3,Other,9.3,11.1,11.6,8.2,8.5,10.9,6.4,5.6,5.6,NA,12.1,11.2,19.8,7.8,9.1,8.6,9.9,8,8.7,9.9,12.7,12.7,13.2,12.6,5.7,8,9.5,8.7,14108873
2018:Q4,White,82.1,77.6,77.5,78.1,84.1,81.5,91,91.4,91.4,86.4,87.3,88.3,78.9,89.8,79.5,74.9,80.6,77.2,86.9,74.8,71.3,71.3,72.6,64.7,82.4,90.2,78.8,83.8,82274220
2018:Q4,Black,5.1,5.8,5.6,7.1,4.8,4.6,1.9,2.1,2.1,1.9,0.2,0.1,0.6,1.2,8.4,11.6,5.8,10.7,2.1,9.4,8.9,8.9,7.2,14.7,4.3,0.9,8.5,4.5,18706371
2018:Q4,Hispanic,3.3,5.3,5.1,6.6,2.4,2.8,0.8,0.7,0.7,0.5,0.4,0.2,2,0.9,2.6,5.7,3.4,4.2,2.1,5.8,6.9,6.9,6.9,7.8,7.5,0.9,2.7,2.8,12761205
2018:Q4,Other,9.4,11.2,11.8,8.2,8.7,11.1,6.3,5.8,5.8,11.2,12.2,11.4,18.5,8.1,9.5,7.9,10.1,7.8,8.9,10.1,12.9,12.9,13.4,12.8,5.9,8,10,8.9,14225391
2019:Q1,White,82.3,77.5,77.4,78.1,84.2,81.4,91.3,91.6,91.6,NA,87.4,88.3,80.1,89.7,79.1,75.2,80.1,77.5,86.6,74.8,71.4,71.4,72.6,64.7,84.5,90.9,78.2,83.9,82612271
2019:Q1,Black,5,5.8,5.5,7.2,4.6,4.6,1.7,1.8,1.8,NA,0.2,0.1,0.7,1.2,8.5,11.6,6.4,10.7,2.1,9.3,8.8,8.8,7.1,14.6,3.2,0.9,8.8,4.4,18592766
2019:Q1,Hispanic,3.2,5.4,5.1,6.5,2.3,2.7,0.7,0.6,0.6,NA,0.3,0.1,2.4,0.7,2.4,5.5,3.3,4.2,2.1,5.7,6.8,6.8,6.8,7.7,7.3,0.8,2.6,2.7,12642955
2019:Q1,Other,9.5,11.4,12,8.3,8.8,11.3,6.2,6,6,NA,12.1,11.5,16.8,8.4,9.9,7.7,10.2,7.7,9.2,10.2,13,13,13.5,12.9,5,7.5,10.4,9.1,14342226
2019:Q2,White,82.3,77.5,77.3,78.2,84.3,81.4,91.4,91.7,91.7,90.5,87.6,88.3,81.5,89.5,78.8,75.6,80,77.7,86.3,74.9,71.4,71.4,72.5,64.9,84.7,91.9,78,83.9,83015517
2019:Q2,Black,4.9,5.7,5.5,7.1,4.6,4.5,1.7,1.5,1.5,1.2,0.2,0.2,0.8,1.2,8.6,11.5,6.5,10.6,2.1,9.1,8.7,8.7,7,14.4,3.1,0.9,8.7,4.4,18442692
2019:Q2,Hispanic,3.1,5.3,5.1,6.4,2.2,2.5,0.7,0.6,0.6,0.4,0.3,0,2.8,0.6,2.3,5.4,3.2,4.1,2.1,5.7,6.8,6.8,6.8,7.6,7.3,0.7,2.5,2.6,12497746
2019:Q2,Other,9.7,11.5,12.1,8.3,9,11.6,6.1,6.2,6.2,8,11.9,11.5,14.9,8.7,10.4,7.4,10.3,7.5,9.5,10.3,13.1,13.1,13.7,13.1,4.8,6.5,10.9,9.2,14459219
2019:Q3,White,82.3,77.6,77.4,78.6,84.3,81.4,91.9,92,92,93,87.9,88.4,83.3,89.3,78.5,76.2,79.9,78.1,86.2,75,71.5,71.5,72.5,65,86,92.7,77.6,83.9,83487715
2019:Q3,Black,4.8,5.6,5.3,6.7,4.5,4.5,1.4,1.3,1.3,0.8,0.3,0.2,0.9,1.1,8.7,11.4,6.6,10.5,2,9,8.6,8.6,7,14.3,2.6,0.9,8.8,4.3,18254296
2019:Q3,Hispanic,3,5.2,4.9,6.4,2.1,2.4,0.7,0.5,0.5,0.3,0.3,0,3.3,0.5,2.1,5.3,3.1,4.1,2,5.6,6.7,6.7,6.7,7.4,7.2,0.7,2.3,2.5,12324224
2019:Q3,Other,9.8,11.7,12.4,8.2,9.1,11.8,6,6.2,6.2,5.9,11.5,11.4,12.5,9.1,10.8,7.1,10.4,7.3,9.8,10.4,13.2,13.2,13.8,13.3,4.2,5.7,11.2,9.3,14576210
2019:Q4,White,82.4,77.5,77.3,78.7,84.3,81.2,92.1,92.1,92.1,NA,87.7,88.3,83,89.3,78.4,76,79.7,78,86.1,74.9,71.4,71.4,72.5,65,85.6,92.8,77.6,83.9,83619861
2019:Q4,Black,4.8,5.5,5.3,6.6,4.5,4.5,1.3,1.3,1.3,NA,0.3,0.2,0.9,1.1,8.6,11.4,6.8,10.4,2,8.9,8.6,8.6,6.9,14.1,2.7,0.9,8.8,4.2,18190994
2019:Q4,Hispanic,3,5.2,5,6.5,2.1,2.5,0.6,0.5,0.5,NA,0.3,0,3.3,0.5,2.1,5.4,3.2,4.1,2.1,5.7,6.7,6.7,6.8,7.5,7.3,0.7,2.3,2.5,12471619
2019:Q4,Other,9.9,11.8,12.5,8.3,9.1,11.8,6,6.1,6.1,NA,11.6,11.5,12.7,9.1,10.8,7.2,10.4,7.4,9.9,10.5,13.3,13.3,13.9,13.4,4.4,5.6,11.3,9.4,14686757
2020:Q1,White,82,77.4,77.2,78.7,84,81.2,92.7,92.5,92.3,96.6,88.3,88.8,83,89.1,78.5,76.6,80.2,78,86,74.9,71.5,71.5,72.6,65,83.8,93,77.4,83.6,83647049
2020:Q1,Black,4.9,5.6,5.4,6.6,4.6,4.5,0.9,1.2,1.3,0.3,0.5,0.5,0.9,1.2,8.7,11.3,6.1,10.4,2,8.9,8.6,8.6,6.9,14.2,3.6,1,9.1,4.3,18202918
2020:Q1,Hispanic,3.1,5.2,5,6.5,2.2,2.5,0.5,0.5,0.5,0.3,0.4,0.1,3.3,0.5,2.1,5.4,3.2,4.1,2.1,5.7,6.7,6.7,6.7,7.5,7.6,0.8,2.4,2.6,12427553
2020:Q1,Other,9.9,11.8,12.4,8.2,9.1,11.7,5.9,5.7,5.9,2.7,10.8,10.6,12.7,9.2,10.8,6.7,10.6,7.4,9.9,10.4,13.2,13.2,13.8,13.3,5,5.2,11.1,9.4,14635589
2020:Q2,White,82.2,77.3,77,78.8,84.2,81,93,93.2,92.8,98.2,88.3,88.8,83,89.3,78.5,76.1,79.7,78,85.8,74.9,71.5,71.5,72.6,65,84.4,92.9,77.5,83.7,83173640
2020:Q2,Black,4.8,5.6,5.4,6.6,4.5,4.6,0.7,1.2,1.3,0.1,0.5,0.5,0.9,1.1,8.6,11.4,6.7,10.4,2,8.9,8.5,8.5,6.9,14.2,3.3,0.9,9,4.3,18008746
2020:Q2,Hispanic,3.1,5.3,5.1,6.5,2.2,2.7,0.4,0.5,0.6,0.3,0.4,0.1,3.3,0.5,2.1,5.3,3.1,4.1,2.1,5.7,6.7,6.7,6.7,7.5,7.5,0.7,2.3,2.6,12292294
2020:Q2,Other,9.9,11.8,12.5,8.2,9.1,11.7,5.9,5.1,5.4,1.4,10.8,10.6,12.8,9.1,10.7,7.3,10.4,7.5,10,10.5,13.3,13.3,13.9,13.3,4.8,5.5,11.2,9.5,14600468
2020:Q3,White,82.2,77.2,76.9,78.7,84.2,81,92.8,92.8,92.8,93.2,88.2,88.7,83,89.4,78.5,75.8,79.6,78,85.6,75,71.7,71.7,72.7,65,85.3,93.6,77.6,83.6,83045307
2020:Q3,Black,4.8,5.6,5.4,6.6,4.5,4.6,0.8,1.3,1.3,0.8,0.5,0.4,0.9,1.1,8.6,11.4,7,10.3,2,8.9,8.4,8.4,6.8,14.2,2.9,1.2,8.9,4.3,17867522
2020:Q3,Hispanic,3.1,5.3,5.1,6.5,2.2,2.7,0.5,0.6,0.6,0.3,0.4,0.1,3.3,0.5,2.2,5.3,3.1,4.1,2.2,5.7,6.7,6.7,6.7,7.5,7.3,0.9,2.3,2.6,12237272
2020:Q3,Other,9.9,11.8,12.5,8.2,9.2,11.7,5.9,5.3,5.3,5.8,11,10.8,12.8,9,10.7,7.5,10.3,7.6,10.1,10.4,13.2,13.2,13.8,13.3,4.5,4.3,11.2,9.5,14545795
2020:Q4,White,82.3,77,76.8,78.6,84.3,80.9,92.7,92.7,92.7,93.8,88.3,88.9,82.9,89.5,78.5,75.6,79.2,77.9,85.4,74.9,72,72,72.9,65,85.1,94.3,77.7,83.6,83099510
2020:Q4,Black,4.7,5.7,5.5,6.6,4.4,4.6,0.9,1.3,1.3,0.7,0.5,0.5,0.9,1.1,8.7,11.4,7.4,10.3,2,8.9,8.3,8.3,6.7,14.2,3,1.4,8.7,4.3,17881417
2020:Q4,Hispanic,3,5.5,5.2,6.6,2.1,2.8,0.5,0.6,0.6,0.3,0.4,0.1,3.4,0.5,2.2,5.3,3.1,4.1,2.3,5.7,6.6,6.6,6.7,7.5,7.4,1.1,2.3,2.6,12347146
2020:Q4,Other,9.9,11.8,12.5,8.1,9.2,11.6,5.9,5.4,5.4,5.2,10.7,10.5,12.9,8.9,10.6,7.7,10.2,7.7,10.3,10.4,13.1,13.1,13.8,13.4,4.6,3.2,11.3,9.5,14557937
2021:Q1,White,82.3,76.9,76.6,78.5,84.3,80.9,92.8,93.5,93.5,NA,88.4,88.9,83.2,89.6,78.4,75.6,79.1,77.9,85.2,74.9,72.2,72.1,73,64.9,85.4,94.7,77.4,83.5,83590064
2021:Q1,Black,4.8,5.8,5.6,6.8,4.4,4.7,0.9,1.4,1.4,NA,0.5,0.5,0.9,1.1,8.8,11.5,7.6,10.4,2.1,9,8.4,8.4,6.7,14.4,2.8,1.6,9.1,4.3,18206957
2021:Q1,Hispanic,3.1,5.6,5.4,6.6,2.1,2.9,0.5,0.6,0.6,NA,0.4,0.1,3.3,0.5,2.2,5.3,3.1,4.1,2.4,5.7,6.6,6.6,6.6,7.4,7.3,1.2,2.4,2.6,12413982
2021:Q1,Other,9.9,11.8,12.4,8.1,9.2,11.5,5.9,4.6,4.6,NA,10.6,10.5,12.5,8.9,10.6,7.6,10.1,7.6,10.4,10.4,12.9,12.9,13.7,13.3,4.4,2.5,11.1,9.5,14580702
2021:Q2,White,82.1,76.5,76.2,78.1,84.3,80.8,92.7,93.6,93.6,NA,88.5,88.9,83.4,89.6,78.3,75.3,78.9,77.7,84.8,74.8,72.1,72.1,72.9,64.8,85.6,94.8,77.4,83.4,83688322
2021:Q2,Black,4.8,6,5.8,7,4.4,4.8,0.9,1.4,1.4,NA,0.6,0.5,0.9,1.1,8.8,11.6,7.9,10.5,2.1,9.1,8.4,8.4,6.7,14.4,2.7,1.7,9,4.4,18349451
2021:Q2,Hispanic,3.1,5.7,5.5,6.7,2.1,2.9,0.5,0.6,0.6,NA,0.4,0.2,3.3,0.5,2.2,5.3,3.1,4.1,2.5,5.7,6.6,6.6,6.6,7.4,7.3,1.3,2.4,2.7,12510016
2021:Q2,Other,10,11.8,12.5,8.2,9.2,11.6,5.9,4.5,4.5,NA,10.5,10.4,12.4,8.9,10.6,7.8,10.1,7.7,10.6,10.4,12.9,12.9,13.7,13.4,4.3,2.3,11.2,9.6,14669561
2021:Q3,White,81.9,76.2,75.8,77.9,84.2,80.6,92.5,93.5,93.5,NA,88.5,89,83.5,89.5,78.2,75.2,78.8,77.6,84.3,74.6,71.8,71.8,72.6,64.6,85,94.9,77.3,83.1,83774919
2021:Q3,Black,4.8,6.1,5.9,7.1,4.3,4.8,0.9,1.4,1.4,NA,0.6,0.6,0.9,1.1,8.8,11.6,7.8,10.5,2.1,9.1,8.4,8.4,6.8,14.3,3,1.7,9,4.4,18361949
2021:Q3,Hispanic,3.2,5.9,5.7,6.8,2.1,2.9,0.5,0.6,0.6,NA,0.4,0.2,3.3,0.5,2.3,5.3,3.1,4.1,2.6,5.8,6.7,6.7,6.7,7.5,7.5,1.3,2.4,2.8,12586203
2021:Q3,Other,10.1,11.9,12.6,8.2,9.4,11.7,6,4.5,4.5,NA,10.4,10.2,12.2,9,10.7,7.9,10.2,7.8,11,10.5,13.1,13.1,13.9,13.5,4.6,2.1,11.3,9.7,14852962
2021:Q4,White,81.8,76,75.7,77.7,84.1,80.5,92.6,93.8,93.8,NA,88.5,89,83.6,89.5,78.2,75.1,78.6,77.6,83.9,74.5,71.6,71.6,72.3,64.6,82.8,94.9,77.3,83,83980929
2021:Q4,Black,4.8,6.1,5.9,7.2,4.3,4.8,0.9,1.4,1.4,NA,0.7,0.6,1,1.1,8.8,11.6,8,10.5,2.1,9.1,8.5,8.5,6.9,14.3,4,1.7,9,4.4,18429717
2021:Q4,Hispanic,3.2,5.9,5.8,6.9,2.2,3,0.5,0.6,0.6,NA,0.5,0.2,3.3,0.5,2.3,5.4,3.2,4.2,2.7,5.8,6.8,6.8,6.9,7.6,7.9,1.3,2.4,2.8,12743736
2021:Q4,Other,10.2,12,12.7,8.3,9.4,11.7,6,4.2,4.2,NA,10.3,10.2,12.1,9,10.7,7.9,10.2,7.8,11.2,10.5,13.1,13.1,13.9,13.6,5.3,2,11.4,9.8,14964180
2022:Q1,White,81.4,75.6,75.2,77.5,84,80.4,92.6,93.6,93.6,NA,88.9,89.3,83.4,89.5,78.1,75.4,78.7,77.5,83.7,74.5,71.3,71.3,72,64.4,82.2,94.9,77.1,82.7,84284553
2022:Q1,Black,4.9,6.3,6.1,7.3,4.3,4.8,0.9,1.4,1.4,NA,0.8,0.8,1,1.1,8.9,11.6,7.8,10.5,2.2,9.2,8.6,8.6,7.1,14.3,4.3,1.7,9.2,4.5,18608552
2022:Q1,Hispanic,3.4,6.2,6,6.9,2.2,3,0.5,0.6,0.6,NA,0.5,0.3,3.4,0.5,2.3,5.4,3.2,4.2,2.8,5.8,6.9,6.9,7,7.7,8,1.3,2.4,3,12844139
2022:Q1,Other,10.2,12,12.7,8.3,9.5,11.7,6,4.4,4.4,NA,9.8,9.6,12.3,9,10.8,7.6,10.3,7.8,11.3,10.5,13.1,13.1,13.9,13.6,5.5,2.1,11.3,9.9,15031496
2022:Q2,White,80.9,75.3,74.9,77.5,83.7,80.4,92.6,93.4,93.4,NA,88.7,89.1,83.2,89.3,78.1,75.8,79.1,77.4,83.4,74.4,71.1,71.1,71.9,64.4,81.2,94.5,77.1,82.2,84385655
2022:Q2,Black,5.1,6.4,6.2,7.3,4.5,4.8,0.9,1.4,1.4,NA,0.7,0.7,0.9,1.1,8.9,11.6,7.3,10.6,2.2,9.2,8.7,8.7,7.2,14.3,4.8,1.6,9.2,4.6,18742874
2022:Q2,Hispanic,3.6,6.3,6.1,7,2.3,3,0.5,0.6,0.6,NA,0.5,0.2,3.4,0.5,2.3,5.5,3.2,4.2,2.9,5.9,7,7,7.1,7.7,8.2,1.2,2.4,3.2,12909502
2022:Q2,Other,10.4,12.1,12.7,8.2,9.6,11.7,6,4.6,4.6,NA,10.1,9.9,12.5,9.1,10.8,7.2,10.4,7.8,11.5,10.5,13.2,13.2,13.9,13.6,5.8,2.6,11.3,10,15062270
2022:Q3,White,80.8,75.3,75,77.4,83.5,80.3,92.6,92.7,92.7,NA,88.3,88.8,83,89.1,78,76,79.1,77.3,83.2,74.2,71,70.9,71.8,64.3,80.6,94.4,77,82.1,84298627
2022:Q3,Black,5.1,6.3,6.1,7.3,4.5,4.8,0.8,1.3,1.3,NA,0.6,0.6,0.9,1.1,8.9,11.5,7,10.6,2.2,9.2,8.7,8.7,7.1,14.3,5,1.6,9.2,4.6,18733637
2022:Q3,Hispanic,3.6,6.2,6.1,7,2.4,3,0.5,0.6,0.6,NA,0.5,0.2,3.4,0.5,2.3,5.5,3.2,4.2,2.9,5.9,7,7,7.1,7.7,8.3,1.2,2.4,3.2,12992808
2022:Q3,Other,10.5,12.1,12.8,8.3,9.7,11.8,6.1,5.4,5.4,NA,10.6,10.4,12.7,9.2,10.9,7,10.6,7.9,11.7,10.6,13.3,13.3,14,13.8,6,2.8,11.4,10.1,15198973
2022:Q4,White,80.9,75.3,74.9,77.2,83.5,80.2,92.7,91.9,91.9,NA,87.9,88.4,82.7,89.1,77.8,75.8,78.8,77.2,83.2,74.1,70.7,70.7,71.6,64.1,79.4,93.7,77.1,82.2,84320261
2022:Q4,Black,5,6.3,6.1,7.3,4.4,4.8,0.7,1.3,1.3,NA,0.5,0.5,0.9,1.1,8.9,11.5,7.3,10.5,2.2,9.2,8.7,8.7,7.1,14.2,5.6,1.4,8.8,4.5,18732398
2022:Q4,Hispanic,3.5,6.2,6,7.1,2.3,3,0.4,0.6,0.6,NA,0.4,0.1,3.4,0.5,2.3,5.6,3.2,4.2,2.9,5.9,7.1,7.1,7.1,7.7,8.5,1.1,2.4,3.1,13060739
2022:Q4,Other,10.6,12.3,13,8.4,9.8,12,6.1,6.3,6.3,NA,11.1,10.9,13,9.3,11,7.1,10.7,8.1,11.7,10.7,13.6,13.6,14.1,14,6.5,3.8,11.7,10.2,15417359
2023:Q1,White,80.9,75.2,74.8,77.1,83.5,80.1,93,90.9,90.9,NA,87.7,88.2,82.4,89,77.7,75.4,78.5,77,83,73.9,70.7,70.6,71.7,64,80.9,93.6,76.8,82.3,84365091
2023:Q1,Black,4.9,6.2,6,7.3,4.3,4.8,0.5,1.2,1.2,NA,0.5,0.5,0.9,1.1,8.9,11.5,7.5,10.5,2.2,9.2,8.6,8.6,7,14.2,4.8,1.3,8.9,4.4,18756234
2023:Q1,Hispanic,3.5,6.2,6,7.1,2.3,3,0.4,0.5,0.5,NA,0.4,0.1,3.5,0.5,2.3,5.6,3.3,4.3,2.9,6,7,7,7.1,7.7,8.3,1,2.4,3,13165759
2023:Q1,Other,10.7,12.4,13.1,8.5,9.9,12.2,6.2,7.3,7.3,NA,11.4,11.3,13.2,9.4,11.1,7.5,10.8,8.2,11.9,10.9,13.7,13.7,14.3,14.2,6,4,11.8,10.3,15676698
