Date,Category,Assets,Nonfinancial assets,Real estate,Consumer durables,Financial assets,Deposits,Money market fund shares,Debt securities,U.S. government and municipal securities,Corporate and foreign bonds,Loans (Assets),Other loans and advances (Assets),Mortgages,Corporate equities and mutual fund shares,Life insurance reserves,Annuities,DC pension entitlements,DB pension entitlements,Equity in noncorporate business,Miscellaneous assets,Liabilities,Loans (Liabilities),Home mortgages,Consumer credit,Depository institutions loans n.e.c.,Other loans and advances (Liabilities),Deferred and unpaid life insurance premiums,Net worth,Household count
1989:Q3,Silent,73.4,64.3,66.6,55.9,78.9,82.3,85.5,83.6,85.2,73.7,93,96.8,91.6,81.7,60.9,69.3,66.4,81.9,73.9,61.2,40.2,40.1,37.6,39.4,51.9,83.6,60.6,78.6,48553376
1989:Q3,BabyBoom,26,34.7,32.8,41.7,20.8,17.3,14.4,15.9,14.3,26.1,7,3.2,8.4,18.1,38.3,30.6,33.4,18.1,25.7,37.5,58.1,58.2,61.3,56.8,47.9,16.2,38.6,21.1,39289625
1989:Q3,GenX,0.6,1,0.6,2.4,0.3,0.4,0.1,0.5,0.5,0.2,0,0,0,0.2,0.8,0,0.2,0,0.4,1.3,1.7,1.7,1.1,3.8,0.2,0.2,0.8,0.4,5177100
1989:Q3,Millennial,0,0,0,0,0,0,0,0,0,0,0,0,0,0,0,0,0,0,0,0,0,0,0,0,0,0,0,0,0
1989:Q4,Silent,73.1,64.2,66.6,55.4,78.4,81.1,83.9,83.8,85.4,74.3,92.9,95.2,91.8,81.5,60.8,68.4,66.2,81.1,73.8,60.9,40,39.9,37.5,39.2,52.4,82.8,60.2,78.2,48581894
1989:Q4,BabyBoom,26.2,34.5,32.5,42,21.3,18.3,15.9,15.7,14.1,25.4,7.1,4.8,8.2,18.3,38.3,31.4,33.5,18.8,25.7,37.6,58.2,58.3,61.4,56.6,47.4,17.1,38.6,21.2,39314788
1989:Q4,GenX,0.7,1.3,0.9,2.6,0.4,0.6,0.2,0.5,0.5,0.3,0,0,0,0.2,1,0.2,0.3,0.1,0.5,1.5,1.8,1.8,1.1,4.2,0.2,0.2,1.2,0.5,5366102
1989:Q4,Millennial,0,0,0,0,0,0,0,0,0,0,0,0,0,0,0,0,0,0,0,0,0,0,0,0,0,0,0,0,0
1990:Q1,Silent,72.9,63.9,66.2,55.4,78.3,80.7,82,83.2,84.5,74.5,92.9,95.2,92.1,83.2,60.8,67.6,66.9,80.7,73.6,60.6,39.8,39.7,37.5,38.7,52.8,81.9,60.4,78.1,48563738
1990:Q1,BabyBoom,26.4,34.9,32.9,41.8,21.4,18.7,17.7,16.3,14.9,25.1,7.1,4.8,7.9,16.8,38.1,32.1,33,19.2,25.8,37.7,58.2,58.3,61.2,56.7,46.9,17.9,38.4,21.4,39352975
1990:Q1,GenX,0.7,1.3,0.9,2.8,0.4,0.7,0.3,0.6,0.6,0.4,0,0,0,0,1.1,0.3,0.1,0.1,0.6,1.7,2.1,2.1,1.3,4.6,0.3,0.2,1.2,0.5,5588047
1990:Q1,Millennial,0,0,0,0,0,0,0,0,0,0,0,0,0,0,0,0,0,0,0,0,0,0,0,0,0,0,0,0,0
1990:Q2,Silent,72.7,63.8,66.3,54.7,77.9,80.2,81.7,82.5,83.7,75,92.9,94.6,92.3,82.9,60.7,65.3,67.3,80.2,73.5,60.4,39.7,39.6,37.5,38.3,53.2,81.1,60.3,77.9,48501341
1990:Q2,BabyBoom,26.5,34.7,32.5,42.2,21.7,19,18,16.9,15.7,24.4,7.1,5.4,7.7,17.1,38,34.1,32.7,19.7,25.8,37.8,58.1,58.2,61,56.6,46.4,18.7,38.3,21.5,39403449
1990:Q2,GenX,0.9,1.5,1.1,3.1,0.4,0.8,0.2,0.6,0.6,0.5,0,0,0,0,1.3,0.6,0,0.1,0.6,1.8,2.3,2.3,1.5,5.1,0.4,0.2,1.3,0.6,5841384
1990:Q2,Millennial,0,0,0,0,0,0,0,0,0,0,0,0,0,0,0,0,0,0,0,0,0,0,0,0,0,0,0,0,0
1990:Q3,Silent,72.5,63.4,65.8,54.9,77.9,79.5,80,81.4,82.3,75.4,92.8,93.7,92.4,87.5,60.7,65.7,68.4,79.8,73.4,60.1,39.3,39.2,37.4,37.9,53.6,80.1,60.3,77.8,48397137
1990:Q3,BabyBoom,26.6,35.1,33.2,41.9,21.5,19.6,19.6,18,17.1,24,7.2,6.3,7.6,12.5,37.9,33.8,31.6,20.1,25.9,38,58.2,58.3,61.1,56.4,45.9,19.8,38.2,21.5,39465470
1990:Q3,GenX,0.9,1.5,1.1,3.2,0.5,0.9,0.3,0.7,0.7,0.6,0,0,0,0,1.4,0.5,0,0.2,0.7,1.9,2.5,2.5,1.6,5.6,0.5,0.2,1.5,0.6,6124565
1990:Q3,Millennial,0,0,0,0,0,0,0,0,0,0,0,0,0,0,0,0,0,0,0,0,0,0,0,0,0,0,0,0,0
1990:Q4,Silent,72,63.1,65.5,54.8,77.3,78.4,79,80.6,81.3,76.8,92.5,92.1,92.6,85.2,60.6,64.9,68,79.3,73.2,59.7,39,38.9,37,37.4,54,79.3,59.8,77.4,48253559
1990:Q4,BabyBoom,27,35.3,33.4,41.9,22.2,20.6,20.7,18.6,18,22.4,7.5,7.9,7.4,14.8,37.9,34.4,32,20.5,26,38.2,58.4,58.5,61.4,56.3,45.3,20.5,38.3,21.9,39538300
1990:Q4,GenX,1,1.6,1.1,3.4,0.6,1.1,0.4,0.8,0.8,0.8,0,0,0,0,1.6,0.7,0,0.2,0.8,2.1,2.6,2.6,1.5,6.3,0.7,0.2,1.9,0.7,6436037
1990:Q4,Millennial,0,0,0,0,0,0,0,0,0,0,0,0,0,0,0,0,0,0,0,0,0,0,0,0,0,0,0,0,0
1991:Q1,Silent,71.7,62.9,65.5,54.1,76.7,77.7,76.6,82,82.8,77.5,92.4,91.6,92.7,82.2,60.4,64.9,66.9,78.9,73.2,59.3,38.6,38.5,36.8,36.7,54.5,78.4,59.8,77,48073042
1991:Q1,BabyBoom,27.2,35.3,33.3,42.2,22.6,21,22.8,17.2,16.4,21.5,7.6,8.4,7.3,17.8,37.8,34.5,32.9,20.9,25.9,38.4,58.8,58.9,61.8,56.4,44.7,21.4,38.2,22.2,39621201
1991:Q1,GenX,1.1,1.8,1.3,3.7,0.6,1.2,0.6,0.8,0.8,0.9,0,0,0,0,1.7,0.6,0.2,0.2,0.9,2.3,2.7,2.7,1.5,6.9,0.8,0.2,2,0.8,6774250
1991:Q1,Millennial,0,0,0,0,0,0,0,0,0,0,0,0,0,0,0,0,0,0,0,0,0,0,0,0,0,0,0,0,0
1991:Q2,Silent,71.6,62.7,65.2,53.8,76.7,78.1,76.4,81.5,82.2,78.2,92.4,91.2,92.9,82.7,60.2,64.3,67,78.3,73.3,59,38.3,38.2,36.6,36.1,55,77.4,59.7,76.9,47858018
1991:Q2,BabyBoom,27.3,35.4,33.4,42.2,22.6,20.6,23.1,17.6,17,20.7,7.6,8.8,7.1,17.3,37.9,35,32.8,21.4,25.9,38.6,58.8,58.9,61.7,56.3,44.1,22.3,38.2,22.2,39713433
1991:Q2,GenX,1.1,1.9,1.3,4,0.7,1.3,0.5,0.9,0.9,1.1,0,0,0,0,1.9,0.7,0.2,0.3,0.9,2.4,3,3,1.7,7.5,1,0.2,2.1,0.8,7137654
1991:Q2,Millennial,0,0,0,0,0,0,0,0,0,0,0,0,0,0,0,0,0,0,0,0,0,0,0,0,0,0,0,0,0
1991:Q3,Silent,71.2,62.2,64.6,53.9,76.3,77.9,75.7,81.1,81.6,78.1,91.7,89.1,93,81.5,60.1,64,66.3,77.8,73.4,58.5,38.4,38.3,36.8,35.6,55.5,77,59.7,76.5,47610922
1991:Q3,BabyBoom,27.6,35.9,34.1,42,23,20.7,23.8,17.9,17.4,20.5,8.3,10.9,7,18.5,37.8,35.3,33.3,21.9,25.7,38.8,58.4,58.5,61.3,56.2,43.3,22.7,38.1,22.7,39814259
1991:Q3,GenX,1.2,1.9,1.3,4.1,0.7,1.4,0.5,1,0.9,1.3,0,0,0,0,2.1,0.7,0.5,0.3,0.9,2.6,3.2,3.2,1.9,8.2,1.2,0.3,2.2,0.8,7524699
1991:Q3,Millennial,0,0,0,0,0,0,0,0,0,0,0,0,0,0,0,0,0,0,0,0,0,0,0,0,0,0,0,0,0
1991:Q4,Silent,70.6,61.8,64.2,53.6,75.5,77.2,74.7,81.3,81.8,78.4,90.1,85.8,93,77.7,59.8,63.5,65.2,77.3,73.6,58.1,38.3,38.2,36.8,35.1,56.1,76.6,59.6,75.8,47334187
1991:Q4,BabyBoom,28.1,36.1,34.4,42.1,23.6,21.2,24.8,17.6,17.3,19.9,9.9,14.1,7,21.7,37.8,35.7,33.9,22.4,25.5,39.1,58.1,58.2,61,56,42.5,22.9,38.1,23.3,39922939
1991:Q4,GenX,1.3,2.1,1.4,4.4,0.9,1.6,0.5,1.1,1,1.6,0,0.1,0,0.6,2.3,0.8,0.9,0.4,0.8,2.9,3.6,3.6,2.2,8.9,1.5,0.5,2.4,0.9,7933834
1991:Q4,Millennial,0,0,0,0,0,0,0,0,0,0,0,0,0,0,0,0,0,0,0,0,0,0,0,0,0,0,0,0,0
1992:Q1,Silent,70.5,61.5,63.9,52.9,75.6,79.3,73.2,80.4,80.7,79.1,90.8,86.7,93.1,78.5,59.6,63.4,65.7,76.4,73.7,57.6,38.3,38.2,37.1,34.4,56.7,75.6,59.3,75.7,47030247
1992:Q1,BabyBoom,28,36.1,34.3,42.4,23.5,19.2,26.1,18.4,18.3,19,9.2,13.3,6.9,21.1,37.9,35.8,33.6,23.2,25.5,39.3,57.6,57.7,60.2,56.1,41.5,24,38.1,23.3,40038735
1992:Q1,GenX,1.4,2.4,1.7,4.7,0.9,1.5,0.7,1.2,1.1,1.9,0,0,0,0.4,2.6,0.7,0.7,0.5,0.8,3.1,4.1,4.1,2.7,9.5,1.8,0.4,2.6,1,8363508
1992:Q1,Millennial,0,0,0,0,0,0,0,0,0,0,0,0,0,0,0,0,0,0,0,0,0,0,0,0,0,0,0,0,0
1992:Q2,Silent,70.3,61.1,63.7,52.3,75.5,79.3,72.9,81.3,81.6,79.5,89.8,84.7,93.1,78.8,59.4,62.7,65.7,75.5,73.8,57.1,38.3,38.3,37.3,33.8,57.4,75,59.1,75.5,46701536
1992:Q2,BabyBoom,28.2,36.2,34.4,42.6,23.6,19.1,26.6,17.4,17.2,18.2,10.1,15.3,6.9,20.9,37.8,36.5,33.6,23.9,25.4,39.5,57.2,57.2,59.7,55.9,40.4,24.5,38.1,23.5,40160910
1992:Q2,GenX,1.5,2.6,1.9,5.1,0.9,1.6,0.6,1.3,1.2,2.2,0,0,0,0.3,2.8,0.9,0.7,0.6,0.8,3.4,4.5,4.5,3.1,10.2,2.2,0.5,2.8,1.1,8812171
1992:Q2,Millennial,0,0,0,0,0,0,0,0,0,0,0,0,0,0,0,0,0,0,0,0,0,0,0,0,0,0,0,0,0
1992:Q3,Silent,69.7,60.5,62.8,52.5,74.8,78.9,72.2,80.4,80.5,79.6,89.3,83.6,93,77.9,59,62.1,65,74.6,73.8,56.6,37.9,37.9,37,33.2,58.2,74.2,58.8,74.8,46350486
1992:Q3,BabyBoom,28.7,36.9,35.4,42.3,24.1,19.3,27.3,18.1,18.2,17.7,10.6,16.4,6.8,21.7,38,36.9,34.1,24.7,25.3,39.8,57.2,57.3,59.7,55.7,39.2,25.3,38.2,24.1,40288723
1992:Q3,GenX,1.6,2.6,1.8,5.2,1,1.8,0.5,1.5,1.3,2.7,0.1,0,0.1,0.4,3.1,0.9,1,0.7,0.8,3.6,4.8,4.9,3.3,11.1,2.6,0.6,3.1,1.1,9278273
1992:Q3,Millennial,0,0,0,0,0,0,0,0,0,0,0,0,0,0,0,0,0,0,0,0,0,0,0,0,0,0,0,0,0
1992:Q4,Silent,68.7,59.8,61.9,52.2,73.6,77.6,73.6,80.7,81,79.2,89.5,85.7,92,75,57.9,59.5,62.8,73.2,73.6,55.9,37.2,37.1,36.3,32.3,56.6,73.4,57.8,73.8,45979806
1992:Q4,BabyBoom,29.5,37.4,36,42.2,25.2,20.4,26.1,17.8,17.8,18.1,10.4,14.3,7.8,23.9,38.6,39.2,35.9,25.9,25.7,40.2,57.4,57.5,59.9,55.8,40.3,26,38.8,25,40421283
1992:Q4,GenX,1.8,2.8,2,5.6,1.2,2,0.4,1.4,1.2,2.7,0.1,0,0.1,1,3.5,1.4,1.3,0.9,0.7,4,5.4,5.4,3.8,11.8,3,0.6,3.5,1.2,9760182
1992:Q4,Millennial,0,0,0,0,0,0,0,0,0,0,0,0,0,0,0,0,0,0,0,0,0,0,0,0,0,0,0,0,0
1993:Q1,Silent,68.3,59.5,62,50.7,73.1,78.5,74.1,81.2,81.4,79.7,88.7,85.7,91,74.4,56.8,57.7,60.2,72.4,72.9,55.2,36.7,36.6,35.8,31.2,55,73.1,56.7,73.3,45593295
1993:Q1,BabyBoom,29.6,37,35.2,43,25.6,19.6,25.5,17.4,17.3,17.8,11.2,14.2,8.9,24.4,39.3,40.7,37.9,26.6,26.4,40.6,57.5,57.6,60,56.3,41.4,26.3,39.4,25.2,40557081
1993:Q1,GenX,2.1,3.6,2.8,6.4,1.3,1.9,0.4,1.4,1.2,2.5,0.1,0.1,0.1,1.1,3.9,1.5,1.9,1,0.7,4.3,5.8,5.8,4.2,12.5,3.5,0.7,3.9,1.5,10255950
1993:Q1,Millennial,0,0,0,0,0,0,0,0,0,0,0,0,0,0,0,0,0,0,0,0,0,0,0,0,0,0,0,0,0
1993:Q2,Silent,67.7,58.6,61,50.4,72.6,78,75.3,82.8,83.4,79.9,88.1,86,89.9,74.3,55.7,56,58.6,71.7,72.3,54.5,35.9,35.8,35.1,30.3,53.4,72.3,55.6,72.8,45195026
1993:Q2,BabyBoom,30.1,37.6,36,42.8,26,20,24.5,15.8,15.4,17.8,11.8,13.8,10,24.6,39.9,42.2,39.3,27.3,27,41,57.8,57.9,60.2,56.4,42.6,27.1,40,25.6,40694454
1993:Q2,GenX,2.2,3.8,2.9,6.8,1.4,2,0.3,1.4,1.2,2.3,0.1,0.2,0.1,1.1,4.4,1.7,2.1,1,0.7,4.6,6.3,6.3,4.7,13.3,4,0.7,4.3,1.6,10763548
1993:Q2,Millennial,0,0,0,0,0,0,0,0,0,0,0,0,0,0,0,0,0,0,0,0,0,0,0,0,0,0,0,0,0
1993:Q3,Silent,67,57.8,59.9,50.3,71.9,77.3,76.2,83.8,84.7,80,88.2,87.5,88.7,73.4,54.6,54,56.9,70.9,71.6,53.7,35.1,35,34.2,29.4,51.8,72.1,54.6,72.1,44789074
1993:Q3,BabyBoom,30.7,38.3,37,42.6,26.6,20.6,23.6,14.9,14.2,17.8,11.7,12.3,11.2,25.4,40.5,43.9,40.7,28,27.6,41.3,58.2,58.2,60.8,56.5,43.6,27.1,40.6,26.3,40831741
1993:Q3,GenX,2.3,4,3,7.1,1.5,2.1,0.2,1.3,1.1,2.1,0.1,0.2,0.1,1.2,4.9,2.1,2.4,1.1,0.8,4.9,6.8,6.8,5,14.1,4.6,0.8,4.8,1.6,11280944
1993:Q3,Millennial,0,0,0,0,0,0,0,0,0,0,0,0,0,0,0,0,0,0,0,0,0,0,0,0,0,0,0,0,0
1993:Q4,Silent,66.3,57,59.1,49.7,71.3,76.9,76.7,84.1,85,80.8,87.9,88.4,87.5,72.5,53.6,52.9,55.6,70.2,70.9,53,34.4,34.3,33.5,28.8,50.1,71.8,53.5,71.4,44379510
1993:Q4,BabyBoom,31.2,38.6,37.5,42.6,27.2,20.9,23.1,14.7,14,17.4,12,11.4,12.4,26.1,41.1,44.9,41.9,28.6,28.3,41.7,58.3,58.3,61,56.3,44.7,27.3,41.2,26.8,40967279
1993:Q4,GenX,2.5,4.4,3.4,7.7,1.6,2.2,0.2,1.2,1.1,1.8,0.1,0.2,0.1,1.4,5.4,2.1,2.5,1.2,0.8,5.3,7.3,7.3,5.5,14.9,5.2,0.9,5.3,1.8,11806112
1993:Q4,Millennial,0,0,0,0,0,0,0,0,0,0,0,0,0,0,0,0,0,0,0,0,0,0,0,0,0,0,0,0,0
1994:Q1,Silent,65.9,56.5,58.7,48.6,70.9,76.8,77,81.6,81.9,80.8,87.6,89,86.2,74,52.6,52.1,54.7,69.5,69.9,52.3,33.6,33.6,32.8,27.8,48.5,71.1,52.4,71.1,43970410
1994:Q1,BabyBoom,31.4,38.5,37.2,43,27.6,21,22.7,17.2,17.1,17.5,12.3,10.8,13.7,25.2,41.6,45.9,42.9,29.2,29.1,42.1,58.7,58.8,61.4,56.5,45.7,28,41.8,27,41099405
1994:Q1,GenX,2.7,5,4.1,8.5,1.5,2.2,0.3,1.2,1.1,1.7,0.1,0.2,0.1,0.8,5.8,2.1,2.4,1.3,1,5.6,7.7,7.7,5.8,15.7,5.8,0.9,5.8,1.9,12337019
1994:Q1,Millennial,0,0,0,0,0,0,0,0,0,0,0,0,0,0,0,0,0,0,0,0,0,0,0,0,0,0,0,0,0
1994:Q2,Silent,65.4,55.7,57.9,48,70.6,77.3,78,80.2,80,80.9,87.4,89.9,84.9,75,51.7,51.7,53.3,68.9,68.9,51.5,33,32.9,32.1,27.1,46.9,70.4,51.3,70.6,43565846
1994:Q2,BabyBoom,31.8,38.8,37.6,43,28,20.6,21.8,18.6,18.9,17.6,12.5,9.8,15,24.7,42,46.5,44,29.8,29.9,42.5,58.7,58.8,61.5,56.4,46.7,28.7,42.3,27.4,41226457
1994:Q2,GenX,2.9,5.5,4.4,9,1.5,2.1,0.2,1.2,1.1,1.5,0.1,0.2,0,0.4,6.3,1.8,2.7,1.3,1.1,6,8.3,8.3,6.4,16.5,6.5,0.9,6.3,2,12871639
1994:Q2,Millennial,0,0,0,0,0,0,0,0,0,0,0,0,0,0,0,0,0,0,0,0,0,0,0,0,0,0,0,0,0
1994:Q3,Silent,64.7,54.9,56.9,47.8,69.9,76.6,78.4,79.9,79.7,80.7,87.1,90.7,83.5,74.8,50.4,50.7,51.7,68.2,68.3,50.8,32.3,32.2,31.5,26.6,45.2,69.6,50.3,70,43169891
1994:Q3,BabyBoom,32.4,39.5,38.5,42.8,28.5,21.2,21.4,18.9,19.2,18,12.8,9.1,16.4,24.9,42.6,47.4,45.1,30.4,30.6,42.8,58.8,58.9,61.6,56.2,47.6,29.5,42.9,28,41346772
1994:Q3,GenX,3,5.6,4.5,9.4,1.5,2.2,0.2,1.1,1.1,1.3,0.1,0.2,0,0.3,7,1.9,3.2,1.4,1.2,6.4,8.9,8.9,6.9,17.2,7.1,0.9,6.9,2,13407940
1994:Q3,Millennial,0,0,0,0,0,0,0,0,0,0,0,0,0,0,0,0,0,0,0,0,0,0,0,0,0,0,0,0,0
1994:Q4,Silent,64.2,54.2,56.2,47.4,69.5,76.1,78.4,78,77.1,81.1,86.7,91.4,82.1,75.5,49.5,50.7,51.3,67.6,67.5,50.1,31.8,31.7,30.9,26.2,43.7,69.5,49.2,69.6,42786619
1994:Q4,BabyBoom,32.8,39.9,39.1,42.7,29,21.6,21.2,20.9,21.8,17.8,13.1,8.4,17.9,24.5,43,47.8,45.9,30.9,31.3,43.1,58.6,58.7,61.5,55.9,48.5,29.4,43.4,28.5,41458688
1994:Q4,GenX,3.1,5.9,4.8,9.9,1.5,2.3,0.4,1.1,1.1,1.1,0.2,0.3,0,0,7.4,1.5,2.8,1.5,1.3,6.7,9.6,9.6,7.5,17.9,7.9,1,7.4,2,13943894
1994:Q4,Millennial,0,0,0,0,0,0,0,0,0,0,0,0,0,0,0,0,0,0,0,0,0,0,0,0,0,0,0,0,0
1995:Q1,Silent,63.5,53.6,55.6,46.8,68.8,74.9,78.4,79.6,79.2,81.1,86.3,91.6,80.6,74.2,48.5,49.6,49.5,66.9,66.8,49.5,31.1,31,30.3,25.3,42.1,68.5,48.1,68.9,42420104
1995:Q1,BabyBoom,33.2,40.1,39.4,42.7,29.6,22.5,21,19.4,19.8,18,13.6,8.1,19.4,25.6,43.5,48.8,46.9,31.5,31.9,43.3,58.9,58.9,61.8,56,49.3,30.4,43.8,29,41560544
1995:Q1,GenX,3.3,6.3,5.1,10.5,1.7,2.5,0.5,1,1,0.8,0.2,0.3,0,0.2,8,1.6,3.6,1.6,1.3,7.2,10.1,10.1,7.9,18.7,8.6,1,8.1,2.2,14477471
1995:Q1,Millennial,0,0,0,0,0,0,0,0,0,0,0,0,0,0,0,0,0,0,0,0,0,0,0,0,0,0,0,0,0
1995:Q2,Silent,62.7,52.8,54.5,47,67.9,73.5,78.1,80.6,80.6,80.7,85.9,92,79.1,72.8,47.5,47.6,47.9,66.2,66.3,48.9,30.4,30.3,29.6,24.8,40.5,67.9,47.1,68.1,42074418
1995:Q2,BabyBoom,33.9,41,40.6,42.3,30.2,23.7,21.1,18.5,18.5,18.7,14,7.6,20.9,26.6,43.9,50.3,47.8,32.2,32.5,43.5,59.1,59.2,62.1,55.7,50.1,31,44.2,29.8,41650675
1995:Q2,GenX,3.4,6.2,4.9,10.7,1.9,2.8,0.8,0.8,0.9,0.6,0.2,0.3,0,0.7,8.6,2.1,4.3,1.7,1.3,7.6,10.5,10.5,8.2,19.5,9.3,1,8.7,2.2,15006642
1995:Q2,Millennial,0,0,0,0,0,0,0,0,0,0,0,0,0,0,0,0,0,0,0,0,0,0,0,0,0,0,0,0,0
1995:Q3,Silent,62.1,52.4,54,46.9,67.1,73.2,78.4,81.1,81.1,81,85.5,92.4,77.5,71.2,46.7,46.4,46.2,65.5,65.6,48.2,29.9,29.8,29,24.3,39,68,46.1,67.5,41753636
1995:Q3,BabyBoom,34.4,41.6,41.4,42.1,30.8,24,20.7,18.3,18.1,18.7,14.3,7.2,22.5,27.6,44.2,51.3,48.6,32.7,33.1,43.9,59,59,62.1,55.5,50.8,30.8,44.6,30.3,41727420
1995:Q3,GenX,3.4,6.1,4.6,11,2.1,2.8,0.9,0.7,0.8,0.3,0.2,0.3,0,1.2,9.2,2.4,5.2,1.8,1.4,7.9,11.2,11.2,8.8,20.2,10.1,1.2,9.3,2.1,15529378
1995:Q3,Millennial,0,0,0,0,0,0,0,0,0,0,0,0,0,0,0,0,0,0,0,0,0,0,0,0,0,0,0,0,0
1995:Q4,Silent,61.5,52,53.7,46.5,66.2,72.3,77.3,81.3,81.5,81,85.7,91.4,78.1,69.6,45.4,45.9,45.1,64.9,64.5,47.7,29.5,29.5,28.7,24.5,37.8,66.9,44.9,66.8,41460464
1995:Q4,BabyBoom,34.8,41.7,41.5,42.3,31.4,24.7,21.7,17.9,17.7,18.5,13.9,7.9,21.9,28.7,45.4,51.6,49.6,33.2,33.9,44.1,59,59,62.4,54.6,52.3,32,45.6,30.8,41789886
1995:Q4,GenX,3.6,6.3,4.8,11.2,2.3,3,1,0.8,0.8,0.5,0.4,0.7,0,1.7,9.3,2.6,5.3,1.9,1.6,8.2,11.5,11.5,8.9,20.9,9.9,1.1,9.5,2.3,16044047
1995:Q4,Millennial,0,0,0,0,0,0,0,0,0,0,0,0,0,0,0,0,0,0,0,0,0,0,0,0,0,0,0,0,0
1996:Q1,Silent,61,51.7,53.4,46,65.5,70.7,75.3,81.7,82.3,80.3,85.9,90.9,78.7,68.9,44.2,45.4,44.1,64.4,63.7,47.2,29.3,29.3,28.3,24.2,36.5,67.4,43.7,66.2,41192143
1996:Q1,BabyBoom,35.2,41.6,41.4,42.5,32,25.9,23.3,17.5,16.9,19,13.4,8,21.3,29.2,46.5,51.9,50.5,33.6,34.5,44.4,58.9,58.9,62.6,54.1,54,31.2,46.5,31.3,41840261
1996:Q1,GenX,3.9,6.7,5.2,11.5,2.5,3.4,1.3,0.8,0.9,0.6,0.7,1.1,0,1.9,9.3,2.8,5.4,2,1.8,8.4,11.8,11.8,9.1,21.7,9.5,1.4,9.7,2.6,16550616
1996:Q1,Millennial,0,0,0,0,0,0,0,0,0,0,0,0,0,0,0,0,0,0,0,0,0,0,0,0,0,0,0,0,0
1996:Q2,Silent,60.5,51.3,52.9,45.9,64.9,70.4,75.6,80.3,80.5,80,86.5,91.4,79.3,68.4,43.1,45,43.5,63.9,63.2,46.7,29.1,29.1,28.1,24.2,35.5,66.6,42.6,65.7,40944548
1996:Q2,BabyBoom,35.6,42,41.8,42.5,32.5,26.1,23.4,18.7,18.5,19.2,12.6,7.2,20.7,29.6,47.6,52.1,51.4,34,35.1,44.7,58.6,58.7,62.4,53.4,55.2,32,47.4,31.8,41881500
1996:Q2,GenX,3.9,6.7,5.2,11.6,2.6,3.5,1,1,1,0.8,0.9,1.4,0.1,2,9.3,2.9,5.1,2.1,1.7,8.6,12.3,12.3,9.6,22.4,9.3,1.4,10,2.5,17049451
1996:Q2,Millennial,0,0,0,0,0,0,0,0,0,0,0,0,0,0,0,0,0,0,0,0,0,0,0,0,0,0,0,0,0
1996:Q3,Silent,60.1,51,52.6,45.7,64.5,69.8,74.8,79.2,79.3,78.9,87,91.7,79.9,68.7,41.9,44.8,42.7,63.5,62.6,46.2,28.9,28.8,27.8,24.2,34.5,65.9,41.5,65.3,40713554
1996:Q3,BabyBoom,36,42.2,42.1,42.6,32.9,26.6,24.2,19.8,19.6,20.2,11.8,6.4,20,29.5,48.6,52.2,52.3,34.3,35.6,44.9,58.3,58.3,62.1,52.7,56.5,32.8,48.3,32.2,41916562
1996:Q3,GenX,4,6.8,5.4,11.7,2.6,3.7,1,1.1,1.1,0.9,1.2,1.9,0.1,1.8,9.5,3,5,2.2,1.8,8.9,12.8,12.8,10,23,9,1.4,10.2,2.5,17540916
1996:Q3,Millennial,0,0,0,0,0,0,0,0,0,0,0,0,0,0,0,0,0,0,0,0,0,0,0,0,0,0,0,0,0
1996:Q4,Silent,59.5,50.8,52.5,45.1,63.6,69.5,73.7,78,78,78,86.2,89.2,80.6,68,40.8,47.3,40.4,63.2,61.2,45.7,28.7,28.7,27.6,24.3,33.5,65.6,40.5,64.6,40495034
1996:Q4,BabyBoom,36.2,41.9,41.6,42.9,33.5,26.7,25.1,20.8,20.7,20.9,12.2,8.4,19.2,30,49.6,51.2,52.9,34.5,36.4,45.2,58.1,58.1,62.1,52.1,57.9,32.9,49.1,32.5,41948404
1996:Q4,GenX,4.3,7.3,5.9,12,2.9,3.8,1.2,1.2,1.3,1.1,1.6,2.4,0.2,2,9.6,1.5,6.8,2.3,2.4,9.1,13.2,13.2,10.3,23.7,8.6,1.5,10.4,2.8,18025377
1996:Q4,Millennial,0,0,0,0,0,0,0,0,0,0,0,0,0,0,0,0,0,0,0,0,0,0,0,0,0,0,0,0,0
1997:Q1,Silent,59.1,50.6,52.3,44.7,63.2,69,72.4,78.8,79.9,75.4,87,90,81.3,68.2,39.8,46.8,40.2,62.9,59.8,45.3,28.5,28.5,27.4,24,32.6,65.2,39.5,64.2,40284865
1997:Q1,BabyBoom,36.4,41.8,41.4,43.1,33.8,27,26.2,19.9,18.9,23.3,11,7,18.5,29.9,50.6,51.5,53.7,34.8,37.1,45.4,57.9,57.9,61.9,51.7,58.9,33.2,50,32.8,41979982
1997:Q1,GenX,4.5,7.6,6.2,12.3,3,3.9,1.4,1.2,1.2,1.3,2,2.9,0.2,1.9,9.7,1.7,6.1,2.4,3.1,9.3,13.5,13.6,10.7,24.3,8.4,1.5,10.4,3,18503198
1997:Q1,Millennial,0,0,0,0,0,0,0,0,0,0,0,0,0,0,0,0,0,0,0,0,0,0,0,0,0,0,0,0,0
1997:Q2,Silent,58.2,50.3,51.9,44.7,61.9,68.4,72.6,79,80.3,75.1,86.7,88.9,82.1,65.3,38.8,44.3,38.2,62.3,59.1,44.9,28.4,28.4,27.2,23.9,31.8,65.1,38.6,63.1,40078919
1997:Q2,BabyBoom,36.9,42.1,41.8,43.1,34.5,27.4,26.3,19.7,18.4,23.5,10.9,7.6,17.6,31.5,51.5,52.5,54.1,35.2,37.6,45.6,57.6,57.7,61.8,51.2,60,33.2,50.9,33.5,42014253
1997:Q2,GenX,4.8,7.6,6.3,12.2,3.6,4.1,1.1,1.3,1.3,1.4,2.5,3.5,0.3,3.2,9.8,3.1,7.8,2.5,3.3,9.5,13.9,14,11.1,24.9,8.2,1.6,10.5,3.4,18974745
1997:Q2,Millennial,0,0,0,0,0,0,0,0,0,0,0,0,0,0,0,0,0,0,0,0,0,0,0,0,0,0,0,0,0
1997:Q3,Silent,57.5,49.9,51.5,44.7,60.9,67.7,71.7,79,80.5,74.9,87,88.8,83,64,37.8,42.8,36.7,61.8,58.1,44.5,28.3,28.2,26.9,23.8,31,65.4,37.6,62.3,39873073
1997:Q3,BabyBoom,37.4,42.4,42.2,43.1,35.1,27.9,27.1,19.6,18.2,23.5,10.1,7,16.7,32.2,52.3,53.2,54.5,35.5,38.2,45.7,57.2,57.2,61.4,50.6,61.3,32.8,51.8,34.1,42054174
1997:Q3,GenX,5.1,7.6,6.3,12.2,4,4.3,1.2,1.4,1.3,1.6,2.9,4.2,0.3,3.8,9.9,4,8.9,2.7,3.7,9.8,14.5,14.5,11.6,25.6,7.7,1.8,10.6,3.6,19440383
1997:Q3,Millennial,0,0,0,0,0,0,0,0,0,0,0,0,0,0,0,0,0,0,0,0,0,0,0,0,0,0,0,0,0
1997:Q4,Silent,57.1,49.7,51.4,44,60.4,66.8,70.8,77.9,79.3,73.6,86.4,87.5,83.8,63.8,36.9,43.2,36.6,61.6,56.6,44,28.2,28.1,26.8,23.8,30.3,64.8,36.7,61.8,39663200
1997:Q4,BabyBoom,37.5,42,41.6,43.5,35.5,28.6,27.9,20.6,19.2,24.6,10.1,7.6,15.8,32.4,53.2,53.1,55.2,35.7,38.9,46,56.8,56.8,61,50.1,62.2,33.4,52.8,34.4,42102702
1997:Q4,GenX,5.4,8.3,7,12.6,4.1,4.6,1.3,1.5,1.5,1.8,3.5,4.8,0.4,3.8,9.9,3.7,8.2,2.7,4.6,9.9,15,15,12.2,26.1,7.5,1.8,10.6,3.8,19900477
1997:Q4,Millennial,0,0,0,0,0,0,0,0,0,0,0,0,0,0,0,0,0,0,0,0,0,0,0,0,0,0,0,0,0
1998:Q1,Silent,56.2,49.3,50.9,43.8,59.2,66.7,69.1,78.7,80.4,73.9,85.4,85.6,84.7,61.5,36,41.3,34.8,60.8,55.8,43.6,28.1,28,26.7,23.5,29.5,64.6,35.7,60.6,39445175
1998:Q1,BabyBoom,37.9,42.2,41.8,43.6,36.1,28.6,29.1,19.7,18.1,24.2,10.5,8.9,14.8,33.5,54,53.8,55.4,36.2,39.4,46.3,56.5,56.5,60.5,49.8,63.2,33.5,53.8,35,42162795
1998:Q1,GenX,5.9,8.5,7.3,12.6,4.7,4.7,1.7,1.6,1.5,1.9,4.2,5.5,0.5,5,9.9,4.9,9.8,2.9,4.9,10.1,15.5,15.5,12.8,26.6,7.3,1.9,10.5,4.4,20355392
1998:Q1,Millennial,0,0,0,0,0,0,0,0,0,0,0,0,0,0,0,0,0,0,0,0,0,0,0,0,0,0,0,0,0
1998:Q2,Silent,55.7,48.9,50.4,43.5,58.7,66.6,68.7,77.4,78.5,74.6,84.8,84.5,85.6,61.3,35.2,40.2,34.6,59.8,55,43.1,27.8,27.8,26.4,23.5,28.8,64.4,34.8,60.1,39214873
1998:Q2,BabyBoom,38.3,42.3,41.9,43.7,36.5,28.7,29.7,20.9,19.9,23.4,10.4,9.2,13.8,33.7,54.9,54.3,56.1,37.1,39.8,46.6,56.2,56.2,60.4,49.3,64.2,33.6,54.5,35.4,42237409
1998:Q2,GenX,6,8.8,7.7,12.7,4.8,4.7,1.7,1.7,1.6,2,4.8,6.3,0.6,5,10,5.5,9.2,3.1,5.1,10.3,15.9,16,13.2,27.2,6.9,2,10.7,4.5,20805494
1998:Q2,Millennial,0,0,0,0,0,0,0,0,0,0,0,0,0,0,0,0,0,0,0,0,0,0,0,0,0,0,0,0,0
1998:Q3,Silent,55.7,48.3,49.6,44,59.1,66.3,66.9,75.1,75.6,73.5,82.6,81.5,86.6,64,34.3,41.2,36.1,59,54.4,42.7,27.5,27.5,26.1,23.4,28.2,63.6,33.8,60.3,38968169
1998:Q3,BabyBoom,38.7,43.2,43.1,43.6,36.7,28.9,30.9,23,22.5,24.3,11.8,11.5,12.7,32.5,55.9,54,57.9,37.8,40.3,46.9,56.1,56.1,60.2,48.9,65.2,34.5,56.2,35.9,42329502
1998:Q3,GenX,5.5,8.5,7.4,12.4,4.2,4.8,2.2,1.9,1.9,2.2,5.6,6.9,0.7,3.5,9.8,4.8,6.1,3.2,5.3,10.5,16.4,16.5,13.7,27.7,6.7,2,10,3.8,21251148
1998:Q3,Millennial,0,0,0,0,0,0,0,0,0,0,0,0,0,0,0,0,0,0,0,0,0,0,0,0,0,0,0,0,0
1998:Q4,Silent,54.2,47.9,49.3,42.8,57,64.9,65.6,74.1,74.5,72.8,81.6,80.4,85.5,60.2,34.1,37.8,33.6,57.4,54.4,42,26.8,26.8,25.4,22.7,29.4,63.3,33.3,58.6,38702229
1998:Q4,BabyBoom,39.4,42.9,42.6,44.1,37.8,29.8,31.8,23.8,23.4,25,13.3,13.1,14,34.4,55.1,56.2,56.6,39.2,40.5,47.2,56.2,56.2,60.3,49.2,63.3,34.8,57.4,36.7,42440905
1998:Q4,GenX,6.4,9.2,8.1,13.1,5.2,5.3,2.6,2.1,2,2.2,5.1,6.5,0.6,5.5,10.8,5.9,9.8,3.4,5.2,10.7,16.9,17,14.2,28.1,7.3,2,9.2,4.8,21692686
1998:Q4,Millennial,0,0,0,0,0,0,0,0,0,0,0,0,0,0,0,0,0,0,0,0,0,0,0,0,0,0,0,0,0
1999:Q1,Silent,53.7,47.4,48.8,42.5,56.5,65.3,64.4,74.2,74.2,74.3,80.4,79.2,84.5,59.8,33.8,36.3,33.2,56.1,54.8,41.4,26.2,26.2,24.8,21.8,30.5,63.1,33.2,58.1,38419397
1999:Q1,BabyBoom,39.8,43.4,43.2,44.3,38.3,29.4,32.6,23.6,23.6,23.6,14.9,14.8,15.1,34.6,54.6,57.8,56.4,40.5,40.6,47.6,56.5,56.5,60.6,49.6,61.5,34.9,55.3,37.2,42568958
1999:Q1,GenX,6.4,9.2,8,13.2,5.2,5.3,3,2.1,2.1,2.1,4.7,6,0.4,5.6,11.6,5.9,10.4,3.4,4.6,11,17.3,17.3,14.6,28.6,7.9,2,11.5,4.7,22130320
1999:Q1,Millennial,0,0,0,0,0,0,0,0,0,0,0,0,0,0,0,0,0,0,0,0,0,0,0,0,0,0,0,0,0
1999:Q2,Silent,52.8,46.9,48.3,41.6,55.4,66,64.7,73.5,73.2,74.2,79.1,77.7,83.4,58,33.5,34,32.4,54.7,54.6,40.8,25.7,25.7,24.1,21.1,31.7,63.8,32.9,57.1,38123304
1999:Q2,BabyBoom,40.3,43.5,43.2,44.6,38.9,28.8,32.7,24.3,24.5,23.7,16.6,16.7,16.3,35.5,54,59.6,56.1,41.8,40.8,48,56.7,56.7,60.8,50,59.8,34,54.8,37.7,42709872
1999:Q2,GenX,6.9,9.6,8.5,13.8,5.7,5.2,2.6,2.3,2.3,2.2,4.3,5.6,0.3,6.5,12.5,6.4,11.5,3.5,4.6,11.3,17.6,17.7,15.1,28.9,8.6,2.2,12.3,5.2,22564226
1999:Q2,Millennial,0,0,0,0,0,0,0,0,0,0,0,0,0,0,0,0,0,0,0,0,0,0,0,0,0,0,0,0,0
1999:Q3,Silent,52.3,46.3,47.6,41.2,55.1,65.8,64,72.7,72.1,74.3,77,75.4,82.5,58.4,33.2,33.8,32.8,53.6,53.9,40.2,25,25,23.5,20.4,32.7,63.5,32.6,56.8,37817586
1999:Q3,BabyBoom,40.9,44.2,44,44.8,39.4,28.8,33.3,24.9,25.4,23.5,19,19.5,17.4,35.5,53.7,60.8,56.6,42.9,41,48.1,56.7,56.7,60.7,50.3,58.1,34.3,54.4,38.3,42859862
1999:Q3,GenX,6.8,9.6,8.4,14,5.6,5.4,2.7,2.4,2.5,2.2,4,5.1,0.1,6.1,13.1,5.4,10.6,3.5,5.1,11.7,18.3,18.3,15.8,29.3,9.2,2.2,13.1,4.9,22994584
1999:Q3,Millennial,0,0,0,0,0,0,0,0,0,0,0,0,0,0,0,0,0,0,0,0,0,0,0,0,0,0,0,0,0
1999:Q4,Silent,50.8,45.8,47.2,40.4,53,64.7,62.4,69.5,69.3,70.4,74.3,72.3,81.5,55.2,32.9,29.7,31.4,52,53.6,40.5,24.9,24.8,23,19.8,33.7,64.7,32.3,54.9,37505878
1999:Q4,BabyBoom,41.6,44.3,44,45.1,40.4,29.5,34.2,27.8,28,27.1,22,23,18.5,36.9,52.9,62.8,55.9,44.3,41.2,46.5,56.2,56.2,60.2,50.6,56.5,32.8,53.2,39.3,43015140
1999:Q4,GenX,7.6,10,8.8,14.5,6.6,5.8,3.4,2.7,2.7,2.5,3.7,4.7,0,7.9,14.3,7.6,12.7,3.7,5.2,13,19,19,16.8,29.5,9.8,2.5,14.6,5.8,23421570
1999:Q4,Millennial,0,0,0,0,0,0,0,0,0,0,0,0,0,0,0,0,0,0,0,0,0,0,0,0,0,0,0,0,0
2000:Q1,Silent,50,45.1,46.4,39.8,52.2,64.2,61.5,69.2,69.2,69.5,72.9,70.9,80.3,54.1,32.6,27.6,30.9,50.8,54,40,24.7,24.7,22.6,19.1,34.7,65.4,31.9,54,37191812
2000:Q1,BabyBoom,42.1,44.6,44.5,45.3,41,29.8,34.9,28,28,27.8,23.7,24.8,19.6,37.5,52.4,64.2,55.8,45.5,41.4,46.7,55.7,55.7,59.6,51.2,54.8,31.9,53.6,40,43171919
2000:Q1,GenX,7.9,10.3,9.1,14.9,6.9,6,3.7,2.8,2.8,2.6,3.5,4.3,0.1,8.4,15,8.1,13.4,3.8,4.5,13.3,19.6,19.6,17.8,29.8,10.5,2.8,14.6,6.1,23845363
2000:Q1,Millennial,0,0,0,0,0,0,0,0,0,0,0,0,0,0,0,0,0,0,0,0,0,0,0,0,0,0,0,0,0
2000:Q2,Silent,49.6,44.4,45.7,39.1,51.9,64.4,61.7,69.1,68.7,71.1,72.4,70.6,79.1,54.5,32.2,26.8,31,49.7,53.4,39.5,23.9,23.9,22.1,18.5,35.6,64.4,31.5,53.7,36879024
2000:Q2,BabyBoom,42.5,44.9,44.7,45.5,41.4,29.6,34.9,28,28.3,26.4,24.4,25.4,20.7,37.4,52,65.5,56.1,46.5,41.7,46.9,55.8,55.8,59.3,51.5,53.3,32.9,53,40.3,43326415
2000:Q2,GenX,8,10.7,9.5,15.4,6.7,6,3.3,2.9,2.9,2.5,3.2,4,0.2,8.1,15.7,7.7,12.9,3.8,4.9,13.7,20.3,20.3,18.6,30.1,11.1,2.6,15.5,6,24266142
2000:Q2,Millennial,0,0,0,0,0,0,0,0,0,0,0,0,0,0,0,0,0,0,0,0,0,0,0,0,0,0,0,0,0
2000:Q3,Silent,48.9,43.7,44.9,38.9,51.3,64.5,61.1,68.6,67.9,72,70.9,69.1,78,54.2,31.9,25.3,30.8,48.6,52.5,39,23.4,23.3,21.6,18,36.5,64.2,31.2,53,36571148
2000:Q3,BabyBoom,43,45.6,45.6,45.6,41.8,29.4,35.4,28.4,29,25.5,26.1,27.3,21.7,37.6,51.6,66.8,56.1,47.6,41.9,47,55.6,55.6,59,51.7,51.8,33.1,52.7,41,43474838
2000:Q3,GenX,8.1,10.7,9.5,15.5,6.9,6.1,3.5,3,3.1,2.4,3,3.7,0.3,8.1,16.4,7.9,13,3.8,5.6,14,21,21,19.4,30.3,11.7,2.7,16.1,6,24684083
2000:Q3,Millennial,0,0,0,0,0,0,0,0,0,0,0,0,0,0,0,0,0,0,0,0,0,0,0,0,0,0,0,0,0
2000:Q4,Silent,48.6,43.1,44.4,38,51.3,63.3,60,66.4,64.8,73.2,68.4,66.5,76.8,55.6,31.6,25.2,31.5,47.7,52.1,38.4,22.5,22.4,21,17.6,37.5,62.4,30.9,53,36271817
2000:Q4,BabyBoom,43.3,45.5,45.4,45.9,42.2,30.1,36.1,30.5,31.9,24.4,28.8,30.1,22.8,37.2,51.3,68,56.7,48.6,42.1,47.3,56,56,59.1,51.8,50.1,35.2,51.5,41.2,43613404
2000:Q4,GenX,8.1,11.4,10.2,16.1,6.5,6.5,4,3.1,3.3,2.4,2.8,3.4,0.4,7.1,17.1,6.8,11.8,3.7,5.8,14.3,21.6,21.6,19.8,30.6,12.5,2.4,17.6,5.8,25099365
2000:Q4,Millennial,0,0,0,0,0,0,0,0,0,0,0,0,0,0,0,0,0,0,0,0,0,0,0,0,0,0,0,0,0
2001:Q1,Silent,48.2,42.3,43.5,37.3,51.3,61,58.5,68.2,66,74.7,68.4,66.5,76.1,56.9,31.3,24.9,32.7,46.6,51.9,37.9,21.6,21.6,20.5,16.8,38.2,60.7,30.5,52.7,35984667
2001:Q1,BabyBoom,43.6,45.5,45.3,46.1,42.6,31.7,36.8,28.7,30.6,23,29.1,30.5,23.7,36.9,50.8,69.2,57.8,49.6,42.3,47.4,56.3,56.3,59.2,52.3,48.7,37.3,51.9,41.5,43738325
2001:Q1,GenX,8.2,12.2,11.2,16.5,6.1,7.3,4.6,3.1,3.4,2.3,2.5,3.1,0.3,6.2,17.8,5.9,9.4,3.7,5.8,14.7,22,22,20.3,30.9,13,2.1,17.7,5.9,25512167
2001:Q1,Millennial,0,0,0,0,0,0,0,0,0,0,0,0,0,0,0,0,0,0,0,0,0,0,0,0,0,0,0,0,0
2001:Q2,Silent,47.5,41.9,43,37,50.5,60.7,58.5,68.3,66,75,67.6,65.6,75.3,55.4,31,23.5,32.1,45.7,51.8,37.5,21,21,19.9,16.3,39.1,60.6,30.2,52,35713331
2001:Q2,BabyBoom,44,45.8,45.6,46.3,43,31.8,37,28.6,30.6,22.7,30.2,31.6,24.5,37.6,50.3,70.4,57.6,50.4,42.5,47.3,56.7,56.7,59.5,52.4,47.3,37.3,51.6,41.8,43845814
2001:Q2,GenX,8.5,12.4,11.4,16.7,6.5,7.5,4.5,3.2,3.5,2.3,2.2,2.8,0.2,7,18.7,6.2,10.4,3.9,5.7,15.1,22.3,22.3,20.6,31.3,13.7,2.1,18.2,6.2,25922666
2001:Q2,Millennial,0,0,0,0,0,0,0,0,0,0,0,0,0,0,0,0,0,0,0,0,0,0,0,0,0,0,0,0,0
2001:Q3,Silent,47.4,41.3,42.4,36.7,50.7,60.2,57.9,66.5,63.6,75.3,64.6,62.6,74.6,57.4,30.6,23.1,33.6,45,51.6,37.2,21,20.9,19.4,15.6,40,62.6,29.8,52,35461444
2001:Q3,BabyBoom,44.4,46.2,46.2,46.3,43.4,32,37.4,30.1,32.7,22.4,33.1,34.7,25.3,37,49.7,71.6,58.8,51.1,42.7,47,55.8,55.8,58.6,52.6,45.5,34.8,50.1,42.4,43932085
2001:Q3,GenX,8.2,12.4,11.4,16.8,5.9,7.7,4.7,3.3,3.7,2.3,2.2,2.6,0.1,5.6,19.2,5.4,7.7,3.9,5.7,15.6,23,23,21.8,31.4,14.5,2.7,19.6,5.6,26331041
2001:Q3,Millennial,0.1,0.1,0.1,0.2,0,0,0,0,0,0,0,0,0,0,0.5,0,0,0,0,0.2,0.2,0.2,0.2,0.4,0,0,0.5,0,771266
2001:Q4,Silent,46.7,40.8,41.8,36.3,49.9,59.5,56.7,67.9,65.8,73.7,65.7,63.9,73.9,55.3,31.7,22.3,32.1,44.7,51.1,37.1,19.9,19.8,18.6,15.9,41.4,59.1,30.8,51.3,35231511
2001:Q4,BabyBoom,44.6,46.3,46.2,46.3,43.8,32.4,38,29,30.7,24,32.1,33.5,26,38.1,49.1,72.1,59,51.3,43.4,46.9,57,57,60.2,51.5,45,38.7,49.9,42.5,43994525
2001:Q4,GenX,8.6,12.8,11.9,17.1,6.3,8,5.3,3.2,3.5,2.3,2.2,2.7,0.1,6.6,18.6,5.6,8.9,4,5.5,15.7,22.9,22.9,21,32,13.6,2.2,18.7,6.1,26737219
2001:Q4,Millennial,0.1,0.1,0.1,0.3,0,0,0,0,0,0,0,0,0,0,0.6,0,0,0,0,0.2,0.2,0.2,0.1,0.5,0,0,0.6,0,989116
2002:Q1,Silent,46.2,40.3,41.2,36,49.4,58.8,56.4,68.5,67.2,71.9,66.1,64.4,73.3,54.8,32.8,22.5,30.8,44.6,50.2,37.1,19.5,19.4,18.2,15.9,42.6,57.7,31.8,50.8,35021526
2002:Q1,BabyBoom,44.9,46.2,46.2,46.3,44.1,32.8,38.3,28.4,29.4,25.6,31.6,32.8,26.7,38.7,48.5,72.7,59.3,51.4,44,46.8,56.5,56.5,59.4,51.1,44.3,40,49.3,42.8,44035213
2002:Q1,GenX,8.9,13.4,12.5,17.4,6.4,8.3,5.3,3.1,3.3,2.4,2.2,2.7,0.1,6.5,18.1,4.9,9.9,4.1,5.7,15.9,23.8,23.8,22.2,32.4,13,2.3,18.2,6.3,27140130
2002:Q1,Millennial,0.1,0.2,0.1,0.4,0,0.1,0,0,0,0.1,0,0,0,0,0.6,0,0,0,0,0.3,0.3,0.3,0.2,0.6,0,0,0.7,0.1,1219270
2002:Q2,Silent,46.1,39.8,40.8,35.6,49.7,59.1,56.3,69.1,68.1,71.6,67.1,65.7,72.6,55.7,33.9,22.8,31.4,44.6,49.5,37.1,18.9,18.9,17.7,16.1,43.7,55.2,32.9,51,34828353
2002:Q2,BabyBoom,45,46.1,46.1,46.3,44.4,32.5,38.5,27.9,28.7,26,30.7,31.6,27.3,38.9,48,73.3,61.1,51.4,44.7,46.5,56.1,56.1,58.8,50.4,43.9,42.6,49.1,43,44057404
2002:Q2,GenX,8.8,13.9,13,17.7,5.9,8.3,5.2,3,3.2,2.4,2.2,2.8,0.1,5.4,17.5,3.8,7.6,4,5.8,16.1,24.7,24.7,23.3,32.8,12.4,2.1,17.2,5.9,27538456
2002:Q2,Millennial,0.1,0.2,0.2,0.5,0,0.1,0,0,0,0,0,0,0,0,0.7,0,0,0,0,0.3,0.4,0.4,0.2,0.7,0,0,0.8,0.1,1461369
2002:Q3,Silent,45.9,39.3,40.1,35.7,50,58.2,56,69.8,69.1,71.1,67.4,66.1,72,58.3,35,23.2,32.1,44.6,48.7,37.1,18.3,18.3,17.1,16.2,44.6,52.9,33.8,51.2,34648858
2002:Q3,BabyBoom,45.4,46.6,46.7,46.1,44.7,33,38.7,27.4,27.8,26.5,30.3,31,27.9,38.8,47.5,74,63.2,51.4,45.2,46.3,56.1,56.1,58.8,49.7,43.4,45.1,48.3,43.4,44064351
2002:Q3,GenX,8.5,13.9,13,17.7,5.3,8.7,5.2,2.8,3,2.4,2.3,2.9,0.1,2.9,16.8,2.8,4.6,4,6.1,16.2,25.2,25.2,23.8,33.3,12,2,17.1,5.4,27930876
2002:Q3,Millennial,0.1,0.3,0.2,0.5,0.1,0.1,0,0,0,0,0,0,0,0,0.7,0,0,0,0.1,0.4,0.4,0.4,0.3,0.8,0,0,0.8,0.1,1715058
2002:Q4,Silent,45.6,38.9,39.6,35.7,49.7,58.1,55,71.3,71.4,71.1,67.9,66.9,71.5,57,36.1,21.9,31,44.5,48.7,37.2,17.9,17.8,16.7,16.3,45.4,51.4,34.9,50.9,34479905
2002:Q4,BabyBoom,45.7,46.9,47.1,46,44.9,33,39.2,26,25.7,26.4,29.7,30.1,28.4,39.7,47,74.3,63.4,51.4,45.9,45.9,55.9,55.9,58.7,49,43,46.5,48.1,43.7,44059308
2002:Q4,GenX,8.6,13.9,13.1,17.6,5.4,8.8,5.7,2.7,2.8,2.4,2.3,3,0.1,3.3,16.2,3.9,5.7,4.1,5.3,16.5,25.8,25.8,24.4,33.7,11.6,2.1,16.2,5.3,28316070
2002:Q4,Millennial,0.1,0.3,0.2,0.6,0.1,0.1,0,0,0,0,0,0,0,0,0.8,0,0,0,0.1,0.4,0.4,0.4,0.3,1,0,0,0.8,0.1,1979981
2003:Q1,Silent,45.1,38.5,39.2,35.4,49.3,56.7,54.9,71.6,72.8,69.5,67.9,67,70.8,57.5,37.1,21.3,30.4,44.6,47.5,37.2,17.6,17.5,16.2,16.3,46.2,51.1,35.5,50.5,34318359
2003:Q1,BabyBoom,45.8,46.7,46.8,46,45.3,33.8,39.4,25.8,24.5,28,29.7,29.8,29,40.2,46.5,74.7,64.1,51.4,46.4,45.7,55.8,55.8,58.7,48.4,42.5,46.5,47,43.9,44045529
2003:Q1,GenX,8.9,14.5,13.8,17.9,5.3,9.4,5.7,2.6,2.6,2.5,2.5,3.1,0.1,2.3,15.6,4,5.5,4,6,16.7,26.2,26.2,24.8,34.2,11.3,2.4,16.8,5.5,28692719
2003:Q1,Millennial,0.2,0.3,0.3,0.7,0.1,0.2,0.1,0,0,0,0,0,0,0,0.8,0,0,0,0.1,0.5,0.5,0.5,0.3,1.1,0,0,0.7,0.1,2255780
2003:Q2,Silent,44.5,38.1,38.7,35.2,48.4,56.3,54.7,71.6,73.7,68.1,65.5,64.4,70.3,54.7,37.9,20.1,28.6,44.6,46.6,37.1,17.8,17.7,15.8,16.4,46.9,55.2,36.3,49.8,34161085
2003:Q2,BabyBoom,46,46.7,46.9,46,45.6,34,39.6,25.8,23.8,29.3,31.7,32.2,29.5,41.2,46.1,74.8,63.2,51.4,46.9,45.5,55,55,58.2,47.8,42.1,41.4,46.6,44.2,44026267
2003:Q2,GenX,9.3,14.8,14.1,18,6,9.6,5.7,2.5,2.5,2.6,2.8,3.4,0.1,4.1,15.2,5.1,8.2,4,6.3,16.8,26.7,26.7,25.7,34.6,11,3.3,16.4,5.9,29059502
2003:Q2,Millennial,0.2,0.4,0.3,0.8,0.1,0.2,0.1,0,0.1,0,0,0,0,0,0.7,0,0,0,0.1,0.5,0.5,0.5,0.3,1.3,0,0,0.7,0.1,2542100
2003:Q3,Silent,44.1,37.7,38.2,35.4,47.9,56.6,54.6,71,73.4,66,66.1,65.3,69.6,53.4,38.8,19.3,27.9,44.6,45.8,37.2,17.3,17.2,15.4,16.5,47.4,52.8,37.3,49.4,34004947
2003:Q3,BabyBoom,46.3,47.1,47.3,45.8,45.9,33.7,39.7,26.4,24.2,31.3,31,31.2,30.1,42,45.8,75.1,63.6,51.4,47.4,45.2,54.4,54.4,57.2,47.2,41.8,44,46.4,44.7,44004775
2003:Q3,GenX,9.4,14.8,14.2,17.9,6.1,9.6,5.6,2.5,2.4,2.7,2.9,3.5,0.3,4.6,14.8,5.6,8.6,4,6.7,17.1,27.7,27.7,26.9,35,10.7,3.2,15.6,5.8,29415101
2003:Q3,Millennial,0.2,0.4,0.3,0.9,0.1,0.2,0.1,0.1,0.1,0.1,0,0,0,0,0.6,0,0,0,0.2,0.6,0.7,0.7,0.5,1.4,0,0,0.7,0.1,2838585
2003:Q4,Silent,43.5,37.3,37.7,35.3,47.2,56.4,54.5,70.5,72.9,65.7,66.6,66.1,69,51.4,39.6,18.1,26.5,44.6,44.8,37.2,16.8,16.7,15,16.5,48.3,48.8,38.4,48.7,33846811
2003:Q4,BabyBoom,46.5,47.3,47.6,45.7,46,33.7,39.9,26.9,24.7,31.5,30.3,30.3,30.7,42.8,45.5,75.1,62.9,51.4,47.8,44.9,54.4,54.5,57.2,46.5,40.8,48.2,46.3,44.9,43984308
2003:Q4,GenX,9.8,15,14.4,18,6.7,9.7,5.5,2.5,2.4,2.7,3,3.6,0.4,5.8,14.4,6.8,10.6,4,7.2,17.3,28.1,28.1,27.3,35.4,10.8,2.9,14.6,6.2,29758195
2003:Q4,Millennial,0.2,0.4,0.3,1,0.1,0.2,0.1,0.1,0.1,0,0,0,0,0,0.6,0,0.1,0,0.2,0.7,0.7,0.7,0.4,1.6,0.1,0,0.7,0.1,3144877
2004:Q1,Silent,42.9,36.8,37.2,35.1,46.5,55.5,54.3,64,63.7,65.1,65.8,65.2,68.6,50.3,40.6,17.2,25.9,44.2,43.6,37.1,16.5,16.4,14.7,16.5,48.7,48.3,39.5,47.9,33683541
2004:Q1,BabyBoom,46.7,47.1,47.5,45.6,46.4,34.2,40,33.1,33.4,32.1,31,31,31.1,43.4,45.1,75.2,63.2,51.6,48,44.8,54.2,54.2,57,46.1,40.6,48.5,46.2,45.2,43968120
2004:Q1,GenX,10.1,15.6,15,18.2,7,10.1,5.5,2.9,2.9,2.7,3.2,3.8,0.3,6.3,13.7,7.5,10.8,4.2,8.1,17.4,28.5,28.6,27.8,35.7,10.5,3.1,13.7,6.7,30087465
2004:Q1,Millennial,0.3,0.5,0.4,1.1,0.1,0.3,0.2,0,0,0,0,0,0,0,0.5,0,0.1,0,0.3,0.7,0.7,0.7,0.5,1.7,0.1,0,0.6,0.2,3460621
2004:Q2,Silent,42.4,36.3,36.5,35.3,46,55.1,54.1,65.3,65.9,63.5,65.3,64.7,68.2,50,41.5,16.7,25.4,43.8,42.1,37.1,16.3,16.2,14.4,16.5,49.1,48.3,40.1,47.4,33512002
2004:Q2,BabyBoom,47,47.6,48,45.4,46.7,34.3,40.2,31.8,31.3,33.5,31.3,31.3,31.6,44.1,44.9,75.5,63.6,51.7,48.2,44.7,53.6,53.6,56.2,45.6,40.4,48.3,45.7,45.8,43959463
2004:Q2,GenX,10.3,15.6,15.1,18.1,7.2,10.3,5.4,2.7,2.7,2.8,3.3,4,0.2,5.9,13.2,7.8,10.9,4.5,9.4,17.5,29.3,29.3,28.8,36.1,10.3,3.4,13.8,6.7,30401590
2004:Q2,Millennial,0.3,0.5,0.4,1.2,0.1,0.3,0.2,0.1,0.1,0.2,0,0,0,0,0.4,0,0.1,0,0.3,0.7,0.9,0.9,0.6,1.8,0.1,0,0.5,0.2,3785460
2004:Q3,Silent,41.9,35.9,36.1,34.9,45.5,55.2,54,65,65.6,63.3,65.8,65.3,67.8,49.5,42.5,16,25,43.3,40.6,37,15.9,15.8,14.1,16.6,49.4,47,40.9,46.9,33329059
2004:Q3,BabyBoom,47.1,47.3,47.7,45.4,46.9,34.2,40.4,32.2,31.7,33.8,30.8,30.5,32.1,44.8,44.6,75.7,64.3,51.9,48.2,44.5,53.4,53.4,56,45,40.5,49.5,45.5,45.9,43961592
2004:Q3,GenX,10.7,16.2,15.8,18.3,7.4,10.4,5.4,2.7,2.7,2.8,3.4,4.2,0.2,5.7,12.6,8.3,10.6,4.7,10.7,17.7,29.8,29.9,29.3,36.4,10,3.5,13.3,7,30699252
2004:Q3,Millennial,0.3,0.6,0.4,1.3,0.2,0.3,0.2,0.1,0.1,0,0,0,0,0,0.3,0,0.1,0,0.4,0.8,0.9,0.9,0.7,2,0.1,0,0.3,0.2,4119038
2004:Q4,Silent,41,35.4,35.5,34.5,44.4,53.9,53.8,61.8,62.2,59.7,63.1,62.3,67,48.7,41.6,14.7,24.2,41.9,40.4,37,15.9,15.9,14,16.4,47.8,49.7,40.1,45.8,33132229
2004:Q4,BabyBoom,47.3,47.2,47.6,45.2,47.4,35.1,40.6,35,34.6,36.6,33,33,33,44.8,44.8,75.2,63.7,52.5,48.2,44.1,52.6,52.6,55.1,44.8,41.4,46.5,45.4,46.3,43976703
2004:Q4,GenX,11.3,16.8,16.4,18.8,8.1,10.6,5.4,3.1,3.1,3.1,3.7,4.5,0,6.4,13.2,10,12,5.6,10.9,18,30.4,30.5,30.2,36.4,10.7,3.8,14.1,7.7,30979470
2004:Q4,Millennial,0.4,0.6,0.4,1.4,0.2,0.4,0.3,0.2,0.1,0.6,0.1,0.1,0.1,0,0.3,0.1,0.2,0,0.5,0.9,1.1,1.1,0.8,2.4,0.1,0,0.4,0.2,4460953
2005:Q1,Silent,40.5,34.9,35,33.9,43.9,52.7,53.9,61.5,62.2,58.6,62.4,61.7,66,49,41.2,14.2,24.1,40.8,40.1,37,15.6,15.6,13.7,16,46.1,49.5,39.4,45.3,32921643
2005:Q1,BabyBoom,47.4,46.9,47.3,45.1,47.7,36.1,40.7,35.1,34.5,37.5,33.5,33.4,33.8,44.9,45,75.1,64.5,53,48.3,43.8,53,53,55.5,44.8,42.4,46.6,45.5,46.3,44002764
2005:Q1,GenX,11.7,17.6,17.2,19.4,8.2,10.8,5.1,3.2,3.2,3.3,4,4.8,0,6,13.5,10.6,11.3,6.2,11.1,18.2,30.4,30.5,30.1,36.6,11.4,3.9,14.7,8.1,31242625
2005:Q1,Millennial,0.4,0.7,0.5,1.6,0.2,0.4,0.3,0.2,0.1,0.6,0.1,0.1,0.2,0.1,0.4,0.1,0.1,0,0.6,1,1,1,0.6,2.6,0.1,0,0.4,0.3,4810623
2005:Q2,Silent,39.9,34.4,34.7,33,43.2,52,53.9,59.9,60.4,57.9,61.2,60.3,65,48.8,40.6,13.3,23.7,39.6,39.7,36.9,15.4,15.4,13.6,15.7,44.4,49.6,38.5,44.6,32698084
2005:Q2,BabyBoom,47.4,46.3,46.6,44.9,48.1,36.7,40.8,36.5,36.1,38.1,34.5,34.5,34.7,45,45.1,74.9,64.7,53.5,48.2,43.6,52.5,52.5,54.8,44.7,43.1,46.5,45.4,46.4,44036687
2005:Q2,GenX,12.3,18.5,18.2,20.3,8.5,10.9,5,3.5,3.5,3.4,4.2,5.1,0,6.1,13.9,11.8,11.5,6.8,11.4,18.4,31,31,30.9,36.6,12.3,3.9,15.7,8.6,31489436
2005:Q2,Millennial,0.5,0.8,0.6,1.8,0.3,0.4,0.3,0.2,0.1,0.5,0.1,0.1,0.3,0.1,0.4,0.1,0.1,0.1,0.7,1,1.1,1.1,0.6,2.9,0.2,0,0.4,0.3,5167423
2005:Q3,Silent,39.2,33.9,34.1,32.7,42.4,50.9,53.5,59.3,60.3,54.2,60.1,59.2,63.8,48.3,39.9,12.6,23.2,38.5,39.1,36.8,15.3,15.2,13.5,15.5,42.5,49.9,38.4,43.8,32462333
2005:Q3,BabyBoom,47.6,46.3,46.5,44.8,48.4,37.5,41.1,36.8,36,40.9,35.4,35.3,35.7,45.1,45.3,74.7,64.7,54,48.1,43.3,51.9,51.9,54.2,44.5,44.1,46.1,46,46.7,44075383
2005:Q3,GenX,12.8,19,18.7,20.6,9,11.1,5,3.7,3.7,3.7,4.5,5.5,0,6.5,14.4,12.6,12,7.4,12.1,18.7,31.6,31.6,31.6,36.6,13.1,4,15.1,9.1,31720624
2005:Q3,Millennial,0.5,0.8,0.6,1.9,0.3,0.5,0.4,0.3,0.1,1.2,0.1,0,0.4,0.1,0.4,0.1,0.2,0.1,0.7,1.1,1.2,1.2,0.7,3.3,0.3,0,0.5,0.4,5530725
2005:Q4,Silent,38.6,33.4,33.6,32.3,41.8,50.1,52.8,58.5,59.4,54.5,58.9,58.1,62.5,48.3,39.4,11.9,22.8,37.4,38.6,36.7,15,15,13.4,15.3,40.5,48.7,38.2,43.2,32215175
2005:Q4,BabyBoom,47.7,46.3,46.5,44.7,48.7,38.2,41.5,37.4,36.7,40.8,36.3,36.1,37,45.3,45.5,74.5,64.7,54.5,48.1,42.9,51.5,51.5,53.5,44.4,44.9,47.4,46.4,47,44115762
2005:Q4,GenX,13.1,19.4,19.2,21,9.2,11.2,5.4,3.9,3.9,3.8,4.7,5.8,0,6.4,14.7,13.5,12.3,8,12.4,19.1,32.1,32.2,32.3,36.6,14.1,3.9,14.8,9.4,31936909
2005:Q4,Millennial,0.5,0.9,0.7,2,0.3,0.5,0.3,0.2,0.1,0.9,0.1,0,0.5,0.1,0.4,0.1,0.2,0.1,0.8,1.3,1.3,1.3,0.8,3.7,0.5,0,0.6,0.4,5899903
2006:Q1,Silent,38,33.1,33.4,31.4,40.9,48.3,52.5,57,57.9,53,57.2,56.4,61,46.8,39.7,11.1,22.4,36.2,38.5,36.6,15,14.9,13.2,15.1,38.4,49.9,37.5,42.5,31957391
2006:Q1,BabyBoom,47.8,45.9,46.2,44.6,49,39.4,41.7,38.6,37.9,42.1,37.6,37.4,38.5,45.3,45.4,74.2,64.9,55,48.3,42.9,50.7,50.7,52.5,44.4,45.8,46,46.6,47.3,44154736
2006:Q1,GenX,13.6,20,19.7,21.7,9.7,11.6,5.4,4.1,4.1,3.9,5,6.1,0,7.7,14,14.5,12.6,8.6,12.3,19.2,32.8,32.8,33.2,36.6,15.1,4.1,15.3,9.8,32139012
2006:Q1,Millennial,0.6,1,0.7,2.3,0.4,0.6,0.4,0.3,0.1,1,0.1,0,0.5,0.1,0.9,0.1,0.2,0.1,0.9,1.3,1.5,1.5,1,4,0.7,0,0.7,0.4,6274330
2006:Q2,Silent,37.6,32.7,33,31.1,40.6,47.6,52,57,57.9,53.7,55.2,54.5,58.9,47.4,39.2,10.7,22.3,35.2,38.2,36.5,14.8,14.8,13.1,14.7,36.2,50.4,36.9,42.2,31689764
2006:Q2,BabyBoom,48.1,46,46.3,44.5,49.3,40,42,38.5,37.6,41.7,39.2,39,40.2,45.5,45.5,74.3,65.7,55.5,48.4,42.8,50.2,50.3,52,44.2,46.6,45.3,46.7,47.6,44189215
2006:Q2,GenX,13.7,20.3,19.9,22.1,9.7,11.7,5.6,4.2,4.3,4,5.4,6.4,0.4,6.9,14.3,14.9,11.9,9.2,12.4,19.3,33.3,33.3,33.9,36.7,16.2,4.2,15.7,9.7,32327652
2006:Q2,Millennial,0.6,1,0.8,2.4,0.4,0.7,0.4,0.2,0.1,0.6,0.2,0.1,0.5,0.1,1,0.1,0.1,0.1,1,1.4,1.7,1.7,1.1,4.3,0.9,0,0.7,0.4,6653380
2006:Q3,Silent,37.1,32.4,32.6,30.8,39.9,46.7,51.3,55.5,56.5,51.3,53.8,53.4,56.3,47.1,38.4,10,21.9,34.1,37.9,36.3,14.7,14.6,13,14.4,33.8,50.9,36.3,41.6,31413078
2006:Q3,BabyBoom,48.4,46.2,46.5,44.3,49.6,40.7,42.4,39.7,38.8,43.5,40.1,39.8,42,45.7,45.7,74,65.8,56,48.4,42.7,49.9,49.9,51.6,43.8,47.6,44.7,46.9,48,44216112
2006:Q3,GenX,13.9,20.4,20.1,22.4,10,11.8,5.9,4.5,4.5,4.2,5.9,6.8,1.4,7.1,14.9,15.8,12.1,9.8,12.6,19.5,33.7,33.7,34.3,36.9,17.4,4.3,16,9.9,32503550
2006:Q3,Millennial,0.6,1,0.7,2.4,0.4,0.7,0.4,0.3,0.1,1,0.1,0.1,0.3,0.2,0.9,0.1,0.2,0.1,1.1,1.5,1.8,1.8,1.1,4.9,1.2,0,0.8,0.4,7036426
2006:Q4,Silent,36.5,32,32.4,30.2,39.2,45.8,50.4,55.7,57.1,49.7,52.3,52,54,46.1,37.6,9.3,21.4,32.9,37.6,36.2,14.7,14.6,12.8,14.2,31.3,52.3,35.7,41,31128115
2006:Q4,BabyBoom,48.5,46.2,46.5,44.2,49.9,41.4,42.8,39.4,38,44.7,41.2,40.8,43.7,45.8,46,73.7,65.6,56.4,48.5,42.5,49.4,49.4,51.2,43.5,48.4,43,47.1,48.3,44232337
2006:Q4,GenX,14.3,20.8,20.4,22.9,10.5,11.9,6.4,4.6,4.7,4.4,6.4,7.1,2.1,7.9,15.6,16.8,12.8,10.5,12.7,19.7,34,34,34.8,37,18.7,4.6,16.4,10.3,32667425
2006:Q4,Millennial,0.7,1.1,0.8,2.6,0.5,0.8,0.3,0.4,0.2,1.2,0.1,0,0.2,0.2,0.9,0.2,0.2,0.1,1.1,1.6,1.9,1.9,1.2,5.4,1.6,0.1,0.8,0.4,7422842
2007:Q1,Silent,36.1,31.8,32.2,29.4,38.6,44.3,49.8,54.2,55.4,49.3,50.6,50.4,51.7,45.5,36.9,8.9,21.1,31.9,37.6,36.1,14.5,14.4,12.7,13.8,28.6,52.2,34.9,40.5,30835657
2007:Q1,BabyBoom,48.6,45.9,46.2,44.1,50.2,42.5,43.2,40.6,39.4,45.2,42.6,42.1,45.4,45.9,46.2,73.6,65.9,56.9,48.7,42.4,48.8,48.8,50.3,43.3,49.8,43.1,47,48.6,44234802
2007:Q1,GenX,14.5,21.1,20.7,23.6,10.8,12.3,6.7,4.9,5,4.5,6.8,7.4,2.8,8.4,16,17.4,12.8,11.1,12.5,19.9,34.6,34.6,35.5,37.2,19.9,4.6,17.2,10.5,32819999
2007:Q1,Millennial,0.7,1.2,0.9,2.9,0.5,0.9,0.3,0.3,0.2,1,0.1,0.1,0.2,0.2,0.9,0.2,0.2,0.2,1.2,1.7,2.2,2.2,1.4,5.8,1.7,0.1,0.8,0.4,7812000
2007:Q2,Silent,35.6,31.5,32,28.7,37.9,43.9,49.2,53.1,54.6,46,48.3,48.1,49.3,45.2,36.2,8.1,20.6,30.8,37.5,35.9,14.5,14.5,12.6,13.5,25.7,53.9,34.4,40,30536489
2007:Q2,BabyBoom,48.9,45.8,46.2,44,50.5,42.9,43.5,41.4,40.1,47.5,44.4,44,47.1,46,46.4,73.2,65.7,57.4,48.9,42.2,48.2,48.2,49.8,43.1,51,41.1,47.2,49,44220416
2007:Q2,GenX,14.7,21.4,20.9,24.1,11,12.2,7,5.1,5.2,4.8,7.1,7.6,3.5,8.5,16.6,18.5,13.5,11.7,12.3,20.1,34.9,34.9,36,37.2,21.3,5,17.5,10.6,32961991
2007:Q2,Millennial,0.8,1.3,0.9,3.1,0.5,1,0.3,0.4,0.2,1.7,0.2,0.3,0.1,0.2,0.8,0.2,0.2,0.2,1.3,1.8,2.4,2.4,1.5,6.2,2,0.1,0.9,0.5,8203275
2007:Q3,Silent,35.4,31.2,31.8,28.3,37.6,43.1,47.7,51.8,52.2,50.5,46.6,46.5,47.1,45.2,35.6,7.6,20.4,29.8,37.5,35.7,14.1,14.1,12.5,13.2,22.6,52.3,33.7,39.7,30231391
2007:Q3,BabyBoom,49.1,45.9,46.3,43.9,50.8,43.5,44.1,42.8,42.2,44.8,45.6,45.2,48.8,46.2,46.6,73,65.9,57.8,49.2,42.1,48,48,49.6,42.5,52,42.9,47.2,49.3,44186093
2007:Q3,GenX,14.7,21.6,21,24.5,11.1,12.3,8.1,5.3,5.5,4.6,7.5,7.9,4.1,8.4,17,19.2,13.5,12.2,12,20.3,35.3,35.4,36.3,37.3,22.9,4.8,18.2,10.5,33094122
2007:Q3,Millennial,0.8,1.3,0.9,3.3,0.5,1,0.2,0.1,0.2,0.1,0.3,0.3,0,0.2,0.9,0.2,0.2,0.2,1.3,1.9,2.5,2.5,1.6,6.9,2.6,0.1,0.9,0.5,8596039
2007:Q4,Silent,34.9,30.9,31.5,27.6,37.1,42.2,46.4,51.8,52.3,50.5,43.7,43.2,47.5,45,34.8,7.7,19.8,29.4,36.8,35.7,13.9,13.9,12.4,12.9,23.4,50.5,32.9,39.3,29921213
2007:Q4,BabyBoom,49.4,45.9,46.3,44,51.2,44.1,44.7,42.7,42.1,44.5,48.5,48.5,47.8,46.8,47.2,72.8,66.4,58,49.6,42,47.9,47.9,49.4,42.2,52.1,44,47.7,49.7,44130034
2007:Q4,GenX,14.8,21.8,21.2,24.8,11.1,12.6,8.8,5.3,5.4,5,7.2,7.5,4.8,7.9,17,19.2,13.5,12.3,12.3,20.3,35.5,35.5,36.5,37.5,21.9,5.5,18.4,10.5,33217122
2007:Q4,Millennial,0.9,1.5,1.1,3.6,0.6,1.1,0.1,0.1,0.2,0,0.6,0.7,0,0.3,1,0.3,0.2,0.3,1.4,2,2.7,2.7,1.7,7.4,2.5,0.1,1,0.5,8989891
2008:Q1,Silent,34.6,30.5,31.2,27.2,36.8,41.2,45,51.4,51.7,50.2,41.4,40.8,47.9,45.2,34.2,8.2,19.6,29.1,36.9,35.7,13.8,13.8,12.3,12.4,24.2,49.8,31.8,39.2,29607062
2008:Q1,BabyBoom,49.9,46.3,46.7,44.1,51.8,44.6,45.4,43.1,42.6,44.4,50.6,51,46.8,47.6,47.8,73.2,67.9,58.1,50.4,41.9,47.7,47.7,49.2,41.9,52.2,43.8,47.5,50.4,44055613
2008:Q1,GenX,14.5,21.6,21,24.9,10.7,12.9,9.6,5.4,5.4,5.4,7.1,7.3,5.3,7,16.9,18.4,12.4,12.5,11.4,20.2,35.6,35.6,36.6,37.9,21.1,6.3,19.8,9.9,33331760
2008:Q1,Millennial,0.9,1.6,1.1,3.8,0.6,1.3,0,0.2,0.2,0,0.9,1,0,0.3,1.2,0.2,0.2,0.3,1.3,2.2,2.9,2.9,1.9,7.7,2.5,0.1,0.9,0.5,9385331
2008:Q2,Silent,34.3,30.2,30.9,27,36.4,41.7,44.9,50.7,51.1,49.3,40.4,39.3,50.1,44.7,33.4,8.5,18.9,28.8,36.4,35.6,13.5,13.4,12.2,12.2,24.8,45.3,31,38.9,29290110
2008:Q2,BabyBoom,50.4,46.8,47.4,44.3,52.2,44.5,45.7,43.6,43.2,44.8,51.8,52.5,45.1,48.3,48.4,73.2,68.1,58.2,50.9,41.9,46.8,46.8,48,41.8,52.7,47.7,47.8,51.2,43967494
2008:Q2,GenX,14.4,21.3,20.6,24.8,10.7,12.6,9.3,5.5,5.4,5.8,6.9,7.2,4.4,6.7,16.9,18.1,12.8,12.6,11.4,20.2,36.2,36.2,37.2,38,20.2,6.8,20.2,9.6,33438819
2008:Q2,Millennial,1,1.6,1.1,3.9,0.6,1.3,0.1,0.2,0.2,0,0.9,1,0.4,0.3,1.3,0.2,0.2,0.4,1.3,2.3,3.5,3.5,2.5,8,2.3,0.1,1,0.4,9783082
2008:Q3,Silent,34,29.9,30.6,26.5,36.2,40.9,44.5,50.1,50.2,49.8,39.5,38.1,52.2,45.6,32.7,8.9,18.8,28.4,36.2,35.6,13.6,13.5,12.1,11.7,25.4,47,30.4,38.7,28971531
2008:Q3,BabyBoom,50.8,47.1,47.6,44.5,52.9,44.9,46.2,44.1,44.1,44,52.8,53.9,43.4,49.4,49,73.5,69.9,58.3,51.6,41.8,47.1,47.1,48.6,41.3,52.3,45.3,48.3,51.7,43870344
2008:Q3,GenX,14.1,21.3,20.5,24.9,10.2,12.8,9.2,5.6,5.4,6.1,6.7,7.1,3.4,4.7,16.8,17.5,11.2,12.8,11,20.1,35.8,35.9,36.9,38.4,19.7,7.5,20.2,9.1,33539077
2008:Q3,Millennial,1,1.7,1.2,4.1,0.7,1.4,0.1,0.2,0.2,0,0.9,0.9,0.9,0.3,1.4,0.1,0.1,0.5,1.2,2.5,3.5,3.5,2.4,8.5,2.6,0.2,1.1,0.5,10183871
2008:Q4,Silent,33.9,29.6,30.4,26,36.3,39.8,43.3,49,48.7,49.9,39.9,37.8,53.3,48.2,32.1,10.3,18.9,28.2,36.2,35.5,12.6,12.5,12,11.3,25.9,32,29.4,39,28652497
2008:Q4,BabyBoom,51.3,47.1,47.6,44.7,53.6,45.5,46.7,45.2,45.6,43.7,53.1,54.8,42.3,51.2,49.6,74.5,73.3,58.4,52.4,41.7,47.7,47.7,48.9,41.1,52.5,59.4,48,52.1,43768826
2008:Q4,GenX,13.7,21.3,20.6,24.9,9.4,13.2,10.1,5.7,5.5,6.4,6.7,7.2,3.3,0.3,16.6,15.2,7.8,12.8,10.3,20.1,36.1,36.1,36.7,38.7,19,8.4,21.7,8.3,33633316
2008:Q4,Millennial,1.1,1.9,1.4,4.4,0.7,1.6,0,0.2,0.2,0,0.3,0.2,1.2,0.2,1.7,0,0,0.6,1.1,2.7,3.6,3.6,2.4,8.9,2.5,0.2,0.9,0.5,10588420
2009:Q1,Silent,33.6,29.3,30.1,25.6,36,40,43,49,48.1,51.4,39.5,36.6,54.6,47.9,31.3,10.5,18.5,28.1,36.2,35.5,12.2,12.1,11.9,10.8,26.4,26,28.9,38.8,28334180
2009:Q1,BabyBoom,51.6,47.3,47.9,45,54,45.4,47.1,45.1,46.1,42,53.8,56.2,41,51.8,50.2,74.5,74.4,58.5,53.4,41.7,48.3,48.3,49.5,40.9,53.1,64.2,48.7,52.4,43667606
2009:Q1,GenX,13.6,21.3,20.5,24.8,9.3,13,9.9,5.7,5.5,6.5,6.5,7.2,2.8,0,16.6,15.1,7.1,12.8,9.4,20,36.1,36.1,36.4,39.2,18.3,9.5,21.4,8.1,33722316
2009:Q1,Millennial,1.2,2.1,1.5,4.6,0.7,1.6,0,0.2,0.3,0,0.3,0,1.6,0.2,1.8,0,0,0.6,1,2.8,3.5,3.5,2.2,9.1,2.2,0.3,1.1,0.6,10997454
2009:Q2,Silent,33.2,29,29.8,25.4,35.4,39.9,43.1,50.6,50.4,51,38.5,35.1,55.7,44.4,30.6,9.5,17.3,27.8,36.8,35.4,12.1,12,11.8,10.5,26.8,24.7,28.6,38.2,28017754
2009:Q2,BabyBoom,51.9,47.8,48.3,45.2,54.2,45.5,47.4,43.4,43.9,42.1,54.9,57.9,39.9,52.1,50.8,73.3,72.2,58.6,54.9,41.7,48,48,49.1,40.9,53.1,64.6,50,52.9,43571349
2009:Q2,GenX,13.7,21.1,20.3,24.7,9.7,12.9,9.5,5.8,5.3,6.9,6.3,7.1,2.4,3.2,16.8,17.1,10.4,12.9,7.6,19.9,36.2,36.2,36.5,39.4,17.8,10.4,20,8.3,33806857
2009:Q2,Millennial,1.2,2.2,1.6,4.7,0.7,1.7,0,0.3,0.4,0,0.3,0,1.9,0.3,1.8,0.2,0.1,0.7,0.7,2.9,3.8,3.8,2.6,9.3,2.3,0.3,1.4,0.6,11411699
2009:Q3,Silent,32.5,28.6,29.4,25.3,34.4,39.9,43.3,48.7,48.4,49.6,37.5,33.7,56.7,41.3,29.8,8.4,16.1,27.5,36.3,35.3,11.9,11.9,11.7,10,27.1,23.9,28,37.3,27704391
2009:Q3,BabyBoom,52.3,48.3,48.9,45.5,54.3,45.6,47.7,45.2,45.9,43,56,59.4,38.9,51.7,51.4,71.9,70.1,58.7,55.5,41.7,48.2,48.2,49.4,40.5,53.1,64.5,50.7,53.2,43484720
2009:Q3,GenX,14,20.9,20.1,24.4,10.5,12.7,8.8,5.9,5.4,7.4,6.1,6.9,2.1,6.7,17,19.1,13.4,13,7.6,19.9,36.1,36.1,36.3,39.7,17.4,11.2,19.8,8.9,33887721
2009:Q3,Millennial,1.3,2.2,1.7,4.8,0.8,1.7,0.1,0.3,0.4,0,0.4,0,2.3,0.4,1.8,0.5,0.4,0.8,0.6,3.1,3.8,3.9,2.6,9.7,2.4,0.4,1.6,0.7,11831878
2009:Q4,Silent,31.8,28.2,29.1,24.7,33.7,39,43.3,48.5,48.8,47.7,36.7,32.4,57.7,39.9,29.1,7.8,15.4,27.2,35.8,35.2,11.8,11.8,11.7,9.7,27.4,24.4,27.7,36.5,27395264
2009:Q4,BabyBoom,52.4,48.2,48.8,45.6,54.5,46.1,48.1,45.2,45.5,44.3,56.9,60.8,37.9,52,51.9,71,69.4,58.8,56.1,41.7,47.8,47.8,49,40.2,53.2,63.4,52.9,53.5,43412385
2009:Q4,GenX,14.3,21.1,20.3,24.5,11,13,8.5,6,5.3,8,6,6.8,1.7,7.6,17.1,20.4,14.7,13.1,7.6,19.9,36.2,36.2,36.4,40,16.9,11.8,17.3,9.3,33965687
2009:Q4,Millennial,1.4,2.5,1.9,5.2,0.8,1.9,0.1,0.3,0.4,0,0.5,0,2.7,0.4,1.9,0.8,0.5,0.9,0.5,3.3,4.2,4.2,2.9,10.1,2.4,0.4,2.1,0.7,12258716
2010:Q1,Silent,31.3,27.8,28.7,24.3,32.9,39,43.7,47.9,47.7,48.5,35.9,31.2,58.4,38.4,28.4,7.4,14.7,26.7,34.7,35.2,11.8,11.8,11.6,9.2,27.7,24.3,26.6,35.7,27091546
2010:Q1,BabyBoom,52.6,48.4,49,45.9,54.6,46.1,48.5,45.7,46.5,43.3,57.7,62.1,37.1,52.2,52.5,70.3,68.8,59,56,41.7,47.5,47.5,48.5,40.1,52.4,62.9,51.5,53.8,43359007
2010:Q1,GenX,14.7,21.1,20.4,24.4,11.5,12.9,7.6,6,5.4,8.1,5.8,6.7,1.6,8.9,17.1,21.3,15.9,13.4,8.7,19.7,36.2,36.2,36.5,40.4,16.8,12.4,20.1,9.8,34041535
2010:Q1,Millennial,1.5,2.7,2,5.4,0.9,1.9,0.3,0.3,0.4,0,0.5,0,3,0.5,2,1,0.6,1,0.6,3.4,4.6,4.6,3.4,10.3,3.1,0.5,1.8,0.8,12692937
2010:Q2,Silent,30.8,27.4,28.3,24,32.4,39.1,43.7,46.4,46.2,47.2,35,30.1,58.8,38.2,27.8,7.6,14.3,26.1,33.2,35.1,11.7,11.7,11.5,8.9,27.9,23.2,25.9,35.1,26794409
2010:Q2,BabyBoom,52.9,48.5,49,46.2,55.1,46.2,48.9,47.1,47.9,44.2,58.6,63.3,36.4,53.2,53,70.1,70,59.2,55.5,41.8,46.9,46.9,47.7,40.1,52.6,63.2,51.4,54.3,43329253
2010:Q2,GenX,14.7,21.2,20.5,24.2,11.5,12.7,7.1,6.1,5.4,8.7,5.7,6.6,1.6,8,16.8,21.2,15,13.6,10.5,19.5,36.4,36.4,36.8,40.5,16.4,13,21,9.8,34116047
2010:Q2,Millennial,1.6,2.9,2.2,5.6,1,2,0.3,0.3,0.4,0,0.6,0,3.3,0.5,2.4,1.1,0.6,1.1,0.8,3.6,5.1,5.1,4,10.5,3.2,0.5,1.7,0.8,13135266
2010:Q3,Silent,30,27.1,27.8,23.7,31.4,38.7,43.3,45.2,45.5,44.1,34.2,29,59.2,36.3,27.1,6.7,13.6,25.5,32.2,35,11.5,11.4,11.4,8.5,28.1,21.5,25.6,34.1,26505026
2010:Q3,BabyBoom,53.2,48.8,49.3,46.5,55.2,46.5,49.3,48.2,48.7,46.1,59.5,64.4,35.7,53,53.5,68.9,68.6,59.4,55.4,41.8,46.7,46.7,47.5,39.7,53.1,64.2,54,54.6,43327787
2010:Q3,GenX,15.2,21.1,20.5,24,12.4,12.8,7.1,6.1,5.4,9.5,5.7,6.5,1.6,10.1,17,22.9,17,13.9,11.6,19.4,36.4,36.4,36.7,40.8,15.9,13.7,18,10.5,34190003
2010:Q3,Millennial,1.7,3,2.4,5.8,1.1,2.1,0.4,0.4,0.4,0.4,0.7,0.1,3.5,0.6,2.3,1.5,0.8,1.2,0.9,3.7,5.5,5.5,4.4,11,2.9,0.6,2.4,0.9,13586428
2010:Q4,Silent,29.7,26.8,27.6,23.2,31,38.8,41.9,47.2,46.8,48.1,35.2,30.8,57.7,35.7,27.4,5.9,13.1,24.7,31.3,34.7,11.3,11.3,11.2,8.5,26.4,23.5,25.7,33.6,26224240
2010:Q4,BabyBoom,52.8,48.5,49,46.3,54.8,46,50,46.1,47.1,43.3,57.7,61.9,36.5,52.4,52.3,68.3,67.4,59.8,55.1,41.8,46.4,46.4,47.4,39.2,54.4,62.5,51.4,54.2,43357716
2010:Q4,GenX,15.7,21.5,20.8,24.4,13.1,13.1,7.8,6.3,5.6,8.6,6.4,7.1,2.6,11.3,17.9,24,18.6,14.3,12.7,19.6,36.4,36.5,36.9,40.3,16.1,13.4,20.8,11.3,34263907
2010:Q4,Millennial,1.8,3.2,2.5,6.1,1.1,2.2,0.3,0.4,0.5,0,0.7,0.1,3.2,0.6,2.4,1.8,1,1.3,0.9,3.9,5.8,5.8,4.5,12,3.2,0.5,2.1,0.9,14046984
2011:Q1,Silent,29.2,26.5,27.4,23,30.4,38.1,41.3,46.8,46.7,47.2,36.4,32.3,56.6,35.1,27.7,5.7,12.6,24.1,30.5,34.3,11.2,11.2,10.9,8.2,24.6,26.6,26,33,25951578
2011:Q1,BabyBoom,52.8,48.4,49,46,54.6,45.9,50.6,46.3,46.9,44.2,56,59.8,37.1,52,51.1,68.5,66.5,60.2,54.9,41.8,45.7,45.7,46.6,38.7,55.8,59.8,50.2,54.3,43415912
2011:Q1,GenX,16.1,21.7,21,24.7,13.7,13.7,7.7,6.5,5.8,8.6,7,7.8,3.1,12.2,18.7,24,19.7,14.4,13.6,19.8,36.8,36.8,37.4,40.4,16.2,13,21.6,11.8,34337163
2011:Q1,Millennial,1.9,3.4,2.6,6.4,1.2,2.3,0.4,0.4,0.5,0,0.6,0.1,3.1,0.7,2.4,1.8,1.1,1.3,0.9,4.1,6.3,6.3,5,12.6,3.3,0.5,2.2,0.9,14516844
2011:Q2,Silent,29,26.2,27.1,22.4,30.2,37.6,40.7,47.3,46.7,48.9,37.1,33.6,55.6,35,28,5.4,12.3,23.5,29.9,33.9,10.9,10.9,10.7,8.1,22.9,26.6,26.3,32.7,25686236
2011:Q2,BabyBoom,52.6,48,48.5,45.7,54.6,45.7,51.2,45.7,46.7,43,54.6,57.8,37.7,52,50,68.5,66.4,60.6,54.9,41.8,45.4,45.4,46.3,38.5,57.4,59.9,49.1,54.1,43497686
2011:Q2,GenX,16.4,22.2,21.5,25.2,14,14.3,7.7,6.6,6.1,8.2,7.5,8.3,3.7,12.3,19.5,24.2,20.1,14.5,14.2,20,37,37,37.7,40.2,16.3,13,22.4,12.2,34408898
2011:Q2,Millennial,2,3.6,2.9,6.8,1.3,2.5,0.4,0.4,0.6,0,0.7,0.3,3,0.7,2.4,1.9,1.1,1.3,0.9,4.2,6.7,6.7,5.3,13.2,3.4,0.5,2.3,1,14995756
2011:Q3,Silent,28.9,25.9,26.7,22.5,30.2,37,40,46.6,45.3,50,38.1,34.9,54.8,36.2,28.3,5.7,12.2,23.1,29.2,33.5,10.6,10.6,10.4,7.9,21.2,25.5,26.8,32.8,25427411
2011:Q3,BabyBoom,52.9,48.3,49,45.6,54.9,45.5,51.8,46.3,47.8,42.2,53.2,56.1,38.2,52.8,48.9,69.4,68.3,61,54.8,41.8,45,45,45.9,38,58.6,60.8,48.7,54.6,43598354
2011:Q3,GenX,16.2,22.2,21.5,25.2,13.6,14.8,7.7,6.7,6.3,7.8,8,8.8,4.1,10.2,20.2,23.1,18.5,14.5,15.1,20.3,37.2,37.3,38,40.1,16.5,13.1,21.7,11.7,34478238
2011:Q3,Millennial,2,3.6,2.8,6.8,1.3,2.7,0.5,0.4,0.6,0,0.7,0.2,3,0.8,2.6,1.8,1,1.4,0.9,4.4,7.1,7.1,5.6,14.1,3.8,0.5,2.8,0.9,15483468
2011:Q4,Silent,28.4,25.6,26.5,22.1,29.7,36.4,39.2,46.7,45.5,50.1,39.3,36.3,53.9,35.6,28.5,5.2,11.7,22.5,28.4,33,10.3,10.2,10.1,7.8,19.4,23.4,27.1,32.2,25174300
2011:Q4,BabyBoom,52.7,48,48.7,45.4,54.8,45.4,52.4,46,47.3,42.3,51.6,54.3,38.7,52.4,47.9,69.1,67.2,61.4,54.4,41.8,44.9,44.9,45.8,37.6,59.7,62.8,47.8,54.4,43713227
2011:Q4,GenX,16.7,22.6,21.9,25.5,14.2,15.4,7.9,6.8,6.5,7.7,8.6,9.4,4.5,11.1,21.1,23.7,19.9,14.7,16.3,20.6,37.4,37.4,38.3,39.8,16.7,13.3,22.1,12.4,34544312
2011:Q4,Millennial,2.1,3.8,3,7.1,1.4,2.8,0.5,0.4,0.6,0,0.5,0,2.9,0.9,2.5,2,1.1,1.4,1,4.6,7.5,7.5,5.8,14.9,4.2,0.5,3,1,15979727
2012:Q1,Silent,28,25.2,26.2,21.5,29.1,36.1,38.7,47.5,46.3,50.5,39.9,37.3,52.7,34.6,28.8,4.4,11.2,21.9,27.7,32.7,10.1,10.1,9.9,7.5,17.7,25.5,27.1,31.6,24926098
2012:Q1,BabyBoom,52.4,47.5,48.1,45.1,54.4,45.1,53,45.1,46.3,42.1,50.6,52.8,39.4,51.8,46.8,68.3,65.7,61.8,54.3,41.8,44,44,44.8,37.2,61.2,60.9,46.1,54.1,43837619
2012:Q1,GenX,17.3,23.1,22.4,25.9,15,15.8,7.7,7,6.7,7.5,9.1,9.9,5.3,12.7,21.8,25,21.7,14.8,17,20.7,37.7,37.8,38.8,39.8,16.7,13,24.1,13.2,34606246
2012:Q1,Millennial,2.2,4.1,3.3,7.5,1.5,3,0.6,0.5,0.7,0,0.4,0,2.6,0.9,2.6,2.3,1.4,1.5,1,4.8,8.2,8.2,6.6,15.5,4.4,0.5,2.7,1,16484281
2012:Q2,Silent,27.7,24.9,25.8,21.4,28.9,36.1,38.2,46.2,44.9,50,40.3,38.2,51.5,34.8,29.1,4.6,10.9,21.4,27,32.4,9.8,9.8,9.6,7.3,16,25,27,31.3,24682004
2012:Q2,BabyBoom,52.5,47.5,48.1,45,54.6,44.6,53.6,46.2,47.5,42.6,49.7,51.5,40.1,51.9,45.6,69,66.1,62.2,54.1,41.9,43.7,43.7,44.4,36.9,62.5,61.5,44.8,54.3,43966843
2012:Q2,GenX,17.5,23.4,22.7,26,15,16.2,7.6,7.1,7,7.4,9.6,10.3,6.1,12.3,22.2,24.2,21.6,14.8,17.9,20.8,37.9,37.9,39,39.5,16.8,13,25.7,13.4,34663168
2012:Q2,Millennial,2.3,4.2,3.3,7.6,1.5,3.1,0.6,0.5,0.6,0,0.4,0.1,2.3,1,3.1,2.2,1.4,1.5,1,5,8.6,8.7,6.9,16.3,4.7,0.5,2.5,1,16996877
2012:Q3,Silent,27.4,24.6,25.5,21.2,28.5,36.1,37.4,46.8,45.1,51.1,40.8,39,50.5,34.2,29.3,4.1,10.5,20.9,26.1,32.1,9.6,9.5,9.4,7.2,14.3,25.4,27.1,30.9,24441213
2012:Q3,BabyBoom,52.3,47.4,48,44.9,54.3,44.2,54.1,45.6,47.1,41.8,48.7,50.2,40.7,51.6,44.6,68.8,65.2,62.6,53.6,41.9,43.7,43.7,44.7,36.3,63.8,61.2,43.9,54,44096212
2012:Q3,GenX,17.9,23.7,23.1,26.1,15.6,16.5,7.9,7.2,7.2,7.1,10.1,10.7,6.8,13.2,22.9,24.7,22.7,14.9,19.1,20.9,37.9,37.9,39.1,39.2,16.9,12.9,26.4,14,34714205
2012:Q3,Millennial,2.4,4.3,3.4,7.8,1.6,3.2,0.6,0.5,0.7,0,0.4,0.1,2,1.1,3.2,2.4,1.5,1.6,1.1,5.1,8.9,8.9,6.9,17.3,5,0.5,2.6,1.1,17517263
2012:Q4,Silent,27,24.3,25.1,21,28,35.3,36.6,46.2,45,49.9,41.2,39.7,49.5,34,29.6,3.9,10.2,20.4,25.3,31.7,9.2,9.2,9.1,7.1,12.6,23.1,28.2,30.4,24202923
2012:Q4,BabyBoom,52.3,47.2,47.8,44.7,54.3,44.2,54.6,45.9,46.9,42.9,47.9,49.1,41.3,51.5,43.5,68.8,65,63,53.3,41.9,42.6,42.6,43.3,36,65.1,63.2,43.7,54.1,44221040
2012:Q4,GenX,18.3,24.1,23.5,26.3,16,17.1,8.3,7.3,7.4,7.2,10.6,11.1,7.4,13.3,23.5,24.8,23.2,15,20.2,21.1,38.3,38.3,39.7,38.8,17,13.1,24.4,14.5,34758485
2012:Q4,Millennial,2.5,4.5,3.6,8,1.7,3.4,0.6,0.5,0.7,0,0.3,0.1,1.7,1.1,3.4,2.5,1.6,1.6,1.2,5.3,9.9,9.9,7.9,18.2,5.3,0.5,3.8,1,18045188
2013:Q1,Silent,26.4,23.9,24.7,20.6,27.4,35.1,36.1,46.2,45.4,48.9,41.8,40.6,48.8,33.1,29.8,3.4,9.8,19.6,24.6,31.3,9,9,8.8,6.9,10.9,24.8,28.2,29.6,23966330
2013:Q1,BabyBoom,52,46.7,47.2,44.5,54.1,43.8,55.1,45.7,46.3,43.8,46.9,47.9,41.8,51,42.5,68.4,63.8,63.2,53,41.9,44,44,45.4,35.5,66.4,61.8,42.5,53.4,44336638
2013:Q1,GenX,19,24.7,24.2,26.5,16.8,17.5,8.1,7.5,7.6,7.2,11,11.5,7.8,14.7,24.2,25.5,24.6,15.4,21.1,21.2,37.8,37.8,39.1,38.8,17.1,12.9,25.5,15.6,34795133
2013:Q1,Millennial,2.6,4.7,3.8,8.4,1.8,3.6,0.7,0.6,0.8,0,0.2,0,1.6,1.2,3.4,2.7,1.8,1.8,1.2,5.5,9.1,9.1,6.6,18.9,5.6,0.5,3.7,1.4,18580397
2013:Q2,Silent,25.9,23.6,24.3,20.4,26.8,34.9,35.6,46.3,46.4,46.1,42,41,48.2,32.9,30,3.2,9.5,18.9,23.8,31,8.9,8.8,8.6,6.8,9.2,25.5,28,29,23730630
2013:Q2,BabyBoom,51.8,46.5,47,44.4,54,43.4,55.6,44.9,44.9,44.9,46.4,47.1,42.2,50.9,41.5,68.4,63.6,63.3,52.5,41.9,43.8,43.8,45.2,35.2,67.5,61.2,41.4,53.3,44438320
2013:Q2,GenX,19.5,25.1,24.7,26.6,17.3,18,8,7.7,7.8,7.3,11.3,11.8,8.2,14.9,24.9,25.5,25,15.8,22.3,21.4,37.9,37.9,39.4,38.3,17.2,12.8,27.2,16.2,34823279
2013:Q2,Millennial,2.8,4.9,3.9,8.6,1.9,3.7,0.8,1.1,0.9,1.7,0.4,0.2,1.4,1.3,3.6,2.8,1.9,1.9,1.4,5.7,9.5,9.5,6.9,19.7,6.1,0.5,3.4,1.5,19122639
2013:Q3,Silent,25.4,23.2,23.9,20.5,26.2,34.5,35,46.2,46.5,45.2,42.5,41.7,47.5,32.4,30.2,2.7,9.1,18.3,23,30.6,8.6,8.6,8.3,6.6,7.5,25.1,28.5,28.4,23495021
2013:Q3,BabyBoom,51.7,46.6,47.1,44.3,53.7,43.1,56,44.7,44.5,45.1,45.5,46,42.6,50.7,40.6,67.9,62.6,63.5,51.9,41.9,43.4,43.4,44.9,34.6,68.9,61.6,40.6,53.2,44521400
2013:Q3,GenX,20.1,25.4,25,26.6,18,18.4,8.2,7.8,8,7.2,11.7,12.2,8.5,15.6,25.6,26.2,26.2,16.2,23.5,21.6,38,38,39.6,38.1,17.3,12.8,27,16.9,34842048
2013:Q3,Millennial,2.8,4.8,3.9,8.6,2,3.9,0.8,1.3,1,2.5,0.3,0.1,1.3,1.3,3.7,3.1,2.1,2,1.6,5.9,10,10,7.1,20.7,6.3,0.5,3.9,1.6,19671662
2013:Q4,Silent,24.9,23.1,23.7,20.2,25.7,33.9,34.8,45.6,45.9,44.5,41.2,40.1,48.4,31.8,29.4,2.3,9,17.9,22.9,30.4,9,9,8.3,6.6,7.4,33.1,27.6,27.7,23258722
2013:Q4,BabyBoom,51.9,46.5,47,44.4,53.9,43.8,56.1,45,44.8,45.6,46.6,47.4,41.6,51.1,41.7,66.8,61.8,63.1,52.5,41.9,42.8,42.8,44.6,34,67.5,54.3,41.6,53.4,44582250
2013:Q4,GenX,20.2,25.3,25.1,26.5,18.2,18.2,8.3,7.8,8,7.1,11.7,12.1,8.8,15.7,25.1,27.4,26.9,16.8,22.9,21.6,37.8,37.8,39.7,38.1,17.9,12,26.9,17.1,34850897
2013:Q4,Millennial,3,5.1,4.2,8.9,2.2,4.1,0.8,1.7,1.3,2.8,0.5,0.4,1.2,1.3,3.8,3.6,2.3,2.3,1.7,6.2,10.3,10.4,7.4,21.4,7.2,0.5,3.9,1.7,20227262
2014:Q1,Silent,24.6,22.9,23.6,19.8,25.3,32.8,34.6,44.1,44.2,43.5,39.8,38.5,49.1,31.3,28.7,2.1,8.8,17.7,23,30.2,9.1,9.1,8.2,6.4,7.4,35,26.8,27.3,23021043
2014:Q1,BabyBoom,52,46.3,46.7,44.4,54.2,44.7,56.1,46.2,46.2,46.2,47.8,48.8,40.6,51.5,42.7,66.1,61.8,62.8,53.3,41.9,42,42,43.8,33.2,66.3,52.6,42.6,53.7,44621485
2014:Q1,GenX,20.2,25.5,25.2,26.4,18.2,18.2,8.4,7.7,7.9,7,11.7,12.1,9.1,15.9,24.7,27.9,26.9,17,22.1,21.5,37.9,38,39.9,38.4,18.5,11.9,26.8,17.2,34850591
2014:Q1,Millennial,3.2,5.4,4.5,9.4,2.3,4.3,0.9,2,1.6,3.4,0.7,0.7,1.2,1.4,3.9,3.9,2.5,2.4,1.7,6.4,10.9,10.9,8.1,21.9,7.9,0.5,3.8,1.9,20789433
2014:Q2,Silent,24.3,22.6,23.4,19.5,25,32.2,34.4,43.2,43.1,43.7,38.8,37.2,49.9,30.8,28,1.9,8.7,17.6,22.9,30.1,9.1,9.1,8.2,6.4,7.3,36,25.9,26.9,22781318
2014:Q2,BabyBoom,52.1,46.2,46.6,44.5,54.4,45.3,56.2,46.9,47,46.4,48.7,50,39.6,51.8,43.7,65.3,61.5,62.5,53.7,41.8,41.2,41.2,42.9,32.6,64.8,51.5,43.4,53.9,44640776
2014:Q2,GenX,20.2,25.5,25.3,26.3,18.2,18,8.3,7.7,7.9,6.8,11.8,12.1,9.4,16.1,24.3,28.6,27.2,17.3,21.6,21.4,38.1,38.1,40.1,38.4,19.1,11.9,26.9,17.2,34842225
2014:Q2,Millennial,3.3,5.7,4.8,9.7,2.4,4.5,1,2.2,1.9,3,0.8,0.8,1.1,1.4,4,4.2,2.7,2.5,1.8,6.6,11.7,11.7,8.8,22.6,8.8,0.6,3.7,1.9,21358220
2014:Q3,Silent,24.1,22.4,23.2,19.2,24.7,31.5,34.2,42.1,41.8,42.8,37.4,35.6,50.6,30.7,27.3,1.9,8.6,17.5,22.8,29.9,8.7,8.7,8.1,6.3,7.2,32.9,25.5,26.6,22538881
2014:Q3,BabyBoom,52.2,46,46.3,44.4,54.7,46,56.2,47.8,48.1,46.9,49.8,51.3,38.7,52.4,44.6,64.8,61.8,62.3,54.1,41.8,40.4,40.4,42.2,31.8,63.4,54,44.5,54.2,44641799
2014:Q3,GenX,20.2,25.6,25.4,26.2,18,17.8,8.5,7.6,7.9,6.7,11.8,12,9.7,15.6,23.8,28.8,26.9,17.6,21.2,21.4,38.4,38.5,40.3,38.5,19.8,12.4,25.9,17.1,34826893
2014:Q3,Millennial,3.5,6,5.1,10.2,2.5,4.7,1.1,2.5,2.2,3.5,1,1,1,1.4,4.2,4.4,2.8,2.7,1.9,6.9,12.5,12.5,9.4,23.4,9.6,0.7,4.2,2,21933665
2014:Q4,Silent,23.8,22.2,23,18.7,24.4,30.9,33.9,40.9,40.7,41.7,36.4,34.4,51.3,30.3,26.6,1.7,8.4,17.3,22.7,29.7,8.6,8.6,8.1,6.2,7.1,33.3,25,26.3,22293064
2014:Q4,BabyBoom,52.3,45.7,46,44.4,54.9,46.6,56.2,48.6,48.9,47.5,50.6,52.4,37.8,52.7,45.6,64,61.6,62,54.4,41.8,39.7,39.7,41.5,31.2,61.6,53.5,45.6,54.4,44626226
2014:Q4,GenX,20.2,25.7,25.6,26.2,18.1,17.7,8.7,7.6,7.9,6.6,11.9,12.2,10,15.6,23.4,29.4,27,17.8,20.9,21.3,38.6,38.6,40.4,38.4,20.5,12.5,24.9,17.2,34805688
2014:Q4,Millennial,3.7,6.4,5.5,10.7,2.7,4.9,1.2,2.9,2.5,4.2,1.1,1.1,0.9,1.4,4.3,4.8,3,2.8,2.1,7.1,13.1,13.1,10,24.1,10.7,0.8,4.6,2.2,22515812
2015:Q1,Silent,23.4,22,22.8,18.4,24,29.8,33.7,39.2,39.1,39.6,35.1,32.9,51.8,29.9,26,1.6,8.3,17.2,22.6,29.6,8.6,8.5,8,6.1,7,34.4,24.3,25.8,22043200
2015:Q1,BabyBoom,52.4,45.4,45.7,44.3,55.1,47.4,56.3,49.9,50.4,48.1,51.7,53.7,37,53,46.6,63.4,61.5,61.7,54.8,41.8,39.2,39.2,41.1,30.6,59.7,52.3,46.3,54.5,44595731
2015:Q1,GenX,20.2,25.8,25.7,26.1,18.1,17.7,8.7,7.6,7.8,6.6,12,12.2,10.3,15.6,23.1,29.9,27.1,18.1,20.5,21.3,38.6,38.7,40.5,38.7,21.3,12.5,24.9,17.3,34779706
2015:Q1,Millennial,3.9,6.8,5.8,11.2,2.8,5.2,1.3,3.4,2.8,5.7,1.2,1.3,0.8,1.4,4.3,5.1,3.1,3,2.2,7.4,13.6,13.6,10.4,24.6,12,0.8,4.5,2.4,23104705
2015:Q2,Silent,23.1,21.8,22.6,17.9,23.7,29.2,33.6,37.9,38.1,37.1,33.9,31.5,52.4,29.7,25.4,1.5,8.2,17.1,22.4,29.4,8.6,8.5,7.9,6,6.9,35.8,23.6,25.5,21788624
2015:Q2,BabyBoom,52.5,45.2,45.4,44.1,55.3,47.9,56.3,50.6,51,48.8,52.7,54.9,36.3,53.5,47.4,62.7,61.7,61.4,55.1,41.8,38.7,38.7,40.8,30.1,57.4,50.9,47,54.7,44551987
2015:Q2,GenX,20.2,25.9,25.8,26.2,18,17.5,8.7,7.6,7.8,6.5,12.1,12.3,10.7,15.3,22.6,30.3,26.9,18.3,20.2,21.2,38.7,38.7,40.5,38.6,22.2,12.5,24.8,17.3,34750040
2015:Q2,Millennial,4.1,7.2,6.2,11.8,3,5.3,1.4,3.9,3.1,7.7,1.3,1.4,0.6,1.5,4.6,5.4,3.3,3.2,2.3,7.6,14,14.1,10.8,25.3,13.5,0.9,4.6,2.6,23700388
2015:Q3,Silent,23,21.6,22.4,17.9,23.5,28.8,33.2,36.1,36.1,36.1,32.6,30,52.9,30,24.8,1.7,8.1,17,22.4,29.2,8.5,8.4,7.9,6,6.8,36.1,23.1,25.3,21528669
2015:Q3,BabyBoom,52.8,45.4,45.6,44.2,55.8,48.3,56.3,52.3,52.9,49.1,53.8,56.2,35.6,54.3,48.2,62.4,62.7,61.2,55.5,41.7,38.1,38.1,40.3,29.4,55,50.3,48,55.2,44496668
2015:Q3,GenX,19.9,25.8,25.7,26,17.6,17.4,9.1,7.6,7.8,6.4,12.2,12.3,11.1,14.2,22.1,30.3,26,18.5,19.7,21.2,38.8,38.8,40.6,38.6,23.1,12.6,24,16.8,34717784
2015:Q3,Millennial,4.3,7.3,6.3,11.9,3.1,5.5,1.4,4,3.2,8.4,1.4,1.5,0.4,1.5,4.9,5.6,3.3,3.3,2.4,7.9,14.7,14.7,11.2,26.1,15,1,4.9,2.6,24302903
2015:Q4,Silent,22.6,21.4,22.2,17.7,23.1,27.9,32.9,34.8,35.1,31.4,31.3,28.5,53.4,29.6,24.2,1.4,8,16.9,22.3,28.9,8.4,8.3,7.8,5.8,6.6,36.6,22.6,24.9,21262667
2015:Q4,BabyBoom,52.9,45.5,45.7,44.2,56,48.9,56.3,53.3,53.7,50,54.9,57.5,34.8,54.5,49,61.5,62.3,60.9,56,41.7,37.5,37.5,39.5,29.1,52,49.6,48.9,55.4,44431448
2015:Q4,GenX,20,25.7,25.7,25.8,17.7,17.4,9.3,7.6,7.7,6.3,12.3,12.4,11.4,14.4,21.7,31,26.3,18.8,19.3,21.2,39,39,40.8,38.8,24.2,12.6,23.3,16.9,34684034
2015:Q4,Millennial,4.5,7.5,6.5,12.2,3.2,5.8,1.5,4.3,3.5,12.3,1.5,1.6,0.3,1.5,5.1,6.1,3.5,3.5,2.4,8.2,15.2,15.2,11.9,26.3,17.1,1.1,5.2,2.7,24912294
2016:Q1,Silent,22.3,21.1,21.9,17.3,22.8,27.1,32.7,33.6,33.9,30.5,29.7,26.8,53.9,29.3,23.5,1.3,7.8,16.7,22.3,28.7,8.3,8.3,7.7,5.7,6.5,37.4,21.9,24.6,20989953
2016:Q1,BabyBoom,53,45.2,45.4,44.1,56.2,49.5,56.3,54.3,54.7,50.2,56.2,58.9,34.1,54.9,49.8,60.7,62.2,60.6,56.6,41.6,37,37,39.2,28.5,49.1,48.7,49.4,55.6,44357999
2016:Q1,GenX,20,25.8,25.8,25.9,17.6,17.3,9.3,7.6,7.7,6.2,12.2,12.3,11.7,14.3,21.4,31.5,26.4,19,18.7,21.2,39.1,39.1,40.9,39,25.4,12.7,23.5,16.9,34649882
2016:Q1,Millennial,4.7,7.9,6.8,12.7,3.4,6.1,1.6,4.5,3.7,13.1,1.8,2,0.2,1.5,5.3,6.5,3.6,3.7,2.4,8.5,15.6,15.6,12.3,26.9,19,1.2,5.1,2.9,25528605
2016:Q2,Silent,22,20.9,21.7,16.8,22.5,26.7,32.6,32.5,32.7,28.6,28.2,25.2,54.5,28.9,22.9,1,7.7,16.6,22.2,28.4,8.3,8.2,7.6,5.6,6.4,38.8,21.4,24.2,20709859
2016:Q2,BabyBoom,53,44.7,44.9,43.8,56.3,49.9,56.4,55.3,55.7,50.6,57.4,60.2,33.5,55.2,50.7,59.9,62,60.3,56.9,41.6,36.6,36.6,38.9,28,46.1,47.2,50,55.6,44277996
2016:Q2,GenX,20.1,26.1,26.1,26,17.7,17.2,9.2,7.6,7.7,6.1,12.2,12.3,11.9,14.3,21.1,32.2,26.5,19.2,18.4,21.2,39.1,39.1,40.9,38.9,26.5,12.7,23.4,17.1,34616423
2016:Q2,Millennial,4.9,8.4,7.3,13.5,3.5,6.2,1.8,4.6,3.9,14.8,2.1,2.3,0.2,1.6,5.2,6.9,3.8,3.8,2.5,8.8,16,16.1,12.6,27.5,20.9,1.3,5.2,3.2,26151880
2016:Q3,Silent,21.7,20.6,21.4,16.9,22.1,26,32.4,31.8,32,26.6,26.8,23.5,54.9,28.6,22.4,0.8,7.6,16.4,22,28.2,8.2,8.2,7.6,5.5,6.3,40.1,20.9,23.8,20421720
2016:Q3,BabyBoom,53.2,45.1,45.4,44,56.5,50.4,56.4,55.8,56,50.9,58.6,61.7,32.8,55.4,51.5,59,61.6,60.1,57.2,41.5,36,35.9,38.4,27.4,42.7,45.9,51.2,55.9,44193112
2016:Q3,GenX,20.1,25.8,25.9,25.7,17.8,17.2,9.2,7.6,7.7,5.9,12.4,12.4,12.2,14.4,20.8,32.8,26.8,19.5,18.1,21.2,39.1,39.2,41,38.8,27.8,12.7,22.1,17.1,34584751
2016:Q3,Millennial,5,8.4,7.3,13.5,3.6,6.5,2,4.8,4.3,16.6,2.2,2.5,0.1,1.6,5.4,7.4,4,4,2.7,9.1,16.7,16.7,13,28.3,23.1,1.3,5.8,3.2,26782161
2016:Q4,Silent,21.2,20.1,20.8,16.7,21.6,25.5,31.7,32,32,NA,26.5,23.2,53.9,27.8,21.7,1,7.5,15.9,21.3,27.5,7.9,7.9,7.4,5.5,6.2,37.1,20.3,23.2,20124863
2016:Q4,BabyBoom,52.9,45,45.3,43.7,56.2,50.2,56.5,55.7,55.7,NA,58.1,61.1,33.1,55.5,50.9,58.1,60.8,59.8,56.6,41.7,35.6,35.6,37.9,27.2,45.1,47.7,51.2,55.7,44104808
2016:Q4,GenX,20.7,26.2,26.3,26,18.5,17.7,9.6,8,8,NA,13.4,13.4,12.9,15.1,21.6,33.4,27.4,20.1,19.3,21.4,39.1,39.2,41.1,38.3,26.6,13.8,21.9,17.9,34555895
2016:Q4,Millennial,5.2,8.6,7.6,13.6,3.7,6.6,2.1,4.3,4.3,NA,2,2.3,0.1,1.6,5.8,7.5,4.2,4.2,2.8,9.4,17.3,17.3,13.6,29,22.2,1.4,6.7,3.2,27419483
2017:Q1,Silent,20.6,19.6,20.3,16.3,21,24.8,31.1,31.6,31.6,NA,25.9,22.8,52.8,26.9,21,0.8,7.4,15.4,20.5,26.9,7.8,7.7,7.2,5.4,6,35.5,19.5,22.5,19818599
2017:Q1,BabyBoom,52.6,44.7,45,43.3,55.8,50.1,56.7,55.9,55.9,NA,57.8,60.6,33.4,55.3,50.5,56.8,59.5,59.5,56,41.8,35.1,35.1,37.2,26.9,47.6,48.4,50.3,55.3,44013698
2017:Q1,GenX,21.5,26.7,26.8,26.4,19.4,18.3,9.9,8.3,8.3,NA,14.2,14.3,13.6,16.2,22.5,34.5,28.6,20.7,20.5,21.6,39.2,39.2,41.2,38.1,25.4,14.6,23.6,18.8,34530622
2017:Q1,Millennial,5.3,9,8,13.9,3.8,6.8,2.3,4.2,4.2,NA,2.1,2.3,0.2,1.6,6,7.9,4.4,4.4,3,9.7,18,18,14.4,29.6,21.1,1.5,6.6,3.4,28063840
2017:Q2,Silent,20,19.1,19.7,16.1,20.4,24.6,30.4,31,31,NA,25.5,22.4,51.7,26.1,20.3,0.8,7.3,14.9,19.6,26.3,7.6,7.6,7,5.4,5.7,33.9,18.8,21.9,19502235
2017:Q2,BabyBoom,52.3,44.5,44.8,43.1,55.4,49.8,56.9,56.4,56.4,NA,57.3,60.1,33.6,55.2,50,55.7,58.5,59.2,55,41.9,34.7,34.6,36.5,26.7,49.3,49.1,49.8,55,43920184
2017:Q2,GenX,22.2,27.1,27.2,26.7,20.2,18.7,10.2,8.6,8.6,NA,15.2,15.3,14.3,17,23.4,35.3,29.5,21.3,22.1,21.8,39.1,39.1,41.3,37.6,24.3,15.4,24.5,19.6,34509631
2017:Q2,Millennial,5.5,9.3,8.3,14.1,4,6.9,2.5,4,4,NA,2,2.2,0.4,1.7,6.3,8.2,4.7,4.6,3.3,10,18.7,18.7,15.2,30.2,20.7,1.5,6.8,3.5,28715216
2017:Q3,Silent,19.5,18.6,19.1,15.9,19.8,24.2,29.6,30.7,30.7,NA,25,22.1,50.3,25.3,19.7,0.8,7.3,14.4,18.9,25.6,7.4,7.3,6.8,5.4,5.6,31.9,18.2,21.3,19175076
2017:Q3,BabyBoom,52,44.5,44.8,42.9,55.1,49.6,57,56.4,56.4,NA,56.9,59.6,34,55.2,49.6,54.6,57.4,58.9,54.3,42,34.2,34.2,35.9,26.3,51.5,50.2,49.3,54.7,43824666
2017:Q3,GenX,22.9,27.5,27.6,27,21,19.1,10.8,8.9,8.9,NA,16.2,16.3,15.3,17.9,24.3,36.2,30.5,21.9,23.3,22.1,39.1,39.1,41.4,37.2,23.2,16.4,25.3,20.4,34493624
2017:Q3,Millennial,5.6,9.5,8.6,14.3,4.1,7,2.5,3.9,3.9,NA,1.9,2.1,0.3,1.7,6.5,8.4,4.9,4.8,3.5,10.3,19.3,19.4,15.9,31,19.7,1.5,7.2,3.6,29373595
2017:Q4,Silent,18.9,18.1,18.5,15.7,19.3,23.7,28.8,30.3,30.3,NA,24.7,21.7,48.9,24.4,19,0.7,7.1,13.9,18.1,25,7.2,7.2,6.6,5.4,5.4,31,17.5,20.7,18836428
2017:Q4,BabyBoom,51.8,44.4,44.8,42.6,54.7,49.5,57.2,56.7,56.7,NA,56.4,59.1,34.3,55,49.1,53.5,56.3,58.6,53.5,42.2,33.9,33.8,35.4,26.1,53.4,50.4,48.9,54.5,43727546
2017:Q4,GenX,23.5,27.8,27.9,27.3,21.8,19.6,11.5,9.3,9.3,NA,17.4,17.5,16.4,18.9,25.2,37.1,31.4,22.5,24.7,22.3,38.9,39,41.5,36.7,22.3,17,25.9,21.2,34483302
2017:Q4,Millennial,5.8,9.7,8.8,14.3,4.2,7.2,2.6,3.8,3.8,NA,1.6,1.7,0.4,1.7,6.7,8.8,5.1,5,3.8,10.6,20,20,16.5,31.8,19,1.5,7.7,3.6,30038962
2018:Q1,Silent,18.4,17.5,17.9,15.4,18.7,23,28.1,29.7,29.7,NA,24.2,21.3,47.4,23.7,18.4,0.8,7.1,13.4,17.3,24.3,7,7,6.4,5.3,5.2,29.6,16.9,20.1,18485598
2018:Q1,BabyBoom,51.5,44.2,44.5,42.3,54.5,49.4,57.3,57.1,57.1,NA,56,58.7,34.7,55.1,48.6,52.6,55.7,58.3,52.8,42.3,33.4,33.3,34.7,25.8,55.1,51.1,48,54.2,43629225
2018:Q1,GenX,24.1,28.3,28.4,27.7,22.4,20.2,11.8,9.6,9.6,NA,18.4,18.5,17.5,19.4,26,37.7,31.9,23,25.9,22.5,38.9,39,41.5,36.6,21.4,17.7,27.9,21.9,34479365
2018:Q1,Millennial,6,10.1,9.2,14.6,4.3,7.4,2.8,3.6,3.6,NA,1.4,1.6,0.5,1.7,7,9,5.3,5.3,4,10.9,20.7,20.7,17.4,32.4,18.4,1.6,7.2,3.8,30711302
2018:Q2,Silent,17.8,17,17.4,15,18.2,22.7,27.3,29,29,NA,23.6,20.9,45.7,23,17.7,0.8,7,12.9,16.6,23.7,6.8,6.7,6.2,5.2,5,27.3,16.2,19.5,18121891
2018:Q2,BabyBoom,51.3,44,44.4,42,54.3,49.2,57.5,57.8,57.8,NA,55.7,58.2,35,55.1,48.2,51.6,54.9,58,52.1,42.4,32.9,32.8,33.9,25.6,56.3,52.3,47.6,54,43530106
2018:Q2,GenX,24.7,28.6,28.7,28.1,23.1,20.6,12.3,9.9,9.9,NA,19.4,19.4,18.8,20.1,26.9,38.4,32.6,23.6,27.1,22.7,38.9,38.9,41.6,36.2,20.5,18.7,28.5,22.6,34482514
2018:Q2,Millennial,6.2,10.4,9.5,14.9,4.4,7.5,2.9,3.3,3.3,NA,1.4,1.5,0.5,1.7,7.2,9.2,5.5,5.5,4.2,11.2,21.5,21.5,18.3,33,18.3,1.6,7.7,3.9,31390597
2018:Q3,Silent,17.3,16.5,16.8,14.7,17.6,22.5,26.6,28.1,28.1,NA,23,20.5,43.8,22.2,17.1,0.8,6.8,12.4,15.8,23.1,6.5,6.5,6,5.1,4.8,25.4,15.6,18.9,17744613
2018:Q3,BabyBoom,51.1,43.8,44.3,41.7,54,48.9,57.6,58.7,58.7,NA,55.4,57.8,35.4,55,47.8,50.5,53.9,57.7,51.5,42.5,32.3,32.3,33.2,25.3,58.1,53.3,47.1,53.8,43430589
2018:Q3,GenX,25.3,29,29.1,28.5,23.8,21,12.7,10.2,10.2,NA,20.3,20.3,20.3,21,27.7,39.1,33.5,24.2,28.2,22.9,38.9,38.9,41.7,35.8,19.7,19.6,29.6,23.3,34493451
2018:Q3,Millennial,6.3,10.7,9.8,15.1,4.5,7.6,3,3,3,NA,1.3,1.4,0.5,1.8,7.3,9.5,5.7,5.7,4.4,11.5,22.3,22.3,19.2,33.8,17.4,1.7,7.7,3.9,32076834
2018:Q4,Silent,16.8,16,16.2,14.5,17.1,21.9,25.7,27.3,27.3,21.6,22.4,20,41.8,21.8,16.4,1.2,6.8,12,15.1,22.4,6.2,6.2,5.8,5.1,4.5,22.4,14.9,18.4,17353071
2018:Q4,BabyBoom,51,43.9,44.4,41.5,54.1,48.8,57.8,59.5,59.5,58.9,55,57.4,35.7,55.9,47.1,49.7,54.4,57.4,50.9,42.6,31.8,31.8,32.5,25,58.9,55,46.8,54,43331075
2018:Q4,GenX,25.6,29.3,29.3,28.8,24.1,21.5,13.6,10.5,10.5,10.3,21.5,21.4,21.9,20.6,28.4,39.6,33.1,24.7,29.4,23.2,38.8,38.8,41.7,35.4,19,20.8,29.7,23.6,34512874
2018:Q4,Millennial,6.6,10.9,10,15.1,4.7,7.7,2.9,2.7,2.7,9.2,1.1,1.1,0.6,1.8,8.1,9.5,5.7,5.9,4.6,11.8,23.2,23.2,20.1,34.5,17.5,1.8,8.7,4,32769996
2019:Q1,Silent,16.2,15.4,15.7,13.9,16.6,21.2,24.9,26.5,26.5,NA,21.8,19.6,39.6,20.7,15.8,0.9,6.6,11.4,14.4,21.7,5.9,5.9,5.6,5,4.5,20.2,14.3,17.7,16946571
2019:Q1,BabyBoom,50.6,43.2,43.7,40.9,53.6,48.8,58,60.2,60.2,NA,54.8,57,36.1,55.2,46.8,48.6,52.8,57.1,50.1,42.7,31.3,31.3,31.8,24.8,61.4,56.2,46.2,53.4,43231967
2019:Q1,GenX,26.4,29.8,29.9,29.3,25,22,14.3,10.8,10.8,NA,22.5,22.4,23.6,22.2,29.3,40.5,34.6,25.3,30.6,23.4,38.9,38.9,41.7,35.2,18.2,21.8,31,24.6,34541487
2019:Q1,Millennial,6.7,11.5,10.7,15.8,4.8,7.9,2.9,2.4,2.4,NA,1,1,0.7,1.8,8.1,10,6,6.2,4.9,12.2,23.9,23.9,20.9,35.1,16,1.9,8.5,4.2,33470067
2019:Q2,Silent,15.7,14.9,15.1,13.5,16,20.9,24.1,25.6,25.6,20.9,21,19.1,37.2,20,15.1,0.8,6.5,10.9,13.6,21.1,5.7,5.7,5.4,4.9,4.3,18.8,13.6,17.1,16524418
2019:Q2,BabyBoom,50.4,42.9,43.4,40.6,53.4,48.5,58.1,61.2,61.2,62.5,54.5,56.7,36.4,55.2,46.4,47.6,51.9,56.7,49.2,42.9,31.1,31.1,31.4,24.6,62.7,56.8,45.8,53.1,43133665
2019:Q2,GenX,27.1,30.3,30.3,29.8,25.8,22.5,14.6,11.1,11.1,12.1,23.4,23.1,25.5,23,30.1,41.3,35.4,25.9,31.9,23.6,38.8,38.8,41.8,34.8,17.5,22.5,31.3,25.4,34579989
2019:Q2,Millennial,6.9,12,11.1,16.2,4.9,8,3.1,2.1,2.1,4.5,1,1,0.9,1.8,8.4,10.3,6.3,6.4,5.2,12.5,24.4,24.4,21.5,35.7,15.5,1.9,9.3,4.4,34177032
2019:Q3,Silent,15.1,14.3,14.5,13.3,15.4,20.5,23.2,25.1,25.1,20.6,20.3,18.6,34.6,19.2,14.5,0.8,6.3,10.5,12.9,20.4,5.5,5.5,5.1,4.8,4.2,17.1,13,16.5,16085918
2019:Q3,BabyBoom,50.3,43.2,43.7,40.6,53.2,48.4,58.3,61.6,61.6,64.8,54.4,56.4,36.7,55.3,46,46.6,51.2,56.4,48.6,43,30.6,30.6,30.9,24.2,64.6,57.6,45.3,53.1,43036572
2019:Q3,GenX,27.6,30.5,30.5,30.1,26.4,23,15.6,11.5,11.5,13.2,24.2,23.8,27.7,23.6,30.9,42,36,26.5,33,23.8,38.7,38.8,41.8,34.5,16.8,23.4,32.4,26,34629081
2019:Q3,Millennial,7,12,11.2,16,5,8.1,2.9,1.9,1.9,1.4,1.1,1.1,1.1,1.8,8.6,10.6,6.5,6.6,5.5,12.8,25.1,25.2,22.2,36.5,14.4,2,9.4,4.4,34890876
2019:Q4,Silent,15.2,14.4,14.6,13.5,15.4,20.2,23.2,25.4,25.4,NA,20.4,18.7,34.7,19.3,14.6,0.7,6.3,10.5,13,20.5,5.5,5.5,5.2,4.8,4.2,17.4,13,16.5,16218762
2019:Q4,BabyBoom,50.4,43.5,44,40.7,53.2,48.7,58.3,61.3,61.3,NA,54.5,56.5,36.8,55.1,46.2,46.8,50.9,56.6,48.7,43,30.6,30.6,30.8,24.3,64.5,57.5,45.4,53.2,43257425
2019:Q4,GenX,27.5,30.2,30.3,29.9,26.4,22.8,15.7,11.4,11.4,NA,24.1,23.7,27.5,23.8,30.8,41.8,36.2,26.3,32.8,23.7,38.5,38.5,41.6,34.2,16.6,23.1,32.1,25.9,34476795
2019:Q4,Millennial,6.9,11.9,11.1,15.9,5,8.3,2.8,1.9,1.9,NA,1.1,1.1,1,1.9,8.5,10.7,6.6,6.7,5.5,12.8,25.4,25.4,22.4,36.7,14.6,2,9.5,4.3,35016248
2020:Q1,Silent,15.1,14.5,14.6,13.6,15.4,19.8,23,25.6,25.6,24.2,20.1,18.7,34.7,19.6,14.6,1.1,6.4,10.5,13,20.5,5.6,5.6,5.2,4.8,4.1,18.2,13.3,16.6,16254042
2020:Q1,BabyBoom,50.5,43.6,44.1,40.8,53.5,49,58.3,61.1,61,63.2,55,56.7,36.8,56.3,46.3,46.8,52.3,56.6,48.6,43.1,30.5,30.5,30.6,24.2,63.5,57.1,45.3,53.5,43313946
2020:Q1,GenX,27.2,30.2,30.3,29.9,25.9,22.7,16.5,11.5,11.4,12.6,23,22.6,27.5,22.3,30.7,41.6,35,26.3,32.8,23.6,38.5,38.5,41.6,34.4,16.7,22.8,33,25.5,34425270
2020:Q1,Millennial,7.1,11.7,10.9,15.7,5.2,8.4,2.2,1.9,2,0,1.9,2,0.9,1.8,8.4,10.4,6.3,6.6,5.6,12.8,25.4,25.5,22.6,36.7,15.7,1.9,8.4,4.4,34919850
2020:Q2,Silent,15,14.4,14.5,13.5,15.3,19,22.7,26.1,26.1,25.4,20,18.6,34.5,19.2,14.6,0.7,6.3,10.3,12.9,20.4,5.5,5.5,5.2,4.8,4.1,17.6,13.2,16.3,16110997
2020:Q2,BabyBoom,50.6,43.8,44.3,40.9,53.3,49.8,58.5,60.3,60.1,62.2,55.1,56.8,37,55.5,46.9,46.9,51.1,56.8,48.6,43.2,30.6,30.5,30.6,24.3,64.1,57.5,45.5,53.3,43313536
2020:Q2,GenX,27.5,30.4,30.5,30.1,26.3,22.7,16.9,11.7,11.6,12.4,23.1,22.6,27.6,23.5,31,41.9,36.2,26.3,33,23.8,38.8,38.8,41.8,34.7,16.7,23,32.8,26,34401725
2020:Q2,Millennial,6.9,11.4,10.6,15.4,5.1,8.5,1.9,2,2.1,0,1.8,1.9,0.9,1.8,7.5,10.5,6.5,6.6,5.6,12.6,25.1,25.2,22.4,36.2,15.1,1.9,8.5,4.4,34248891
2020:Q3,Silent,14.8,14.2,14.4,13.2,15,18.6,22.6,25.8,25.8,20.5,19.8,18.4,34.2,18.9,14.6,0.4,6.2,10.1,12.7,20.2,5.6,5.6,5.1,4.7,4.1,19.9,13,16,15866697
2020:Q3,BabyBoom,50.5,43.8,44.4,40.7,53.2,50,58.6,60.3,60.3,65.2,55.1,56.9,37.1,55.2,47.3,46.9,50.5,56.8,48.4,43.2,30.2,30.1,30.1,24.1,64.5,56,45.6,53.3,43210575
2020:Q3,GenX,27.8,30.6,30.7,30.5,26.7,22.8,16.7,11.7,11.7,13.1,23.4,23,27.8,24.1,31.3,42,36.7,26.4,33.2,24,38.8,38.8,41.9,34.7,16.7,22.2,32.8,26.3,34392927
2020:Q3,Millennial,6.9,11.3,10.6,15.6,5.1,8.7,2.1,2.1,2.1,1.1,1.7,1.7,0.9,1.8,6.8,10.7,6.6,6.6,5.8,12.7,25.4,25.5,22.9,36.5,14.7,1.8,8.7,4.4,34225696
2020:Q4,Silent,14.6,14,14.2,13,14.8,17.9,22.4,25.4,25.5,21,19.5,18.2,33.8,18.5,14.5,0.2,6,9.9,12.4,19.9,5.6,5.6,5,4.6,4,22.4,12.7,15.7,15604273
2020:Q4,BabyBoom,50.4,43.8,44.4,40.4,52.9,50.3,58.8,60.7,60.6,65.4,55.3,57,37.2,54.6,47.7,46.7,49.6,56.7,48.1,43.1,29.5,29.4,29.1,23.8,64.3,54.4,45.6,53.1,43071548
2020:Q4,GenX,28.1,30.8,30.8,30.7,27.1,22.8,16.6,11.8,11.8,13.2,23.3,22.8,28.1,24.9,31.7,42.1,37.4,26.6,33.4,24.1,38.7,38.7,41.9,34.5,16.7,21.5,32.4,26.8,34442447
2020:Q4,Millennial,6.9,11.5,10.6,15.9,5.1,9,2.3,2.1,2.2,0.3,1.9,2,0.9,1.9,6.2,11,6.9,6.8,6.1,12.9,26.2,26.3,24,37.1,15,1.8,9.3,4.4,34767742
2021:Q1,Silent,14.3,13.7,13.9,12.6,14.6,17.2,22,26.1,26.1,NA,19.3,17.9,33.5,18.2,14.2,0.3,5.9,9.8,12.2,19.5,5.6,5.6,4.8,4.4,3.9,23.7,12.6,15.4,15351959
2021:Q1,BabyBoom,50.2,43.5,44.1,40.1,52.8,50.5,58.9,59.3,59.3,NA,55.4,57.1,37.4,54.5,47.6,46.5,49.3,56.7,47.8,43.1,28.9,28.8,28.3,23.5,64.2,53.5,45.4,52.9,43073368
2021:Q1,GenX,28.3,31,31,30.8,27.3,22.8,16.8,12.1,12.1,NA,23.3,22.8,28,25.3,31.7,42,37.6,26.6,33.6,24.1,38.4,38.4,41.7,34.3,16.7,21,33.1,27.1,34476599
2021:Q1,Millennial,7.2,11.9,11,16.6,5.3,9.4,2.3,2.6,2.6,NA,2.1,2.1,1.1,2,6.5,11.2,7.1,7,6.4,13.3,27.1,27.2,25.1,37.9,15.2,1.8,8.8,4.7,35889779
2021:Q2,Silent,14,13.4,13.6,12,14.2,16.8,21.6,25.8,25.8,NA,18.9,17.6,33.1,17.8,14,0.2,5.8,9.5,11.9,19.1,5.5,5.5,4.7,4.3,3.9,23.9,12.3,15,14993696
2021:Q2,BabyBoom,49.9,43.1,43.7,39.4,52.6,50.6,59.1,59.3,59.3,NA,55.5,57.2,37.5,54.3,47.9,46.3,48.8,56.6,47.4,43,28.4,28.4,27.8,23.2,64.1,53.3,45.4,52.6,42955234
2021:Q2,GenX,28.7,31.4,31.4,31.3,27.7,22.9,16.9,12.2,12.2,NA,23.3,22.8,28.2,25.8,32,42,38.1,26.7,33.9,24.2,38.3,38.3,41.7,33.9,16.7,21,32.9,27.6,34584606
2021:Q2,Millennial,7.4,12.2,11.3,17.4,5.5,9.7,2.4,2.7,2.7,NA,2.2,2.3,1.3,2.1,6.2,11.5,7.4,7.2,6.8,13.7,27.8,27.8,25.9,38.6,15.3,1.8,9.4,4.9,36683814
2021:Q3,Silent,13.7,13,13.3,11.5,13.9,16.4,21.3,25.4,25.4,NA,18.5,17.2,32.6,17.5,13.7,0.2,5.6,9.3,11.5,18.7,5.4,5.4,4.6,4.2,3.7,24,12,14.7,14643761
2021:Q3,BabyBoom,49.8,42.9,43.6,39,52.5,50.6,59.3,59.5,59.5,NA,55.8,57.4,37.6,54.4,48,46.1,48.7,56.6,46.9,43,28.4,28.3,27.8,22.9,63.6,53.2,45.4,52.4,42879028
2021:Q3,GenX,29,31.7,31.7,31.6,27.9,23.1,16.9,12.3,12.3,NA,23.1,22.7,28.3,26,32.2,42,38.1,26.8,34.3,24.3,38.2,38.2,41.7,33.7,16.7,21,33,27.9,34680436
2021:Q3,Millennial,7.6,12.4,11.4,17.9,5.6,9.9,2.5,2.7,2.7,NA,2.6,2.7,1.5,2.1,6.2,11.7,7.5,7.3,7.3,14,28,28,25.9,39.2,16,1.8,9.7,5.1,37372810
2021:Q4,Silent,13.4,12.8,13.1,11.2,13.7,16,21,25.5,25.5,NA,18.3,17,32.3,17.2,13.5,0.2,5.5,9.1,11.3,18.4,5.3,5.3,4.5,4.1,3.5,23.8,11.8,14.4,14381470
2021:Q4,BabyBoom,49.6,42.7,43.5,38.5,52.3,50.7,59.4,59,59,NA,55.8,57.4,37.7,54.3,48,45.8,48.2,56.4,46.6,42.9,28.3,28.3,27.8,22.7,62,53.2,45.2,52.1,42705821
2021:Q4,GenX,29.2,31.8,31.8,31.8,28.2,23.1,17.2,12.6,12.6,NA,23.2,22.7,28.4,26.3,32.4,42.1,38.5,26.9,34.5,24.4,38.1,38.1,41.6,33.3,16.8,21.1,33.1,28.2,34786354
2021:Q4,Millennial,7.8,12.7,11.6,18.4,5.8,10.2,2.5,3,3,NA,2.7,2.8,1.7,2.2,6.2,12,7.8,7.5,7.6,14.3,28.3,28.3,26.1,39.9,17.7,1.9,9.9,5.3,38244917
2022:Q1,Silent,13,12.4,12.7,10.7,13.3,15.4,20.5,24.7,24.7,NA,17.6,16.5,31.5,16.8,13.1,0.4,5.4,8.9,10.9,17.8,5.1,5.1,4.3,4,3.4,23.1,11.5,14,13976014
2022:Q1,BabyBoom,49.5,42.5,43.2,38.3,52.5,50.8,59.7,59.7,59.7,NA,56.3,57.7,38,54.7,47.9,45.7,48.6,56.5,46.4,43,28.8,28.7,28.4,22.6,61.5,53.6,45.2,52,42834059
2022:Q1,GenX,29.5,32.3,32.3,32.1,28.2,23.3,17.3,12.6,12.6,NA,22.7,22.2,28.9,26.3,32.5,42,38.2,27,34.8,24.6,38.1,38.1,41.6,33.3,16.9,21.4,33.9,28.4,35010575
2022:Q1,Millennial,8.1,12.8,11.7,18.9,6,10.4,2.6,3,3,NA,3.4,3.5,1.6,2.2,6.6,11.9,7.8,7.6,7.9,14.6,28,28.1,25.6,40.2,18.2,1.9,9.4,5.6,38948092
2022:Q2,Silent,12.6,12,12.3,10.5,12.9,15.1,19.9,23.8,23.8,NA,17.2,16.1,30.8,16.5,12.6,0.7,5.3,8.6,10.5,17.4,4.8,4.8,4.2,3.9,3.2,21.2,11.1,13.6,13570358
2022:Q2,BabyBoom,49.5,42.6,43.4,38.2,52.8,50.9,60,60.5,60.5,NA,56.4,57.9,38.4,55.6,47.7,45.6,49.7,56.5,46.2,43.1,28.6,28.5,28.3,22.4,60.8,54.7,45.3,52.1,42863865
2022:Q2,GenX,29.5,32.6,32.6,32.3,28.1,23.4,17.5,12.7,12.7,NA,23.3,22.8,29.4,25.7,32.5,42,37.5,27.2,35.1,24.8,38.1,38.2,41.7,33,16.9,22,33.7,28.4,35177715
2022:Q2,Millennial,8.4,12.7,11.7,19,6.3,10.6,2.6,2.9,2.9,NA,3.1,3.2,1.5,2.2,7.2,11.8,7.6,7.7,8.2,14.8,28.5,28.5,25.8,40.7,19,2,9.9,5.8,39488363
2022:Q3,Silent,12.2,11.6,11.9,10,12.4,14.7,19.3,22.4,22.4,NA,16.7,15.6,29.9,16,12.2,0.8,5.1,8.3,10.1,16.8,4.6,4.6,4,3.7,3.1,20.3,10.7,13.2,13067080
2022:Q3,BabyBoom,49.8,42.9,43.7,38.2,53.1,51.1,60.4,62.4,62.4,NA,56.6,58.2,38.9,56.2,47.8,45.5,50.1,56.6,46.2,43.2,28.2,28.2,27.9,22.2,60.5,55.3,45.4,52.7,42951075
2022:Q3,GenX,29.6,32.6,32.6,32.6,28.1,23.6,17.8,12.6,12.6,NA,24,23.5,29.9,25.6,32.7,41.9,37.3,27.3,35.3,25,38.2,38.2,41.8,32.9,17,22.3,33.9,28.4,35345014
2022:Q3,Millennial,8.5,12.9,11.8,19.2,6.4,10.7,2.5,2.7,2.7,NA,2.7,2.8,1.4,2.2,7.3,11.7,7.6,7.8,8.4,15,29,29,26.3,41.2,19.4,2.1,10,5.8,39860876
2022:Q4,Silent,11.9,11.3,11.6,9.8,12.2,14.5,18.8,21.1,21.1,NA,16.5,15.2,29.3,15.6,11.9,0.8,4.9,8,9.9,16.4,4.3,4.3,3.9,3.6,2.9,17.9,10.3,12.9,12749028
2022:Q4,BabyBoom,50.1,42.9,43.8,38.2,53.4,51.1,60.7,64.2,64.2,NA,56.7,58.4,39.2,56.2,48.2,45.5,49.7,56.7,46.4,43.3,27.9,27.8,27.6,22,59.7,56.8,45.5,53,43001734
2022:Q4,GenX,29.5,32.6,32.6,32.5,28.1,23.7,18.1,12.4,12.4,NA,24.5,23.9,30.1,25.9,32.8,41.8,37.6,27.3,35.3,25.1,38.1,38.1,41.6,32.5,16.9,23.1,32.8,28.4,35307125
2022:Q4,Millennial,8.5,13.2,12,19.5,6.3,10.8,2.3,2.4,2.4,NA,2.4,2.5,1.4,2.3,7.1,11.9,7.8,7.9,8.4,15.3,29.7,29.8,26.9,41.9,20.4,2.2,11.4,5.7,40472870
2023:Q1,Silent,11.8,11.1,11.4,9.6,12.1,14.4,18.4,19.9,19.9,NA,16.3,15,28.9,15.3,11.8,0.6,4.8,7.9,9.7,16.1,4.2,4.2,3.8,3.5,3,17.3,10.2,12.8,12528324
2023:Q1,BabyBoom,50.2,42.9,43.8,38,53.4,50.9,60.8,66,66,NA,56.7,58.4,39.3,56,48.4,45.3,49.2,56.6,46.3,43.2,27.2,27.1,26.7,21.7,60.4,57.1,45.4,53.2,42871126
2023:Q1,GenX,29.5,32.5,32.5,32.6,28.2,23.8,18.7,12.1,12.1,NA,24.8,24.3,30.4,26.3,33.1,41.9,37.9,27.4,35.3,25.1,38,38,41.5,32.3,16.9,23.4,33.3,28.4,35340640
2023:Q1,Millennial,8.5,13.4,12.2,19.8,6.3,10.9,2,2,2,NA,2.2,2.3,1.3,2.3,6.8,12.2,8,8.1,8.6,15.6,30.7,30.7,28.1,42.4,19.7,2.2,11.1,5.6,41223691
