Date,Category,Net worth,Assets,Real estate,Consumer durables,Corporate equities and mutual fund shares,DB pension entitlements,DC pension entitlements,Private businesses,Other assets,Liabilities,Home mortgages,Consumer credit,Other liabilities,share
1989:Q3,White,90.3,89.2,87,86.7,96.2,85.5,90.4,88.3,93,82,82.6,79.1,86.7,90.41236029084905
1989:Q3,Black,4,4.2,4.9,5.8,0.8,8.7,5.3,1.3,2.6,5.9,4.7,10,1.1,5.264494824410999
1989:Q3,Hispanic,2.1,2.7,3.8,3.5,0.7,2.9,2.2,1.9,2.1,6.4,6.4,5.9,9.1,2.201411379945386
1989:Q3,Other,3.6,3.9,4.3,3.9,2.3,2.8,2.1,8.5,2.3,5.8,6.2,5,3.1,2.1217335047945642
1989:Q4,White,90.1,88.9,86.7,86.2,96.1,85.3,89.9,87.9,92.8,81.7,82.3,79,86.2,89.94759940113602
1989:Q4,Black,4,4.3,4.9,6,0.9,8.8,5.5,1.4,2.6,6,4.9,9.9,1.4,5.483967435818314
1989:Q4,Hispanic,2.2,2.8,4,3.6,0.7,3,2.2,2.1,2.1,6.5,6.5,6.1,8.7,2.2420256231499787
1989:Q4,Other,3.7,4,4.4,4.1,2.4,2.9,2.3,8.6,2.5,5.8,6.2,5,3.7,2.326407539895694
1990:Q1,White,89.9,88.7,86.6,86,95.9,85.2,89.7,87.6,92.6,81.6,82.2,78.9,86.3,89.67209977383266
1990:Q1,Black,4.1,4.4,4.9,6,0.9,8.9,5.6,1.6,2.6,6,5,9.8,1.7,5.560002224905936
1990:Q1,Hispanic,2.2,2.8,4,3.7,0.7,3,2.3,2.2,2,6.6,6.6,6.3,8,2.2678013686942533
1990:Q1,Other,3.8,4.1,4.5,4.2,2.4,2.9,2.5,8.7,2.7,5.8,6.2,5,4,2.5000966325671548
1990:Q2,White,89.6,88.5,86.4,85.6,95.8,85,89.3,87.2,92.5,81.6,82.1,78.9,86.1,89.2695511328865
1990:Q2,Black,4.2,4.4,4.9,6.2,0.9,9,5.7,1.7,2.6,6.1,5.1,9.8,2,5.732959063641728
1990:Q2,Hispanic,2.3,2.9,4.1,3.8,0.7,3,2.3,2.4,2,6.6,6.6,6.4,7.5,2.297471114417323
1990:Q2,Other,3.9,4.2,4.5,4.4,2.5,3,2.7,8.7,2.9,5.8,6.2,4.9,4.5,2.7000186890544438
1990:Q3,White,89.4,88.3,86.5,85.6,95.6,84.9,89.2,86.9,92.3,81.5,82.1,78.9,85.4,89.19577224253547
1990:Q3,Black,4.2,4.5,4.9,6.1,1,9.1,5.7,1.9,2.6,6.2,5.2,9.8,2.2,5.691984310925549
1990:Q3,Hispanic,2.3,2.9,4,3.8,0.8,3,2.3,2.5,2,6.5,6.5,6.4,7.1,2.2836360796650963
1990:Q3,Other,4.1,4.3,4.6,4.5,2.6,3,2.8,8.7,3.1,5.8,6.2,4.9,5.2,2.82860736687389
1990:Q4,White,89.4,88.3,86.5,85.5,95.5,84.8,88.8,86.7,92.2,81.4,81.9,79,85.6,88.82169678871482
1990:Q4,Black,4.2,4.5,4.9,6.1,1,9.2,5.9,2,2.6,6.3,5.4,9.7,2.6,5.916430815858089
1990:Q4,Hispanic,2.2,2.8,3.9,3.8,0.8,2.9,2.3,2.6,1.9,6.5,6.5,6.5,6.3,2.27334923004925
1990:Q4,Other,4.1,4.4,4.7,4.6,2.7,3,3,8.7,3.3,5.8,6.1,4.8,5.5,2.988523165377844
1991:Q1,White,89.4,88.3,86.5,85.2,95.5,84.8,88.5,86.5,92.1,81.4,81.8,79,85.7,88.4579319606543
1991:Q1,Black,4.2,4.5,4.9,6.2,1.1,9.3,6.2,2.2,2.5,6.4,5.6,9.7,2.9,6.1728164789307955
1991:Q1,Hispanic,2.2,2.8,4,3.8,0.7,2.9,2.2,2.8,1.9,6.5,6.5,6.6,5.6,2.246471792141376
1991:Q1,Other,4.2,4.4,4.7,4.7,2.8,3,3.1,8.6,3.4,5.7,6.1,4.7,5.9,3.1227797682735137
1991:Q2,White,89.3,88.2,86.5,85.1,95.4,84.7,88.2,86.3,92,81.5,81.9,79.2,85.6,88.2379374216109
1991:Q2,Black,4.3,4.6,4.9,6.3,1.1,9.4,6.3,2.3,2.5,6.5,5.7,9.7,3.1,6.302110587824873
1991:Q2,Hispanic,2.2,2.8,3.9,3.8,0.7,2.8,2.2,2.9,1.8,6.4,6.4,6.6,5,2.215078949772827
1991:Q2,Other,4.2,4.4,4.7,4.8,2.8,3,3.2,8.6,3.6,5.7,6,4.5,6.3,3.244873040791408
1991:Q3,White,89.2,88.2,86.7,85.2,95.3,84.7,88,86.1,91.9,81.9,82.4,79.4,86.3,87.96204786715154
1991:Q3,Black,4.3,4.6,4.9,6.2,1.1,9.5,6.5,2.5,2.5,6.4,5.6,9.7,3.4,6.509049853353675
1991:Q3,Hispanic,2.1,2.7,3.7,3.8,0.7,2.8,2.2,2.9,1.8,6.1,6.1,6.5,4.1,2.176186683810054
1991:Q3,Other,4.3,4.5,4.7,4.8,2.9,3,3.4,8.5,3.8,5.6,5.9,4.4,6.2,3.3527155956847277
1991:Q4,White,89.2,88.3,86.7,85.2,95.3,84.7,87.7,86,91.8,82.2,82.7,79.7,87,87.67453668443767
1991:Q4,Black,4.4,4.7,4.9,6.2,1.1,9.6,6.7,2.6,2.6,6.4,5.6,9.7,3.6,6.745030388117589
1991:Q4,Hispanic,2.1,2.6,3.7,3.7,0.6,2.7,2.1,3,1.7,5.9,5.9,6.4,3.4,2.133744421708158
1991:Q4,Other,4.3,4.5,4.7,4.9,2.9,3,3.4,8.4,4,5.4,5.8,4.3,6,3.4466885057365797
1992:Q1,White,89,88.2,86.7,85,95.3,84.7,87.6,85.8,91.8,82.8,83.4,80.1,86.8,87.59299539451379
1992:Q1,Black,4.5,4.7,4.9,6.4,1.2,9.7,6.8,2.8,2.5,6.3,5.4,9.6,3.9,6.805682004319786
1992:Q1,Hispanic,2.1,2.6,3.7,3.6,0.6,2.6,2.1,3.1,1.6,5.6,5.6,6.2,2.8,2.075782913608088
1992:Q1,Other,4.4,4.5,4.7,5,3,3,3.5,8.3,4.1,5.3,5.6,4.1,6.5,3.52553968755833
1992:Q2,White,88.8,88.1,86.8,84.9,95.2,84.3,87.4,85.7,91.7,83.4,83.9,80.5,87.2,87.43428896293322
1992:Q2,Black,4.6,4.8,4.9,6.5,1.2,9.8,6.9,3,2.5,6.2,5.3,9.6,4.1,6.942950211066163
1992:Q2,Hispanic,2.1,2.6,3.6,3.5,0.6,2.7,2,3.2,1.5,5.3,5.3,6,2.2,2.0219526716395415
1992:Q2,Other,4.4,4.5,4.6,5,3,3.2,3.6,8.1,4.3,5.2,5.5,3.9,6.5,3.600808154361064
1992:Q3,White,88.8,88.1,87,85.1,95.2,84,87.2,85.6,91.6,83.6,84.1,80.7,87.2,87.24450102553222
1992:Q3,Black,4.7,4.9,4.9,6.4,1.2,9.9,7.1,3.2,2.5,6.3,5.4,9.6,4.3,7.132609037674055
1992:Q3,Hispanic,2.1,2.5,3.4,3.5,0.6,2.7,2,3.2,1.4,5.1,5.1,5.9,1.7,1.9648937444699925
1992:Q3,Other,4.5,4.6,4.7,5,3,3.4,3.7,8,4.4,5.1,5.3,3.8,6.7,3.6579961923237363
1992:Q4,White,88.9,88.2,87.1,85.4,95.3,83.8,87,86.4,91.5,83.7,84.3,80.7,87.9,87.0343326190117
1992:Q4,Black,4.6,4.8,4.9,6.3,1.2,9.8,7,3.1,2.6,6.3,5.5,9.6,4.2,6.969883801673918
1992:Q4,Hispanic,2,2.4,3.4,3.5,0.5,2.7,2.2,3,1.5,5,5,5.7,1.6,2.229781720641624
1992:Q4,Other,4.5,4.6,4.6,4.9,3,3.8,3.8,7.6,4.5,5.1,5.3,3.9,6.3,3.7660018586727517
1993:Q1,White,88.9,88.2,87.1,85.1,95.3,83.5,86.9,87.1,91.5,84,84.5,80.8,88.9,86.85933794469679
1993:Q1,Black,4.6,4.8,5,6.6,1.2,9.7,6.9,3,2.6,6.2,5.4,9.6,4,6.868911617891101
1993:Q1,Hispanic,2.1,2.4,3.4,3.3,0.5,2.7,2.4,2.8,1.5,4.8,4.8,5.6,1.6,2.4347892963151305
1993:Q1,Other,4.5,4.5,4.4,5,3,4.1,3.8,7.2,4.5,5,5.2,3.9,5.6,3.8369611410969813
1993:Q2,White,89,88.3,87.2,85.4,95.3,83.3,86.8,87.9,91.4,84,84.6,80.9,89.5,86.79727944958348
1993:Q2,Black,4.5,4.8,5,6.4,1.2,9.6,6.7,2.8,2.6,6.3,5.5,9.6,3.8,6.692499748001459
1993:Q2,Hispanic,2,2.4,3.3,3.3,0.5,2.8,2.6,2.5,1.5,4.7,4.7,5.5,1.5,2.605018777122151
1993:Q2,Other,4.4,4.5,4.4,4.9,3,4.3,3.9,6.8,4.4,4.9,5.2,4,5.2,3.9052020252929
1993:Q3,White,89.1,88.4,87.4,85.8,95.3,83.1,86.7,88.6,91.4,84.1,84.5,80.9,90.4,86.74125478155041
1993:Q3,Black,4.5,4.7,5,6.2,1.1,9.5,6.6,2.7,2.6,6.4,5.7,9.6,3.6,6.554020323194286
1993:Q3,Hispanic,2,2.4,3.2,3.3,0.5,2.8,2.7,2.3,1.5,4.7,4.7,5.5,1.4,2.7424348622393597
1993:Q3,Other,4.4,4.5,4.4,4.8,3,4.6,4,6.4,4.4,4.9,5.1,4.1,4.5,3.962290033015952
1993:Q4,White,89.3,88.6,87.5,85.9,95.4,82.9,86.8,89.3,91.5,84.2,84.6,80.9,91.2,86.76648382918899
1993:Q4,Black,4.4,4.7,5.1,6.1,1.1,9.4,6.4,2.6,2.6,6.5,5.7,9.6,3.5,6.365574461408782
1993:Q4,Hispanic,2,2.3,3.2,3.2,0.5,2.8,2.9,2.1,1.5,4.5,4.5,5.3,1.4,2.8574329125917903
1993:Q4,Other,4.4,4.4,4.3,4.7,3,4.9,4,6,4.4,4.8,5.1,4.2,4,4.010508796810445
1994:Q1,White,89.3,88.6,87.5,85.9,95.3,82.8,86.8,90,91.5,84.3,84.7,81,91.7,86.83649200904466
1994:Q1,Black,4.4,4.7,5.1,6.3,1.1,9.4,6.1,2.4,2.6,6.5,5.8,9.6,3.3,6.14010682266632
1994:Q1,Hispanic,2,2.3,3.2,3.1,0.5,2.8,3,2,1.5,4.5,4.5,5.2,1.3,2.9619067492059075
1994:Q1,Other,4.4,4.4,4.2,4.7,3.1,5.1,4.1,5.6,4.4,4.8,5,4.2,3.6,4.061494419083111
1994:Q2,White,89.3,88.6,87.6,86.1,95.3,82.6,86.9,90.7,91.5,84.4,84.8,81.1,92.2,86.89345100260753
1994:Q2,Black,4.4,4.7,5.1,6.2,1.1,9.3,6,2.3,2.6,6.5,5.9,9.6,3.3,5.970780485149469
1994:Q2,Hispanic,2,2.3,3.2,3.1,0.5,2.8,3,1.8,1.5,4.3,4.3,5.1,1.3,3.0427273939980535
1994:Q2,Other,4.4,4.4,4.1,4.6,3.1,5.3,4.1,5.3,4.4,4.7,5,4.3,3.3,4.093041118244939
1994:Q3,White,89.4,88.7,87.7,86.4,95.3,82.5,86.9,91.3,91.4,84.5,84.9,81.1,92.6,86.90622601341077
1994:Q3,Black,4.3,4.6,5.1,6,1.1,9.2,5.9,2.1,2.6,6.6,5.9,9.6,3.1,5.8676012686642816
1994:Q3,Hispanic,1.9,2.2,3.1,3.1,0.5,2.8,3.1,1.6,1.5,4.3,4.2,5,1.2,3.1068951034772407
1994:Q3,Other,4.4,4.4,4.1,4.5,3.1,5.5,4.1,4.9,4.4,4.7,5,4.4,3.1,4.119277614447711
1994:Q4,White,89.5,88.8,87.8,86.6,95.3,82.4,87,92,91.5,84.6,85,81.2,93.1,87.03429885164783
1994:Q4,Black,4.2,4.5,5.1,5.9,1.1,9.1,5.6,2,2.5,6.6,5.9,9.5,3.1,5.5751097003080945
1994:Q4,Hispanic,1.9,2.2,3,3,0.5,2.8,3.2,1.5,1.5,4.2,4.2,4.8,1.2,3.207216879843152
1994:Q4,Other,4.4,4.4,4.1,4.5,3.1,5.8,4.2,4.6,4.4,4.7,4.9,4.5,2.6,4.1833745682009145
1995:Q1,White,89.6,88.9,87.9,86.7,95.4,82.2,87,92.6,91.4,84.6,85.1,81.2,93.4,86.99440909106136
1995:Q1,Black,4.1,4.5,5.1,5.9,1.1,9,5.5,1.8,2.6,6.6,5.9,9.5,3,5.539153670157589
1995:Q1,Hispanic,1.9,2.2,3,3,0.5,2.8,3.3,1.3,1.6,4.1,4.1,4.8,1.2,3.2602469290199103
1995:Q1,Other,4.3,4.4,4,4.4,3.1,6,4.2,4.3,4.5,4.7,4.9,4.5,2.4,4.206190309761144
1995:Q2,White,89.9,89.1,88,87,95.4,82.7,86.9,93.1,91.2,84.5,85,81.2,93.6,86.91263103906127
1995:Q2,Black,4,4.4,5.1,5.6,1,8.9,5.5,1.7,2.6,6.6,6,9.4,3,5.523945868877587
1995:Q2,Hispanic,1.8,2.2,2.9,3,0.5,2.7,3.3,1.2,1.6,4.1,4.1,4.8,1.2,3.319096990875
1995:Q2,Other,4.3,4.3,4,4.4,3.1,5.7,4.2,4,4.5,4.7,4.9,4.6,2.2,4.244326101186148
1995:Q3,White,90.1,89.3,88.1,87.2,95.4,83.1,86.8,93.7,91.2,84.5,84.9,81.2,94,86.81589660677733
1995:Q3,Black,3.9,4.3,5,5.4,1,8.8,5.5,1.5,2.6,6.6,6,9.4,3,5.525353655728704
1995:Q3,Hispanic,1.8,2.1,2.9,3.1,0.4,2.6,3.4,1.1,1.6,4.1,4.1,4.8,1.2,3.3826465163234483
1995:Q3,Other,4.2,4.3,4.1,4.4,3.1,5.5,4.3,3.7,4.6,4.7,4.9,4.7,1.9,4.276103221170511
1995:Q4,White,90.4,89.5,88.2,87.3,95.4,83.7,87,93.5,91.4,84.5,84.9,81.5,93,86.98203039362112
1995:Q4,Black,3.8,4.2,4.9,5.3,1.1,8.6,5.5,1.5,2.6,6.7,6.1,9.1,3.1,5.484087589961252
1995:Q4,Hispanic,1.8,2.1,2.8,3.1,0.5,2.6,3.3,1.2,1.7,4.1,4.1,4.7,1.3,3.2792912472857623
1995:Q4,Other,4,4.1,4.1,4.3,3,5.1,4.3,3.8,4.3,4.7,4.9,4.7,2.6,4.254590769131878
1996:Q1,White,90.5,89.6,88.2,87.4,95.4,84.2,87.1,93.3,91.6,84.6,84.8,81.8,93.3,87.10999686677499
1996:Q1,Black,3.8,4.2,4.9,5.3,1.2,8.4,5.4,1.6,2.7,6.6,6.2,8.8,2.5,5.433444334992956
1996:Q1,Hispanic,1.8,2.1,2.9,3.1,0.6,2.6,3.2,1.2,1.7,4.1,4,4.8,1.4,3.1988019524642324
1996:Q1,Other,3.9,4,4.1,4.2,2.9,4.8,4.3,3.9,4,4.7,4.9,4.6,2.8,4.257756845767821
1996:Q2,White,90.6,89.8,88.2,87.5,95.3,84.7,87.2,93.2,91.7,84.6,84.8,82.1,92.5,87.2407979305158
1996:Q2,Black,3.7,4.1,4.8,5.2,1.3,8.1,5.3,1.6,2.7,6.5,6.2,8.5,2.5,5.318159319795733
1996:Q2,Hispanic,1.8,2.2,2.9,3.1,0.6,2.6,3.1,1.3,1.8,4.1,4,4.8,1.6,3.1478915339032314
1996:Q2,Other,3.8,3.9,4.1,4.2,2.8,4.5,4.3,4,3.8,4.8,5,4.5,3.4,4.293151215785235
1996:Q3,White,90.7,89.8,88.2,87.6,95.3,85.2,87.3,93,91.6,84.7,84.9,82.4,91.9,87.33502822662966
1996:Q3,Black,3.7,4.1,4.7,5.1,1.3,7.9,5.2,1.6,2.8,6.5,6.2,8.3,2.4,5.23013514920109
1996:Q3,Hispanic,1.9,2.2,2.9,3.1,0.7,2.7,3.1,1.3,1.9,4.1,4,4.9,1.7,3.1003056079346383
1996:Q3,Other,3.7,3.9,4.2,4.1,2.7,4.2,4.3,4.1,3.7,4.8,5,4.5,4,4.334531016234612
1996:Q4,White,90.7,89.9,88.1,87.5,95.2,85.7,87.3,92.7,91.7,84.7,84.8,82.6,91.8,87.31098896667386
1996:Q4,Black,3.7,4.1,4.7,5.2,1.4,7.7,5.4,1.6,2.8,6.4,6.2,8,2,5.391566878652537
1996:Q4,Hispanic,2,2.3,3,3.2,0.7,2.7,3,1.4,1.9,4.1,4,4.9,1.8,2.9963635214681945
1996:Q4,Other,3.6,3.8,4.2,4.1,2.7,3.9,4.3,4.2,3.6,4.9,5,4.5,4.5,4.30108063320541
1997:Q1,White,90.7,89.8,88,87.5,95.2,86.1,87.4,92.4,91.5,84.7,84.8,82.8,91,87.41349427498373
1997:Q1,Black,3.7,4.1,4.6,5.2,1.4,7.5,5.2,1.6,2.9,6.3,6.1,7.7,2,5.221167024763488
1997:Q1,Hispanic,2,2.3,3.1,3.2,0.8,2.8,3,1.5,2,4.1,4,5,2,2.9776018474334474
1997:Q1,Other,3.6,3.8,4.2,4.1,2.6,3.6,4.4,4.4,3.5,4.9,5.1,4.4,5,4.387736852819322
1997:Q2,White,90.8,90,88,87.6,95.2,86.6,87.2,92.2,91.6,84.7,84.8,83,90.6,87.22565651521779
1997:Q2,Black,3.6,4,4.6,5,1.4,7.3,5.5,1.6,3,6.2,6.1,7.5,1.9,5.4970255247334805
1997:Q2,Hispanic,2.1,2.4,3.2,3.3,0.8,2.8,2.9,1.6,2.1,4.1,4,5.1,2.2,2.888085016116043
1997:Q2,Other,3.5,3.7,4.3,4.1,2.6,3.3,4.4,4.5,3.3,5,5.1,4.4,5.3,4.38923294393269
1997:Q3,White,90.9,90.1,87.9,87.7,95.2,87,87.1,91.9,91.6,84.7,84.7,83.1,90.9,87.11443746542265
1997:Q3,Black,3.6,3.9,4.5,4.9,1.4,7.1,5.7,1.7,3,6.1,6.1,7.3,1.5,5.652552162513765
1997:Q3,Hispanic,2.1,2.4,3.2,3.4,0.9,2.9,2.8,1.7,2.2,4.2,4,5.2,2.1,2.8217212447036886
1997:Q3,Other,3.4,3.6,4.4,4,2.5,3,4.4,4.7,3.1,5,5.2,4.4,5.5,4.411289127359887
1997:Q4,White,90.9,90.1,87.7,87.5,95.1,87.4,87.2,91.6,91.7,84.8,84.9,83.3,90,87.22760256631204
1997:Q4,Black,3.6,3.9,4.5,5,1.5,6.9,5.5,1.7,3,6,6,7.1,1.5,5.476776949709195
1997:Q4,Hispanic,2.2,2.5,3.4,3.4,0.9,2.9,2.8,1.9,2.3,4.2,3.9,5.3,2.4,2.7962727105865275
1997:Q4,Other,3.3,3.6,4.4,4,2.5,2.7,4.5,4.8,3,5,5.2,4.4,6,4.499347773392238
1998:Q1,White,91,90.2,87.7,87.6,95.2,87.8,87.1,91.4,91.8,84.9,85,83.5,89.6,87.06108685968532
1998:Q1,Black,3.5,3.8,4.5,5,1.4,6.8,5.7,1.7,3,5.9,5.9,6.8,1.4,5.7273339532450835
1998:Q1,Hispanic,2.2,2.5,3.4,3.5,0.9,3,2.7,2,2.4,4.2,3.9,5.4,2.6,2.718260416401615
1998:Q1,Other,3.2,3.5,4.4,4,2.5,2.4,4.5,4.9,2.8,5.1,5.2,4.3,6.4,4.493318770667975
1998:Q2,White,91,90.2,87.5,87.6,95.1,87.8,87.1,91.2,92.1,84.8,84.9,83.6,89.4,87.12513550469829
1998:Q2,Black,3.5,3.8,4.5,4.9,1.5,6.6,5.6,1.7,3,5.9,6,6.7,1.3,5.629545675231253
1998:Q2,Hispanic,2.3,2.6,3.5,3.5,1,3.1,2.7,2,2.4,4.2,3.9,5.4,2.6,2.679339771763129
1998:Q2,Other,3.2,3.5,4.4,3.9,2.4,2.5,4.6,5,2.5,5.1,5.2,4.3,6.7,4.565979048307326
1998:Q3,White,91,90.1,87.5,87.9,95,87.8,87.5,91,92.2,84.8,84.8,83.7,88.8,87.48962917261761
1998:Q3,Black,3.4,3.8,4.4,4.7,1.6,6.5,5.1,1.7,3,5.8,6,6.6,1.1,5.129954903518072
1998:Q3,Hispanic,2.4,2.7,3.5,3.6,1.1,3.2,2.7,2.1,2.4,4.2,3.9,5.5,2.8,2.653363829417359
1998:Q3,Other,3.2,3.5,4.5,3.8,2.4,2.5,4.7,5.1,2.4,5.1,5.2,4.3,7.3,4.727052094446963
1998:Q4,White,91.1,90.2,87.6,87.6,95.2,87.6,87.1,91.2,92.1,84.6,84.8,83.2,89.1,87.14252911984232
1998:Q4,Black,3.4,3.8,4.4,5,1.4,6.5,5.6,1.7,3,6,6.1,6.9,1.3,5.642671833686352
1998:Q4,Hispanic,2.3,2.6,3.5,3.6,1,3.3,2.7,2,2.4,4.3,4,5.6,2.8,2.718084498121971
1998:Q4,Other,3.2,3.4,4.4,3.8,2.4,2.5,4.5,5.1,2.5,5.1,5.2,4.3,6.8,4.496714548349357
1999:Q1,White,91.2,90.3,87.8,87.7,95.2,87.5,87.1,91.5,92.3,84.5,84.7,82.7,89.7,87.12154222016731
1999:Q1,Black,3.4,3.7,4.4,5,1.4,6.6,5.7,1.6,2.9,6.1,6.1,7.2,1.5,5.689997038924973
1999:Q1,Hispanic,2.3,2.6,3.4,3.6,1,3.3,2.8,1.9,2.3,4.4,4.1,5.6,2.5,2.8045610613013525
1999:Q1,Other,3.2,3.4,4.4,3.7,2.4,2.6,4.4,5,2.4,5,5.1,4.4,6.2,4.383899679606357
1999:Q2,White,91.3,90.3,87.9,87.5,95.3,87.3,87,91.7,92.3,84.4,84.6,82.3,90.6,87.02992181213702
1999:Q2,Black,3.3,3.7,4.3,5.2,1.3,6.6,5.8,1.5,3,6.3,6.3,7.6,1.7,5.837150335929225
1999:Q2,Hispanic,2.2,2.5,3.4,3.6,0.9,3.4,2.9,1.9,2.3,4.5,4.2,5.7,2.3,2.8739872981843844
1999:Q2,Other,3.2,3.4,4.4,3.6,2.4,2.6,4.3,4.9,2.4,4.8,5,4.4,5.3,4.258940553749383
1999:Q3,White,91.3,90.3,88.1,87.6,95.4,87.2,87.2,91.8,92.4,84.3,84.5,81.8,91.3,87.18301790573315
1999:Q3,Black,3.3,3.7,4.3,5.3,1.3,6.7,5.7,1.5,3,6.4,6.3,8,1.8,5.660775752979459
1999:Q3,Hispanic,2.2,2.5,3.3,3.6,1,3.4,3,1.8,2.2,4.5,4.3,5.7,2.1,2.967212479755172
1999:Q3,Other,3.2,3.4,4.3,3.5,2.4,2.7,4.2,4.9,2.4,4.8,4.8,4.5,4.8,4.18899386153222
1999:Q4,White,91.4,90.5,88.2,87.5,95.5,87,86.9,91.9,92.2,84.5,84.7,81.5,92.4,86.91763722693013
1999:Q4,Black,3.3,3.7,4.3,5.5,1.1,6.8,6,1.4,3.1,6.5,6.3,8.3,2,6.022361921389942
1999:Q4,Hispanic,2.1,2.5,3.3,3.6,0.9,3.5,3,1.8,2.1,4.4,4.3,5.6,1.8,3.005684963590683
1999:Q4,Other,3.2,3.4,4.3,3.4,2.5,2.7,4.1,4.8,2.6,4.6,4.7,4.5,3.8,4.054315888089256
2000:Q1,White,91.4,90.5,88.3,87.4,95.6,86.8,86.8,92.2,92.2,84.7,85,81.2,93.1,86.83310292065717
2000:Q1,Black,3.3,3.7,4.3,5.6,1.1,6.9,6.2,1.4,3.1,6.5,6.2,8.7,2.2,6.15149216275992
2000:Q1,Hispanic,2.1,2.4,3.2,3.6,0.8,3.5,3.1,1.7,2.1,4.4,4.2,5.6,1.7,3.057954885326371
2000:Q1,Other,3.2,3.3,4.2,3.3,2.5,2.7,4,4.7,2.6,4.5,4.6,4.5,3,3.9574500312565384
2000:Q2,White,91.4,90.4,88.3,87.3,95.6,86.7,86.9,92.3,92.3,84.5,85,80.7,93.4,86.891831108739
2000:Q2,Black,3.3,3.8,4.3,5.8,1.1,7,6.1,1.4,3.1,6.7,6.2,9.1,2.3,6.085800992979711
2000:Q2,Hispanic,2.1,2.4,3.2,3.6,0.9,3.5,3.1,1.6,2,4.4,4.3,5.6,1.5,3.132716646870649
2000:Q2,Other,3.2,3.3,4.2,3.2,2.5,2.8,3.9,4.7,2.6,4.4,4.5,4.6,2.8,3.8896512514106445
2000:Q3,White,91.4,90.4,88.4,87.4,95.7,86.5,86.9,92.3,92.4,84.4,85,80.3,93.9,86.85782090233958
2000:Q3,Black,3.3,3.8,4.3,5.8,1,7.1,6.1,1.3,3.1,6.8,6.3,9.5,2.4,6.12525538167181
2000:Q3,Hispanic,2.1,2.4,3.1,3.7,0.8,3.6,3.2,1.6,1.9,4.4,4.3,5.5,1.3,3.1962623400757777
2000:Q3,Other,3.2,3.3,4.2,3.1,2.4,2.8,3.8,4.7,2.5,4.3,4.4,4.7,2.4,3.8206613759128296
2000:Q4,White,91.4,90.3,88.4,87.2,95.6,86.3,87,92.4,92.7,84.1,84.9,79.8,93.8,86.98880106831544
2000:Q4,Black,3.4,3.9,4.4,6.1,1,7.2,5.9,1.3,3,7.1,6.4,9.9,2.6,5.942075932599027
2000:Q4,Hispanic,2.1,2.5,3.1,3.7,0.9,3.6,3.3,1.6,1.8,4.5,4.4,5.5,1.1,3.292749028664089
2000:Q4,Other,3.1,3.3,4.1,3.1,2.4,2.8,3.8,4.7,2.5,4.3,4.3,4.7,2.5,3.776373970421445
2001:Q1,White,91.2,90.2,88.2,87,95.6,86.1,87.2,92.5,92.8,83.9,84.8,79.3,94.2,87.19801819864949
2001:Q1,Black,3.4,4,4.5,6.3,1,7.4,5.6,1.3,3,7.3,6.5,10.4,2.6,5.614863279203469
2001:Q1,Hispanic,2.2,2.5,3.2,3.7,0.9,3.6,3.4,1.6,1.7,4.5,4.5,5.5,0.8,3.429443501659632
2001:Q1,Other,3.2,3.3,4.1,3,2.4,2.9,3.8,4.6,2.5,4.3,4.2,4.8,2.4,3.757675020487408
2001:Q2,White,91.3,90.2,88.2,87,95.7,85.9,87,92.6,92.8,83.5,84.4,78.8,94.8,87.03113893274242
2001:Q2,Black,3.4,4,4.5,6.4,1,7.5,5.8,1.2,3.1,7.6,6.8,10.8,2.8,5.7834410698762735
2001:Q2,Hispanic,2.1,2.5,3.2,3.7,0.9,3.6,3.5,1.5,1.7,4.7,4.7,5.7,0.6,3.479566474044681
2001:Q2,Other,3.2,3.3,4.1,3,2.4,2.9,3.7,4.6,2.5,4.2,4.2,4.8,1.8,3.705853523336616
2001:Q3,White,91.2,90.1,88.3,86.9,95.6,85.7,87.2,92.7,92.9,83.5,84.4,78.3,95.3,87.21523609206999
2001:Q3,Black,3.4,4.1,4.5,6.5,1,7.7,5.4,1.2,3,7.6,6.8,11.2,3,5.429995498471199
2001:Q3,Hispanic,2.1,2.5,3.1,3.7,0.9,3.6,3.6,1.5,1.6,4.7,4.7,5.6,0.7,3.644338822504991
2001:Q3,Other,3.2,3.4,4.1,2.9,2.4,3,3.7,4.6,2.5,4.1,4.1,4.9,1,3.7104295869538277
2001:Q4,White,91.3,90,88,86.7,95.6,85.6,87.1,92.8,92.9,82.8,83.6,78.1,95.4,87.0508111127008
2001:Q4,Black,3.5,4.1,4.6,6.5,1,7.8,5.8,1.3,3,7.9,7.1,11.3,2.8,5.775152308078606
2001:Q4,Hispanic,2.1,2.5,3.2,3.9,0.9,3.6,3.5,1.5,1.6,4.9,5,5.8,0.5,3.524072519502846
2001:Q4,Other,3.2,3.3,4.1,3,2.4,3,3.6,4.4,2.5,4.3,4.3,4.9,1.4,3.6499640597177523
2002:Q1,White,91.1,89.9,87.8,86.4,95.6,85.5,86.9,92.8,92.7,82.8,83.6,78,95.5,86.9402423280008
2002:Q1,Black,3.6,4.2,4.7,6.5,1,7.9,6,1.5,3.1,7.8,6.9,11.4,2.7,6.035434980626061
2002:Q1,Hispanic,2.2,2.6,3.4,4,0.9,3.6,3.4,1.5,1.7,5,5,5.8,0.4,3.420628075750251
2002:Q1,Other,3.1,3.3,4.1,3.1,2.4,2.9,3.6,4.3,2.5,4.4,4.5,4.8,1.4,3.603694615622884
2002:Q2,White,90.9,89.6,87.5,86.1,95.5,85.4,87.1,92.8,92.7,82.7,83.5,77.9,95.6,87.12212959430677
2002:Q2,Black,3.7,4.3,4.8,6.5,1.1,8,5.9,1.6,3.1,7.8,6.9,11.4,2.5,5.882924882781268
2002:Q2,Hispanic,2.3,2.7,3.5,4.2,1,3.6,3.4,1.5,1.7,5,5,5.8,0.3,3.4006143632307384
2002:Q2,Other,3.1,3.3,4.2,3.2,2.4,2.9,3.6,4.1,2.5,4.5,4.6,4.8,1.6,3.594331159681216
2002:Q3,White,90.7,89.4,87.3,86,95.4,85.3,87.3,92.7,92.7,82.3,83,77.7,95.6,87.34087976524499
2002:Q3,Black,3.8,4.5,4.9,6.4,1.2,8.1,5.7,1.7,3.1,7.8,6.9,11.5,2.3,5.685681976943888
2002:Q3,Hispanic,2.3,2.8,3.6,4.4,1.1,3.6,3.4,1.5,1.7,5.2,5.2,5.9,0.2,3.3841231614738314
2002:Q3,Other,3.1,3.4,4.3,3.2,2.3,2.9,3.6,4,2.5,4.7,4.8,4.8,1.9,3.5893150963372915
2002:Q4,White,90.7,89.3,87,85.9,95.3,85.2,87.1,92.9,92.8,81.9,82.6,77.6,95.7,87.10585687711713
2002:Q4,Black,3.9,4.5,4.9,6.2,1.3,8.3,6,1.8,3.1,7.9,7,11.6,2.2,6.004252806178835
2002:Q4,Hispanic,2.3,2.8,3.7,4.6,1.1,3.7,3.3,1.5,1.7,5.3,5.4,6,0.1,3.2932041485303474
2002:Q4,Other,3.1,3.4,4.4,3.3,2.3,2.9,3.6,3.8,2.4,4.9,5.1,4.9,2,3.596686168173676
2003:Q1,White,90.5,89,86.7,85.6,95.2,85.1,87,92.7,92.5,81.6,82.2,77.4,95.7,87.0147117954179
2003:Q1,Black,4,4.6,5,6.2,1.3,8.3,6.2,2,3.2,7.9,7,11.6,2.1,6.153479316565707
2003:Q1,Hispanic,2.4,2.9,3.8,4.7,1.2,3.7,3.2,1.6,1.8,5.4,5.5,6.1,0.2,3.220096238656726
2003:Q1,Other,3.1,3.4,4.5,3.5,2.3,2.9,3.6,3.7,2.5,5.1,5.3,4.9,2,3.6117126493596654
2003:Q2,White,90.4,88.9,86.4,85.3,95.2,84.9,86.6,92.7,92.4,81.4,81.8,77.2,96.1,86.62794328550622
2003:Q2,Black,4,4.6,5.1,6.2,1.3,8.4,6.6,2.1,3.2,7.8,7,11.6,2.1,6.610557353502056
2003:Q2,Hispanic,2.4,2.9,3.9,4.9,1.1,3.7,3.1,1.6,1.8,5.5,5.7,6.2,0.6,3.109756641559849
2003:Q2,Other,3.1,3.5,4.6,3.6,2.4,3,3.7,3.6,2.6,5.2,5.5,5,1.2,3.651742719431874
2003:Q3,White,90.3,88.8,86.1,85.2,95.1,84.8,86.5,92.6,92.2,81.2,81.6,77.1,96.1,86.47488410940377
2003:Q3,Black,4.1,4.7,5.1,6,1.4,8.5,6.8,2.2,3.3,7.7,6.9,11.6,1.9,6.794695330510072
2003:Q3,Hispanic,2.4,3,4,5.1,1.1,3.7,3,1.7,1.9,5.6,5.7,6.2,0.5,3.0316947305033195
2003:Q3,Other,3.2,3.6,4.8,3.8,2.4,3,3.7,3.6,2.7,5.4,5.8,5.1,1.5,3.698725829582837
2003:Q4,White,90.2,88.7,85.9,85,95,84.7,86.1,92.5,92.1,80.8,81.1,76.9,95.5,86.13707114063439
2003:Q4,Black,4.1,4.7,5.1,5.8,1.4,8.6,7.2,2.3,3.2,7.7,6.9,11.6,1.7,7.150288298966773
2003:Q4,Hispanic,2.4,3,4.1,5.2,1.1,3.7,2.9,1.7,1.9,5.7,5.9,6.3,0.5,2.9394066735923285
2003:Q4,Other,3.2,3.6,4.9,3.9,2.5,3,3.8,3.5,2.7,5.7,6.1,5.2,2.3,3.7732338868065125
2004:Q1,White,90.1,88.6,85.5,84.7,94.9,84.6,86,92.3,92.3,80.5,80.8,76.7,95.6,85.99921062758071
2004:Q1,Black,4.1,4.7,5.2,5.8,1.4,8.6,7.3,2.4,3.1,7.7,6.8,11.6,1.6,7.286529838820822
2004:Q1,Hispanic,2.5,3,4.2,5.4,1.1,3.7,2.9,1.8,1.8,5.8,5.9,6.4,0.5,2.8639695948365755
2004:Q1,Other,3.3,3.7,5.1,4.1,2.6,3.1,3.9,3.5,2.8,6,6.4,5.3,2.3,3.850289938761891
2004:Q2,White,89.9,88.4,85.2,84.7,94.8,84.5,85.9,92,92.1,80.3,80.5,76.6,95.7,85.91238320377376
2004:Q2,Black,4.1,4.7,5.2,5.5,1.5,8.6,7.4,2.5,3.1,7.6,6.8,11.6,1.5,7.377337753084904
2004:Q2,Hispanic,2.5,3.1,4.3,5.6,1.1,3.7,2.8,1.9,1.9,5.8,6,6.4,0.6,2.7798745266467524
2004:Q2,Other,3.4,3.9,5.3,4.3,2.6,3.3,3.9,3.6,2.9,6.3,6.7,5.4,2.2,3.9304045164945873
2004:Q3,White,89.7,88.1,84.8,84.4,94.8,84.4,85.9,91.6,92.1,80,80.1,76.5,95.9,85.85595678344465
2004:Q3,Black,4.2,4.7,5.3,5.4,1.5,8.5,7.4,2.6,3.1,7.5,6.7,11.5,1.2,7.428136562607045
2004:Q3,Hispanic,2.6,3.1,4.4,5.7,1.1,3.6,2.7,2.1,1.9,5.9,6.1,6.4,0.5,2.695212468135359
2004:Q3,Other,3.6,4,5.6,4.5,2.6,3.4,4,3.7,3,6.6,7.1,5.6,2.4,4.020694185812945
2004:Q4,White,89.4,87.8,84.3,84.1,94.7,84.1,85.5,91.1,91.7,79.6,79.6,76.3,95.8,85.51215192097767
2004:Q4,Black,4.2,4.7,5.4,5.5,1.4,8.6,7.5,2.6,3.1,7.6,6.9,11.3,1.3,7.527634120829642
2004:Q4,Hispanic,2.6,3.2,4.6,5.7,1.1,3.6,2.8,2.2,1.9,6.1,6.2,6.5,0.8,2.7809505654212496
2004:Q4,Other,3.8,4.3,5.8,4.7,2.7,3.7,4.2,4.1,3.3,6.8,7.3,5.9,2,4.179263392771435
2005:Q1,White,89.1,87.5,83.8,83.8,94.7,83.8,85.4,90.6,91.5,78.8,78.6,76,95.6,85.4416170878624
2005:Q1,Black,4.2,4.8,5.4,5.6,1.4,8.6,7.4,2.5,3.2,7.8,7.2,11,1.2,7.390718341618941
2005:Q1,Hispanic,2.7,3.3,4.7,5.7,1.2,3.6,2.9,2.4,1.9,6.3,6.5,6.8,0.9,2.8590431241810625
2005:Q1,Other,4,4.5,6,4.9,2.8,4,4.3,4.5,3.4,7.1,7.6,6.2,2.2,4.308621446337602
2005:Q2,White,88.9,87.1,83.3,83.4,94.6,83.6,85.3,90,91.3,78.3,78,75.8,95.2,85.27023151299124
2005:Q2,Black,4.2,4.8,5.5,5.8,1.3,8.6,7.3,2.5,3.2,7.8,7.4,10.8,1.2,7.3406879082788965
2005:Q2,Hispanic,2.7,3.3,4.9,5.6,1.2,3.5,2.9,2.6,1.9,6.5,6.7,6.9,1.1,2.926758888288579
2005:Q2,Other,4.2,4.7,6.3,5.2,2.9,4.3,4.5,4.9,3.6,7.4,7.9,6.5,2.4,4.462321690441275
2005:Q3,White,88.6,86.8,82.9,83.2,94.6,83.3,85.1,89.4,91,77.8,77.5,75.6,95,85.1018610294512
2005:Q3,Black,4.1,4.8,5.6,5.7,1.2,8.6,7.3,2.4,3.2,7.9,7.5,10.5,1.1,7.303528088169897
2005:Q3,Hispanic,2.8,3.4,5,5.6,1.2,3.5,3,2.8,1.9,6.6,6.8,7,1.3,2.9789900936828384
2005:Q3,Other,4.5,5,6.5,5.4,3,4.6,4.6,5.5,3.9,7.7,8.2,6.9,2.5,4.615620788696063
2005:Q4,White,88.4,86.6,82.5,83,94.6,83.1,85,88.8,90.8,77.3,77,75.4,94.5,84.95034299296267
2005:Q4,Black,4.1,4.7,5.6,5.7,1.1,8.6,7.3,2.4,3.2,7.9,7.7,10.3,0.9,7.25022151330695
2005:Q4,Hispanic,2.8,3.4,5,5.6,1.2,3.4,3,2.9,1.9,6.7,6.9,7,1.5,3.0282412599864985
2005:Q4,Other,4.7,5.3,6.8,5.6,3.1,5,4.8,5.9,4,8,8.5,7.3,3.1,4.771194233743867
2006:Q1,White,88.3,86.5,82.3,82.6,94.5,82.8,84.8,88.3,90.6,77.1,76.7,75.3,94.3,84.80715249745614
2006:Q1,Black,4,4.7,5.6,5.9,1.1,8.6,7.2,2.3,3.2,7.9,7.7,10,1,7.192671332655768
2006:Q1,Hispanic,2.8,3.4,5.1,5.5,1.2,3.3,3.1,3,2,6.8,6.9,7.1,1.8,3.074025674380514
2006:Q1,Other,4.9,5.5,7,5.9,3.3,5.3,4.9,6.3,4.2,8.3,8.7,7.6,2.9,4.926150495507569
2006:Q2,White,88.1,86.2,82,82.5,94.5,82.5,84.8,87.8,90.5,76.6,76.2,75,94,84.78214190263674
2006:Q2,Black,4,4.7,5.6,5.9,1,8.6,7,2.2,3.2,7.9,7.8,9.8,1,7.044883450609419
2006:Q2,Hispanic,2.8,3.4,5.1,5.5,1.2,3.3,3.1,3.1,2,6.9,7,7.2,2,3.1237381933705164
2006:Q2,Other,5.1,5.7,7.3,6.2,3.3,5.6,5,6.8,4.4,8.6,9,8,3,5.049236453383328
2006:Q3,White,88,86,81.7,82.3,94.4,82.2,84.6,87.3,90.3,76.2,75.7,74.7,93.8,84.64499235632945
2006:Q3,Black,3.9,4.6,5.6,5.8,0.9,8.6,7,2.2,3.2,8,7.9,9.7,1,6.998101894334595
2006:Q3,Hispanic,2.7,3.4,5.1,5.5,1.2,3.2,3.2,3.3,1.9,7,7.1,7.2,2.2,3.165668944457928
2006:Q3,Other,5.4,6,7.5,6.4,3.4,6,5.2,7.2,4.6,8.9,9.3,8.4,3,5.1912368048780255
2006:Q4,White,87.8,85.8,81.5,82.1,94.3,81.9,84.5,86.8,90,75.9,75.3,74.4,93.6,84.46183376260831
2006:Q4,Black,3.9,4.6,5.6,5.9,0.9,8.5,7,2.2,3.2,8,8,9.5,1.2,7.001003752719076
2006:Q4,Hispanic,2.7,3.4,5.2,5.5,1.2,3.2,3.2,3.4,2,7,7.2,7.3,2.5,3.2027219030335945
2006:Q4,Other,5.6,6.2,7.7,6.6,3.6,6.3,5.3,7.7,4.8,9.1,9.5,8.8,2.7,5.334440581639019
2007:Q1,White,87.7,85.7,81.3,81.6,94.3,81.6,84.4,86.4,89.8,75.6,75.1,74.1,93.5,84.36031123889443
2007:Q1,Black,3.9,4.6,5.6,6.1,0.8,8.6,6.9,2.1,3.2,8,8,9.5,1.1,6.94536533495256
2007:Q1,Hispanic,2.7,3.4,5.2,5.4,1.2,3.1,3.3,3.4,2,7.1,7.2,7.3,2.6,3.2505438068780395
2007:Q1,Other,5.7,6.3,7.9,6.9,3.7,6.6,5.4,8,5,9.3,9.7,9.1,2.9,5.4437796192749754
2007:Q2,White,87.6,85.5,81.1,81.3,94.2,81.4,84.1,86,89.6,75.4,74.7,73.9,93.7,84.1448966930338
2007:Q2,Black,3.9,4.6,5.7,6.2,0.8,8.6,7,2.1,3.3,8,8.1,9.3,1.2,6.985551132188969
2007:Q2,Hispanic,2.7,3.4,5.3,5.4,1.2,3.2,3.3,3.5,2,7.1,7.3,7.4,2.7,3.296512346472148
2007:Q2,Other,5.9,6.5,8,7.1,3.8,6.8,5.6,8.4,5.1,9.5,9.9,9.4,2.4,5.573039828305083
2007:Q3,White,87.6,85.4,80.9,81,94.2,81.2,84,85.6,89.8,74.8,74.2,73.5,92.7,83.99637575107226
2007:Q3,Black,3.8,4.5,5.7,6.3,0.7,8.7,7,2.1,3.1,8.2,8.2,9.3,1.1,6.98331518293832
2007:Q3,Hispanic,2.7,3.5,5.3,5.4,1.3,3.2,3.4,3.6,1.9,7.3,7.5,7.5,3.1,3.356837108907
2007:Q3,Other,5.9,6.6,8.2,7.3,3.8,6.9,5.7,8.7,5.1,9.7,10.1,9.7,3.2,5.663471957082418
2007:Q4,White,87.6,85.4,80.9,80.8,94,81.1,84.1,85.7,89.8,74.8,74.3,73.1,92.7,84.05360797173739
2007:Q4,Black,3.8,4.5,5.7,6.3,0.7,8.7,6.7,2,3.1,8,8.1,9.4,1.2,6.716381496636912
2007:Q4,Hispanic,2.6,3.4,5.2,5.5,1.3,3.2,3.4,3.6,1.9,7.2,7.4,7.5,2.9,3.351609567543492
2007:Q4,Other,6,6.7,8.2,7.4,4,6.9,5.9,8.7,5.2,9.9,10.3,10,3.2,5.878400964082207
2008:Q1,White,87.6,85.4,80.9,80.6,93.8,81.1,84.3,86.1,89.9,74.9,74.4,72.7,92.9,84.25567896574849
2008:Q1,Black,3.8,4.5,5.6,6.3,0.8,8.8,6.3,2,3,7.9,7.9,9.7,1.5,6.342962259933381
2008:Q1,Hispanic,2.6,3.4,5.1,5.5,1.3,3.2,3.4,3.4,1.8,7.1,7.3,7.5,2.8,3.3688295412487674
2008:Q1,Other,6,6.7,8.3,7.5,4.2,6.9,6,8.5,5.3,10,10.4,10.1,2.8,6.032529233069372
2008:Q2,White,87.6,85.3,81,80.6,93.5,81,84.3,86.3,89.9,75.1,74.9,72.4,92.3,84.29047884826653
2008:Q2,Black,3.8,4.5,5.6,6.2,0.8,8.8,6.1,2,3,7.7,7.5,9.8,1.4,6.1237014870862945
2008:Q2,Hispanic,2.6,3.4,5,5.7,1.3,3.3,3.4,3.4,1.8,6.9,7.1,7.4,2.6,3.3730594098190694
2008:Q2,Other,6,6.8,8.4,7.5,4.4,6.8,6.2,8.3,5.4,10.2,10.5,10.3,3.7,6.212760254828098
2008:Q3,White,87.5,85.2,81.1,80.4,93.3,80.9,84.5,86.7,89.8,75.1,74.7,71.9,92.8,84.52502302563533
2008:Q3,Black,3.9,4.6,5.6,6.3,0.8,8.9,5.7,2,2.9,7.7,7.5,10.1,1.9,5.720641430098419
2008:Q3,Hispanic,2.5,3.4,5,5.8,1.4,3.3,3.4,3.3,1.8,7,7.1,7.5,2.6,3.4125328670789647
2008:Q3,Other,6.1,6.8,8.4,7.6,4.5,6.8,6.3,8.1,5.5,10.2,10.7,10.5,2.8,6.341802677187277
2008:Q4,White,87.5,85,81.2,80.1,93,80.9,85.1,87.1,89.7,74.7,74.8,71.5,89.6,85.06733161061344
2008:Q4,Black,3.9,4.7,5.6,6.4,0.9,9,5.1,2,2.8,7.8,7.4,10.3,1.6,5.084862845250973
2008:Q4,Hispanic,2.6,3.4,4.9,5.8,1.5,3.4,3.5,3.1,1.7,7,7.1,7.6,2.5,3.473585445990183
2008:Q4,Other,6,6.9,8.4,7.7,4.6,6.7,6.4,7.8,5.7,10.6,10.8,10.6,6.3,6.374220098145404
2009:Q1,White,87.6,85,81.2,79.9,92.7,80.8,85.2,87.6,89.9,74.4,74.7,71,89.1,85.2140117427695
2009:Q1,Black,3.9,4.7,5.5,6.4,0.9,9.2,4.8,1.9,2.8,7.8,7.4,10.7,1.5,4.769563185631069
2009:Q1,Hispanic,2.5,3.4,4.8,5.9,1.5,3.5,3.5,3,1.7,7.1,7.1,7.8,2.2,3.5112407637889635
2009:Q1,Other,5.9,6.9,8.4,7.7,4.8,6.5,6.5,7.4,5.7,10.7,10.8,10.6,7.2,6.5051843078104685
2009:Q2,White,87.7,85.2,81.4,79.8,92.4,80.8,84.8,88.5,89.8,74.6,74.9,70.7,89.2,84.82866904201126
2009:Q2,Black,4,4.7,5.5,6.4,1,9.3,4.9,1.9,2.9,7.7,7.2,10.9,1.7,4.914381895949464
2009:Q2,Hispanic,2.4,3.3,4.7,6.1,1.4,3.5,3.5,2.8,1.7,7,7,7.8,2,3.5032823466641516
2009:Q2,Other,5.9,6.8,8.4,7.7,5.3,6.4,6.8,6.8,5.6,10.7,10.9,10.6,7,6.753666715375127
2009:Q3,White,87.8,85.3,81.5,79.8,92.1,80.7,84.4,88.8,89.6,74.6,75,70.2,89.3,84.4389676721202
2009:Q3,Black,3.9,4.7,5.5,6.3,1,9.4,5.1,1.9,2.9,7.7,7.2,11.2,2,5.083529838389381
2009:Q3,Hispanic,2.4,3.2,4.6,6.2,1.2,3.6,3.5,2.7,1.7,6.9,7,7.9,1.9,3.4974702172524084
2009:Q3,Other,5.9,6.8,8.4,7.7,5.7,6.3,7,6.6,5.8,10.7,10.9,10.7,6.7,6.980032272238009
2009:Q4,White,87.6,85.2,81.5,79.6,91.8,80.6,84.3,89.3,89.3,74.8,75.3,69.9,89.8,84.28841884434175
2009:Q4,Black,4,4.7,5.5,6.4,1,9.5,5.1,1.9,3,7.6,6.9,11.5,2.2,5.054943957736299
2009:Q4,Hispanic,2.4,3.2,4.6,6.3,1.2,3.6,3.5,2.6,1.7,6.8,6.8,7.9,1.8,3.512582167246112
2009:Q4,Other,6,6.9,8.3,7.7,6,6.2,7.1,6.3,6,10.7,10.9,10.7,6.2,7.144055030675833
2010:Q1,White,87.5,85.2,81.6,79.5,91.6,80.5,84.2,89.3,89.4,75.2,75.7,69.5,89.1,84.1759728150098
2010:Q1,Black,4.1,4.7,5.5,6.5,1,9.6,5,1.9,3,7.5,6.7,11.9,2.9,5.019712434355035
2010:Q1,Hispanic,2.4,3.2,4.6,6.4,1.1,3.7,3.5,2.6,1.6,6.7,6.7,7.9,1.9,3.5211002660478794
2010:Q1,Other,6,6.9,8.3,7.7,6.3,6.1,7.3,6.3,5.9,10.7,11,10.7,6,7.283214484587284
2010:Q2,White,87.3,85.1,81.7,79.4,91.3,80.5,84.4,89.1,89.4,75.6,76.2,69.4,89.2,84.44095983716291
2010:Q2,Black,4.2,4.7,5.5,6.5,1,9.7,4.7,1.9,3,7.3,6.4,12.1,3.1,4.65394700280583
2010:Q2,Hispanic,2.4,3.2,4.5,6.4,1.1,3.7,3.6,2.6,1.6,6.5,6.4,7.8,1.8,3.554640407003453
2010:Q2,Other,6.1,7,8.3,7.7,6.5,6.1,7.4,6.4,6.1,10.6,10.9,10.7,5.9,7.350452753027809
2010:Q3,White,87.2,85.2,81.8,79.4,91.1,80.4,84.2,89.2,89.2,75.9,76.7,69.1,89.6,84.18879556818565
2010:Q3,Black,4.2,4.7,5.5,6.4,1.1,9.8,4.8,1.9,3,7.2,6.1,12.4,3.1,4.764876000488497
2010:Q3,Hispanic,2.4,3.1,4.4,6.5,1,3.7,3.5,2.6,1.6,6.3,6.3,7.8,1.5,3.542246793369948
2010:Q3,Other,6.2,7,8.2,7.7,6.8,6.1,7.5,6.4,6.3,10.6,10.9,10.7,5.8,7.504081637955898
2010:Q4,White,87.4,85.3,81.9,79.3,91.3,80.3,84,89,89.6,75.9,76.7,69.3,90.1,83.98508684580295
2010:Q4,Black,4.1,4.7,5.5,6.5,1.1,9.8,5,1.9,2.9,7.2,6.2,12.3,3,5.007179751591747
2010:Q4,Hispanic,2.3,3,4.4,6.4,1,3.6,3.4,2.6,1.5,6.3,6.2,7.6,1.5,3.407151281859533
2010:Q4,Other,6.2,7,8.3,7.7,6.6,6.2,7.6,6.5,5.9,10.6,10.9,10.8,5.4,7.600582120745776
2011:Q1,White,87.4,85.4,82,79.3,91.4,80.4,84,88.9,89.5,76,76.7,69.5,91,83.97201518159727
2011:Q1,Black,4.1,4.6,5.4,6.6,1.1,9.8,5.1,2,2.9,7.2,6.2,12.4,2.8,5.126257955374487
2011:Q1,Hispanic,2.3,2.9,4.3,6.4,1,3.5,3.3,2.6,1.5,6.2,6.2,7.5,1.5,3.2639481520350753
2011:Q1,Other,6.2,7,8.3,7.8,6.5,6.3,7.6,6.5,6,10.5,10.9,10.6,4.7,7.637778710993162
2011:Q2,White,87.5,85.5,82.1,79.2,91.5,80.4,84.1,89,89.7,76.1,76.7,69.8,91.5,84.07240469418976
2011:Q2,Black,4.1,4.6,5.3,6.7,1.2,9.9,5.1,2.1,2.9,7.3,6.2,12.4,2.6,5.1268993437643395
2011:Q2,Hispanic,2.2,2.9,4.3,6.3,1,3.4,3.1,2.5,1.5,6.1,6.1,7.3,1.4,3.1271536558147033
2011:Q2,Other,6.2,6.9,8.3,7.8,6.3,6.3,7.7,6.4,5.9,10.5,10.9,10.5,4.5,7.673542306231199
2011:Q3,White,87.6,85.6,82.2,79.5,91.5,80.5,84.6,88.9,89.8,76.1,76.8,70,91.5,84.62840650165715
2011:Q3,Black,4.1,4.7,5.2,6.5,1.3,9.9,4.7,2.1,2.8,7.3,6.3,12.4,2.5,4.730440727667829
2011:Q3,Hispanic,2.2,2.9,4.2,6.2,1.1,3.2,3,2.5,1.4,6,6.1,7.2,1.4,2.9770320745942516
2011:Q3,Other,6.2,6.9,8.4,7.8,6.1,6.4,7.7,6.4,5.9,10.5,10.9,10.4,4.6,7.664120696080776
2011:Q4,White,87.7,85.7,82.3,79.5,91.7,80.6,84.6,88.8,89.8,76.1,76.8,70.3,91.3,84.55873990767047
2011:Q4,Black,4.1,4.6,5.1,6.6,1.3,9.9,4.9,2.2,2.8,7.4,6.3,12.4,2.4,4.903070948787324
2011:Q4,Hispanic,2.1,2.8,4.1,6.1,1,3.1,2.8,2.5,1.4,6,6,7,1.3,2.8265528672366416
2011:Q4,Other,6.2,6.9,8.4,7.8,5.9,6.4,7.7,6.5,5.9,10.5,10.9,10.3,5,7.711636276305554
2012:Q1,White,87.7,85.8,82.4,79.4,91.8,80.7,84.3,88.8,89.9,76.4,77,70.6,92,84.32603380016128
2012:Q1,Black,4.1,4.6,5.1,6.7,1.3,9.9,5.2,2.2,2.8,7.3,6.2,12.4,2.2,5.200744142693854
2012:Q1,Hispanic,2,2.7,4.1,6,1,2.9,2.7,2.5,1.4,5.8,5.9,6.8,1.3,2.696230321758711
2012:Q1,Other,6.2,6.9,8.4,7.9,5.9,6.5,7.8,6.5,5.8,10.4,10.9,10.2,4.4,7.776991735386147
2012:Q2,White,87.8,85.9,82.4,79.6,91.9,80.8,84.6,88.7,90,76.6,77.1,71,92.2,84.64954707984589
2012:Q2,Black,4,4.6,5,6.6,1.4,9.9,5.1,2.3,2.8,7.3,6.3,12.3,2.1,5.05481966777895
2012:Q2,Hispanic,2,2.6,4.1,5.9,1,2.8,2.5,2.4,1.4,5.7,5.8,6.6,1.2,2.5254791816763893
2012:Q2,Other,6.2,6.9,8.5,7.9,5.7,6.5,7.8,6.5,5.9,10.4,10.9,10.1,4.4,7.770154070698779
2012:Q3,White,87.9,86,82.4,79.8,92,80.9,84.6,88.5,90.2,76.5,77,71.2,92.6,84.60948169985744
2012:Q3,Black,4,4.5,4.9,6.5,1.4,9.9,5.2,2.4,2.7,7.5,6.4,12.3,2,5.197448670404804
2012:Q3,Hispanic,1.9,2.6,4,5.8,1,2.7,2.4,2.5,1.3,5.7,5.8,6.5,1.2,2.3882222949403538
2012:Q3,Other,6.2,6.9,8.7,7.9,5.5,6.5,7.8,6.6,5.8,10.3,10.9,10,4.2,7.8048473347974
2012:Q4,White,87.8,86,82.4,79.9,92.2,81,84.7,88.4,90.1,76.8,77.3,71.7,92.7,84.72448943436724
2012:Q4,Black,4,4.5,4.9,6.5,1.5,9.9,5.2,2.4,2.7,7.4,6.3,12.2,1.7,5.203805961265251
2012:Q4,Hispanic,1.9,2.5,4,5.7,1,2.5,2.2,2.5,1.3,5.5,5.6,6.2,1.1,2.2397329819980185
2012:Q4,Other,6.3,6.9,8.7,7.9,5.4,6.6,7.8,6.7,5.9,10.3,10.8,9.9,4.5,7.831971622369488
2013:Q1,White,87.8,86,82.2,79.8,92.2,80.9,84.6,88.3,90,76.3,76.6,71.6,93.2,84.57597307387145
2013:Q1,Black,4,4.5,4.9,6.6,1.5,9.9,5.4,2.5,2.7,7.7,6.7,12.2,1.6,5.42708594312488
2013:Q1,Hispanic,1.9,2.5,4.1,5.6,0.9,2.4,2.1,2.5,1.3,5.7,5.8,6.3,1.1,2.1249011044943824
2013:Q1,Other,6.4,7,8.8,7.9,5.4,6.7,7.9,6.8,6.1,10.3,10.9,9.8,4.1,7.87203987850929
2013:Q2,White,87.6,85.9,82,79.9,92.3,80.7,84.7,88,89.8,76.4,76.6,72,93.5,84.66931906528377
2013:Q2,Black,4,4.6,4.9,6.6,1.5,9.9,5.4,2.5,2.8,7.7,6.8,12.1,1.5,5.444684010609407
2013:Q2,Hispanic,1.9,2.5,4.1,5.6,0.9,2.4,2,2.5,1.3,5.6,5.8,6.2,1.1,1.9830922547989551
2013:Q2,Other,6.5,7.1,9,7.9,5.2,7,7.9,6.9,6.2,10.3,10.9,9.7,3.9,7.9029046693078575
2013:Q3,White,87.5,85.8,81.9,80.1,92.4,80.5,84.5,87.7,89.7,76.3,76.4,72.1,93.9,84.51118231135382
2013:Q3,Black,4,4.6,4.8,6.4,1.5,9.9,5.7,2.6,2.8,7.8,6.9,12.2,1.3,5.655906730520137
2013:Q3,Hispanic,1.9,2.4,4.1,5.5,0.9,2.3,1.9,2.6,1.3,5.6,5.8,6.1,1,1.8810540689110384
2013:Q3,Other,6.7,7.2,9.1,7.9,5.2,7.3,8,7.1,6.3,10.3,10.9,9.7,3.8,7.951856889215001
2013:Q4,White,87.2,85.6,81.7,80,92.4,80.1,83.9,87.9,89.3,76.3,76.3,71.6,93.8,83.94293658838102
2013:Q4,Black,4.1,4.6,4.9,6.5,1.5,9.8,5.9,2.6,2.9,7.9,6.9,12.3,1.7,5.862274831206118
2013:Q4,Hispanic,2,2.5,4.2,5.6,1,2.5,2.1,2.5,1.4,5.6,5.8,6.2,1.4,2.1369369972993235
2013:Q4,Other,6.7,7.2,9.2,7.9,5.1,7.5,8.1,7,6.4,10.2,10.9,9.8,3.1,8.05785158311354
2014:Q1,White,87.1,85.5,81.6,79.8,92.3,79.8,83.6,88.2,88.9,76.1,76.3,71,93.3,83.61161788365973
2014:Q1,Black,4.1,4.6,5,6.7,1.5,9.8,5.9,2.5,3.1,7.9,6.9,12.6,1.7,5.876192438298135
2014:Q1,Hispanic,2.1,2.6,4.3,5.6,1.1,2.7,2.4,2.4,1.6,5.7,5.8,6.4,1.5,2.350600764944092
2014:Q1,Other,6.8,7.3,9.2,7.9,5.1,7.7,8.2,6.8,6.5,10.3,11,9.9,3.5,8.161588913098042
2014:Q2,White,86.9,85.3,81.4,79.6,92.3,79.4,83.2,88.4,88.5,76,76.3,70.6,92.5,83.19740517931787
2014:Q2,Black,4.1,4.7,5,6.8,1.4,9.9,6,2.5,3.2,7.9,6.8,12.8,1.8,5.966466360353517
2014:Q2,Hispanic,2.2,2.7,4.4,5.6,1.1,2.8,2.6,2.4,1.7,5.7,5.8,6.5,1.6,2.567767688204636
2014:Q2,Other,6.8,7.3,9.2,7.9,5.2,7.8,8.3,6.8,6.6,10.4,11,10.1,4.1,8.268360772123984
2014:Q3,White,86.7,85.1,81.2,79.4,92.3,79.1,83,88.4,88.1,75.5,76.2,70,90.8,82.96177620921169
2014:Q3,Black,4.2,4.7,5.1,7,1.4,9.9,5.9,2.5,3.3,8,6.8,13.1,1.6,5.895281506968107
2014:Q3,Hispanic,2.3,2.8,4.5,5.7,1.2,3,2.8,2.3,1.8,5.8,5.9,6.7,1.5,2.7663014903886594
2014:Q3,Other,6.9,7.4,9.3,7.9,5.1,8,8.4,6.8,6.7,10.6,11.1,10.2,6.1,8.376640793431541
2014:Q4,White,86.5,84.9,81,79.1,92.2,78.7,82.6,88.5,87.7,75.2,76.1,69.4,89.7,82.5751820677221
2014:Q4,Black,4.2,4.7,5.2,7.2,1.4,9.9,6,2.5,3.5,8.1,6.8,13.3,1.6,5.955488061822177
2014:Q4,Hispanic,2.4,2.9,4.5,5.8,1.3,3.2,3,2.3,2,5.9,5.9,6.9,1.6,2.9757243443981647
2014:Q4,Other,6.9,7.5,9.3,8,5.1,8.2,8.5,6.8,6.9,10.8,11.2,10.4,7.1,8.493605526057555
2015:Q1,White,86.2,84.7,80.7,78.8,92.2,78.3,82.2,88.5,87.1,74.9,75.9,68.8,88.7,82.21099411589616
2015:Q1,Black,4.2,4.8,5.3,7.4,1.4,10,6,2.4,3.6,8.2,6.8,13.6,1.7,6.003369876233658
2015:Q1,Hispanic,2.5,3,4.6,5.8,1.4,3.3,3.2,2.3,2.1,6.1,6,7.1,1.8,3.1788146745002623
2015:Q1,Other,7,7.5,9.4,8,5.1,8.4,8.6,6.7,7.1,10.9,11.2,10.5,7.8,8.606821333369922
2015:Q2,White,86,84.4,80.5,78.5,92.1,77.9,81.9,88.6,86.6,74.5,75.6,68.3,87.8,81.89783346918315
2015:Q2,Black,4.3,4.9,5.4,7.6,1.4,10,6,2.4,3.8,8.3,6.9,13.7,1.8,5.984807692145641
2015:Q2,Hispanic,2.7,3.1,4.8,5.9,1.4,3.5,3.4,2.3,2.3,6.2,6.1,7.3,1.9,3.383196297758255
2015:Q2,Other,7.1,7.6,9.4,8,5.1,8.5,8.7,6.7,7.3,11,11.3,10.7,8.5,8.734162540912948
2015:Q3,White,85.7,84.1,80.2,78.4,92.1,77.6,81.8,88.7,86.3,74,75.4,67.7,86.5,81.78634964312468
2015:Q3,Black,4.3,4.9,5.4,7.6,1.4,10,5.7,2.4,3.9,8.5,7,14,1.9,5.738990774522375
2015:Q3,Hispanic,2.8,3.3,4.8,6,1.6,3.7,3.6,2.3,2.4,6.3,6.2,7.5,2.1,3.597248415127505
2015:Q3,Other,7.1,7.7,9.5,8,4.9,8.7,8.9,6.6,7.4,11.2,11.4,10.8,9.6,8.877411167225443
2015:Q4,White,85.5,83.9,80,78.2,92,77.2,81.3,88.8,85.8,73.7,75.2,67.2,84.9,81.33063993966302
2015:Q4,Black,4.4,5,5.5,7.7,1.4,10.1,5.9,2.4,4,8.5,7,14.2,2.1,5.8663685720909156
2015:Q4,Hispanic,2.9,3.4,4.8,6.1,1.6,3.9,3.8,2.2,2.6,6.5,6.3,7.7,2.3,3.7974500723000926
2015:Q4,Other,7.2,7.8,9.6,8,4.9,8.9,9,6.6,7.6,11.3,11.5,10.9,10.7,9.00554141594597
2016:Q1,White,85.3,83.7,79.8,77.9,92,76.8,81,89,85.4,73.3,74.9,66.6,83.6,80.9633818528246
2016:Q1,Black,4.4,5,5.6,7.9,1.3,10.1,5.9,2.4,4.2,8.7,7.1,14.5,2.3,5.911514112510114
2016:Q1,Hispanic,3,3.5,4.9,6.2,1.7,4,4,2.1,2.7,6.6,6.4,8,2.5,3.993166259755384
2016:Q1,Other,7.3,7.9,9.7,8,4.9,9.1,9.1,6.4,7.7,11.4,11.6,11,11.6,9.131937774909902
2016:Q2,White,85.1,83.4,79.5,77.5,91.9,76.5,80.6,89.1,85,72.9,74.6,66.1,82.8,80.57233750398312
2016:Q2,Black,4.5,5.1,5.7,8.2,1.3,10.1,6,2.4,4.3,8.8,7.2,14.6,2.4,5.98149171398766
2016:Q2,Hispanic,3.1,3.6,5.1,6.2,1.8,4.2,4.2,2.1,2.8,6.7,6.5,8.1,2.6,4.1821271823350585
2016:Q2,Other,7.3,7.9,9.7,8.1,5,9.2,9.3,6.4,7.9,11.6,11.7,11.1,12.1,9.264043599694164
2016:Q3,White,84.9,83.3,79.3,77.6,91.9,76.2,80.2,89.1,84.6,72.5,74.3,65.6,82.1,80.16649692297617
2016:Q3,Black,4.5,5.1,5.7,8.1,1.3,10.2,6.1,2.4,4.5,8.9,7.2,14.8,2.5,6.095256410167404
2016:Q3,Hispanic,3.1,3.6,5.1,6.3,1.8,4.3,4.4,2.1,3,6.9,6.7,8.3,2.8,4.353167773645458
2016:Q3,Other,7.4,8,9.9,8,5,9.3,9.4,6.4,8,11.7,11.8,11.3,12.7,9.38507889321097
2016:Q4,White,84.8,83.1,79,77.6,91.6,76.2,80,88.9,84.4,72.2,74,65.4,82.2,80.04478334795039
2016:Q4,Black,4.5,5.1,5.7,8,1.3,10.3,6.2,2.3,4.5,9,7.3,14.8,2.3,6.216622746267459
2016:Q4,Hispanic,3.1,3.6,5.1,6.4,1.7,4.3,4.3,2.1,3,6.9,6.7,8.3,2.8,4.3335139988052545
2016:Q4,Other,7.6,8.1,10.1,8,5.3,9.2,9.4,6.6,8.1,11.9,12,11.5,12.7,9.405079906976894
2017:Q1,White,84.6,82.9,78.8,77.5,91.4,76.3,79.8,88.7,84.2,72,73.7,65.1,83.4,79.7636750282932
2017:Q1,Black,4.6,5.2,5.8,8,1.3,10.4,6.5,2.3,4.6,9,7.3,15,2.2,6.52320786322801
2017:Q1,Hispanic,3.1,3.6,5.2,6.5,1.6,4.3,4.3,2.1,2.9,7,6.8,8.3,2.7,4.28753152833467
2017:Q1,Other,7.7,8.3,10.3,8.1,5.7,9,9.4,6.9,8.3,12,12.2,11.6,11.8,9.42558558014412
2017:Q2,White,84.5,82.8,78.5,77.5,91.1,76.3,79.6,88.2,84.2,71.9,73.5,65,84.1,79.55502104630186
2017:Q2,Black,4.6,5.2,5.8,7.9,1.3,10.5,6.7,2.3,4.6,9,7.3,15,2.3,6.7481648816585675
2017:Q2,Hispanic,3.1,3.6,5.2,6.5,1.5,4.3,4.2,2.2,2.8,7,6.8,8.3,2.8,4.24514472379776
2017:Q2,Other,7.9,8.5,10.5,8.1,6.1,8.9,9.5,7.3,8.4,12.1,12.3,11.8,10.9,9.451669348241808
2017:Q3,White,84.3,82.7,78.2,77.5,90.9,76.4,79.3,88,84,71.7,73.2,64.8,84.9,79.34686635392252
2017:Q3,Black,4.6,5.2,5.8,7.8,1.3,10.6,7,2.3,4.6,9.1,7.4,15,2.1,6.984559717934541
2017:Q3,Hispanic,3,3.5,5.2,6.5,1.4,4.3,4.2,2.1,2.8,7,6.9,8.2,2.8,4.193291335900837
2017:Q3,Other,8.1,8.6,10.8,8.1,6.4,8.7,9.5,7.6,8.6,12.3,12.5,12,10.3,9.475282592242106
2017:Q4,White,84.3,82.6,78,77.6,90.7,76.5,79.1,87.7,83.9,71.5,73,64.7,86,79.139213723809
2017:Q4,Black,4.6,5.1,5.7,7.7,1.3,10.6,7.2,2.3,4.6,9.1,7.4,14.9,2.1,7.226661195095472
2017:Q4,Hispanic,2.9,3.5,5.2,6.6,1.2,4.3,4.1,2.2,2.7,7,7,8.2,2.8,4.13383452273446
2017:Q4,Other,8.3,8.8,11,8.1,6.8,8.5,9.5,7.9,8.8,12.4,12.7,12.2,9.1,9.50029055836107
2018:Q1,White,84.1,82.4,77.8,77.7,90.5,76.6,79.1,87.4,83.8,71.5,72.9,64.6,86.7,79.11275243455327
2018:Q1,Black,4.6,5.1,5.7,7.6,1.3,10.7,7.3,2.3,4.6,9,7.3,15,2.2,7.262658031573048
2018:Q1,Hispanic,2.9,3.4,5.2,6.6,1.1,4.3,4.1,2.2,2.6,7,6.9,8.1,2.8,4.090693292165152
2018:Q1,Other,8.4,9,11.2,8.2,7.1,8.4,9.5,8.2,9,12.5,12.9,12.3,8.3,9.533896241708534
2018:Q2,White,84,82.4,77.7,77.7,90.3,76.8,79,87.2,83.8,71.4,72.7,64.6,86.8,79.0303919843341
2018:Q2,Black,4.6,5.1,5.7,7.5,1.2,10.7,7.4,2.2,4.5,9,7.3,14.9,2.3,7.380116818218939
2018:Q2,Hispanic,2.9,3.4,5.2,6.6,1,4.3,4,2.2,2.5,7,6.9,8,2.9,4.028588172112324
2018:Q2,Other,8.6,9.1,11.4,8.2,7.5,8.2,9.6,8.4,9.2,12.6,13,12.4,8,9.560903025334632
2018:Q3,White,84,82.4,77.5,77.9,90.1,77,78.9,87,83.9,71.4,72.6,64.6,87.6,78.92978012262148
2018:Q3,Black,4.5,5.1,5.6,7.4,1.2,10.7,7.5,2.2,4.4,9,7.2,14.8,2.1,7.5445917558866356
2018:Q3,Hispanic,2.8,3.3,5.2,6.6,0.9,4.3,3.9,2.1,2.4,7,6.9,7.9,2.9,3.9492873684584957
2018:Q3,Other,8.7,9.3,11.6,8.2,7.8,8,9.6,8.7,9.3,12.7,13.2,12.6,7.4,9.57634075303339
2018:Q4,White,83.8,82.1,77.5,78.1,89.8,77.2,79.3,86.9,83.9,71.3,72.6,64.7,87.3,79.30618744020079
2018:Q4,Black,4.5,5.1,5.6,7.1,1.2,10.7,7.2,2.1,4.3,8.9,7.2,14.7,2.3,7.161880368515554
2018:Q4,Hispanic,2.8,3.3,5.1,6.6,0.9,4.2,3.9,2.1,2.3,6.9,6.9,7.8,3,3.9236119606588225
2018:Q4,Other,8.9,9.4,11.8,8.2,8.1,7.8,9.6,8.9,9.5,12.9,13.4,12.8,7.4,9.60832023062484
2019:Q1,White,83.9,82.3,77.4,78.1,89.7,77.5,79,86.6,84,71.4,72.6,64.7,88.4,79.03616831580707
2019:Q1,Black,4.4,5,5.5,7.2,1.2,10.7,7.5,2.1,4.2,8.8,7.1,14.6,1.9,7.528926294170561
2019:Q1,Hispanic,2.7,3.2,5.1,6.5,0.7,4.2,3.8,2.1,2.2,6.8,6.8,7.7,2.8,3.806698322732664
2019:Q1,Other,9.1,9.5,12,8.3,8.4,7.7,9.6,9.2,9.6,13,13.5,12.9,6.9,9.628207067289704
2019:Q2,White,83.9,82.3,77.3,78.2,89.5,77.7,79,86.3,84.1,71.4,72.5,64.9,89.1,78.99077467341166
2019:Q2,Black,4.4,4.9,5.5,7.1,1.2,10.6,7.6,2.1,4.1,8.7,7,14.4,1.9,7.644312236103926
2019:Q2,Hispanic,2.6,3.1,5.1,6.4,0.6,4.1,3.7,2.1,2,6.8,6.8,7.6,2.8,3.7100148076095003
2019:Q2,Other,9.2,9.7,12.1,8.3,8.7,7.5,9.7,9.5,9.8,13.1,13.7,13.1,6.2,9.654898282874907
2019:Q3,White,83.9,82.3,77.4,78.6,89.3,78.1,79.1,86.2,84.3,71.5,72.5,65,90.1,79.05592590113628
2019:Q3,Black,4.3,4.8,5.3,6.7,1.1,10.5,7.6,2,4,8.6,7,14.3,1.7,7.64908440899148
2019:Q3,Hispanic,2.5,3,4.9,6.4,0.5,4.1,3.6,2,1.9,6.7,6.7,7.4,2.7,3.6147241665111802
2019:Q3,Other,9.3,9.8,12.4,8.2,9.1,7.3,9.7,9.8,9.8,13.2,13.8,13.3,5.5,9.68026552336106
2019:Q4,White,83.9,82.4,77.3,78.7,89.3,78,78.9,86.1,84.2,71.4,72.5,65,90,78.8717216636086
2019:Q4,Black,4.2,4.8,5.3,6.6,1.1,10.4,7.8,2,4,8.6,6.9,14.1,1.8,7.776196202470478
2019:Q4,Hispanic,2.5,3,5,6.5,0.5,4.1,3.6,2.1,2,6.7,6.8,7.5,2.7,3.630318200372859
2019:Q4,Other,9.4,9.9,12.5,8.3,9.1,7.4,9.7,9.9,9.9,13.3,13.9,13.4,5.5,9.721763933548065
2020:Q1,White,83.6,82,77.2,78.7,89.1,78,79.4,86,84.5,71.5,72.6,65,89.4,79.39418464180349
2020:Q1,Black,4.3,4.9,5.4,6.6,1.2,10.4,7.2,2,3.9,8.6,6.9,14.2,2.2,7.249427591107029
2020:Q1,Hispanic,2.6,3.1,5,6.5,0.5,4.1,3.7,2.1,2,6.7,6.7,7.5,3,3.6702912296640924
2020:Q1,Other,9.4,9.9,12.4,8.2,9.2,7.4,9.7,9.9,9.7,13.2,13.8,13.3,5.4,9.68609653742539
2020:Q2,White,83.7,82.2,77,78.8,89.3,78,78.9,85.8,84.3,71.5,72.6,65,89.6,78.92562255966743
2020:Q2,Black,4.3,4.8,5.4,6.6,1.1,10.4,7.7,2,3.9,8.5,6.9,14.2,2,7.738569196428364
2020:Q2,Hispanic,2.6,3.1,5.1,6.5,0.5,4.1,3.6,2.1,2.1,6.7,6.7,7.5,2.9,3.603651214450753
2020:Q2,Other,9.5,9.9,12.5,8.2,9.1,7.5,9.7,10,9.7,13.3,13.9,13.3,5.5,9.732157029453447
2020:Q3,White,83.6,82.2,76.9,78.7,89.4,78,78.8,85.6,84,71.7,72.7,65,90.6,78.7676234352447
2020:Q3,Black,4.3,4.8,5.4,6.6,1.1,10.3,7.9,2,4,8.4,6.8,14.2,2,7.923919479373776
2020:Q3,Hispanic,2.6,3.1,5.1,6.5,0.5,4.1,3.6,2.2,2.1,6.7,6.7,7.5,2.8,3.5789918010818567
2020:Q3,Other,9.5,9.9,12.5,8.2,9,7.6,9.7,10.1,9.8,13.2,13.8,13.3,4.7,9.72946528429966
2020:Q4,White,83.6,82.3,76.8,78.6,89.5,77.9,78.5,85.4,83.8,72,72.9,65,91.3,78.48588141207308
2020:Q4,Black,4.3,4.7,5.5,6.6,1.1,10.3,8.2,2,4.1,8.3,6.7,14.2,2.1,8.229399306719353
2020:Q4,Hispanic,2.6,3,5.2,6.6,0.5,4.1,3.6,2.3,2.2,6.6,6.7,7.5,2.8,3.575232368102547
2020:Q4,Other,9.5,9.9,12.5,8.1,8.9,7.7,9.7,10.3,9.9,13.1,13.8,13.4,3.8,9.70948691310502
2021:Q1,White,83.5,82.3,76.6,78.5,89.6,77.9,78.4,85.2,83.5,72.2,73,64.9,91.8,78.41421625095103
2021:Q1,Black,4.3,4.8,5.6,6.8,1.1,10.4,8.4,2.1,4.3,8.4,6.7,14.4,2.2,8.389431165268094
2021:Q1,Hispanic,2.6,3.1,5.4,6.6,0.5,4.1,3.6,2.4,2.3,6.6,6.6,7.4,2.7,3.5582726714114026
2021:Q1,Other,9.5,9.9,12.4,8.1,8.9,7.6,9.6,10.4,9.9,12.9,13.7,13.3,3.3,9.638079912369472
2021:Q2,White,83.4,82.1,76.2,78.1,89.6,77.7,78.2,84.8,83.4,72.1,72.9,64.8,92,78.16517171477133
2021:Q2,Black,4.4,4.8,5.8,7,1.1,10.5,8.6,2.1,4.3,8.4,6.7,14.4,2.2,8.61403049770416
2021:Q2,Hispanic,2.7,3.1,5.5,6.7,0.5,4.1,3.6,2.5,2.4,6.6,6.6,7.4,2.7,3.5592765278271274
2021:Q2,Other,9.6,10,12.5,8.2,8.9,7.7,9.7,10.6,9.9,12.9,13.7,13.4,3.1,9.661521259697384
2021:Q3,White,83.1,81.9,75.8,77.9,89.5,77.6,78.1,84.3,83.3,71.8,72.6,64.6,92,78.07028557014665
2021:Q3,Black,4.4,4.8,5.9,7.1,1.1,10.5,8.6,2.1,4.3,8.4,6.8,14.3,2.3,8.586481935173985
2021:Q3,Hispanic,2.8,3.2,5.7,6.8,0.5,4.1,3.6,2.6,2.4,6.7,6.7,7.5,2.8,3.5761539829564586
2021:Q3,Other,9.7,10.1,12.6,8.2,9,7.8,9.8,11,10,13.1,13.9,13.5,3,9.767078511722914
2021:Q4,White,83,81.8,75.7,77.7,89.5,77.6,77.9,83.9,83.1,71.6,72.3,64.6,91.2,77.91501808496515
2021:Q4,Black,4.4,4.8,5.9,7.2,1.1,10.5,8.7,2.1,4.4,8.5,6.9,14.3,2.6,8.715405144236472
2021:Q4,Hispanic,2.8,3.2,5.8,6.9,0.5,4.2,3.6,2.7,2.5,6.8,6.9,7.6,3.1,3.590229076225302
2021:Q4,Other,9.8,10.2,12.7,8.3,9,7.8,9.8,11.2,10.1,13.1,13.9,13.6,3.2,9.779347694573069
2022:Q1,White,82.7,81.4,75.2,77.5,89.5,77.5,78.1,83.7,83.1,71.3,72,64.4,90.9,78.06188277015302
2022:Q1,Black,4.5,4.9,6.1,7.3,1.1,10.5,8.5,2.2,4.4,8.6,7.1,14.3,2.7,8.548146153461396
2022:Q1,Hispanic,3,3.4,6,6.9,0.5,4.2,3.6,2.8,2.5,6.9,7,7.7,3.1,3.616634827749622
2022:Q1,Other,9.9,10.2,12.7,8.3,9,7.8,9.8,11.3,10.1,13.1,13.9,13.6,3.3,9.773336248635957
2022:Q2,White,82.2,80.9,74.9,77.5,89.3,77.4,78.4,83.4,83.1,71.1,71.9,64.4,90.1,78.40269331969512
2022:Q2,Black,4.6,5.1,6.2,7.3,1.1,10.6,8.1,2.2,4.4,8.7,7.2,14.3,2.8,8.13566142847545
2022:Q2,Hispanic,3.2,3.6,6.1,7,0.5,4.2,3.7,2.9,2.5,7,7.1,7.7,3.3,3.670990082583437
2022:Q2,Other,10,10.4,12.7,8.2,9.1,7.8,9.8,11.5,10,13.2,13.9,13.6,3.9,9.790655169246
2022:Q3,White,82.1,80.8,75,77.4,89.1,77.3,78.5,83.2,83.2,71,71.8,64.3,89.8,78.48162690316074
2022:Q3,Black,4.6,5.1,6.1,7.3,1.1,10.6,7.9,2.2,4.3,8.7,7.1,14.3,2.9,7.946420945315225
2022:Q3,Hispanic,3.2,3.6,6.1,7,0.5,4.2,3.7,2.9,2.4,7,7.1,7.7,3.3,3.7065798749836336
2022:Q3,Other,10.1,10.5,12.8,8.3,9.2,7.9,9.9,11.7,10.1,13.3,14,13.8,4,9.865372276540407
2022:Q4,White,82.2,80.9,74.9,77.2,89.1,77.2,78.2,83.2,83.3,70.7,71.6,64.1,88.5,78.2429868548202
2022:Q4,Black,4.5,5,6.1,7.3,1.1,10.5,8.1,2.2,4.2,8.7,7.1,14.2,3,8.084816513193978
2022:Q4,Hispanic,3.1,3.5,6,7.1,0.5,4.2,3.7,2.9,2.3,7.1,7.1,7.7,3.5,3.700105911963172
2022:Q4,Other,10.2,10.6,13,8.4,9.3,8.1,10,11.7,10.2,13.6,14.1,14,5,9.972090720022653
2023:Q1,White,82.3,80.9,74.8,77.1,89,77,77.9,83,83.4,70.7,71.7,64,89,77.92390954543032
2023:Q1,Black,4.4,4.9,6,7.3,1.1,10.5,8.2,2.2,4,8.6,7,14.2,2.7,8.248235746284422
2023:Q1,Hispanic,3,3.5,6,7.1,0.5,4.3,3.7,2.9,2.2,7,7.1,7.7,3.4,3.707351391692295
2023:Q1,Other,10.3,10.7,13.1,8.5,9.4,8.2,10.1,11.9,10.4,13.7,14.3,14.2,4.9,10.120503316592968
